ServiceName,ServiceShortName,Page,SpanPrefix,Link,ExampleAction,,
Account access manager,account-access,list_account-access.html,,,,,
Alexa for Business,a4b,list_a4b.html,,,,,
Amazon AI Operations,aiops,list_aiops.html,,,,,
Amazon API Gateway,execute-api,list_apigatewaymanagementapi.html,list_apigatewaymanagementapi-action-,link,execute-api:InvalidateCache,,"[""InvalidateCache"",""Invoke"",""ManageConnections""]"
Amazon API Gateway Management,apigateway,list_apigateway.html,,link,,,
Amazon API Gateway Management V2,apigateway,list_apigatewayv2.html,list_apigatewayv2-action-,link,apigateway:CreatePortal,X,"[""CreatePortal"",""CreatePortalProduct"",""CreateProductPage"",""CreateProductRestEndpointPage"",""CreateRoutingRule"",""DELETE"",""DeletePortal"",""DeletePortalProduct"",""DeletePortalProductSharingPolicy"",""DeleteProductPage"",""DeleteProductRestEndpointPage"",""DeleteRoutingRule"",""DisablePortal"",""GET"",""GetPortal"",""GetPortalProduct"",""GetPortalProductSharingPolicy"",""GetProductPage"",""GetProductRestEndpointPage"",""GetRoutingRule"",""ListPortalProducts"",""ListPortals"",""ListProductPages"",""ListProductRestEndpointPages"",""ListRoutingRules"",""PATCH"",""POST"",""PUT"",""PreviewPortal"",""PublishPortal"",""PutPortalProductSharingPolicy"",""UpdatePortal"",""UpdatePortalProduct"",""UpdateProductPage"",""UpdateProductRestEndpointPage"",""UpdateRoutingRule""]"
Amazon AppFlow,appflow,list_appflow.html,,,,,
Amazon AppIntegrations,app-integrations,list_appintegrations.html,list_appintegrations-action-,link,app-integrations:CreateApplication,,"[""CreateApplication"",""CreateApplicationAssociation"",""CreateDataIntegration"",""CreateDataIntegrationAssociation"",""CreateDataIntegrationSchedule"",""CreateEventIntegration"",""CreateEventIntegrationAssociation"",""DeleteApplication"",""DeleteApplicationAssociation"",""DeleteDataIntegration"",""DeleteDataIntegrationAssociation"",""DeleteEventIntegration"",""DeleteEventIntegrationAssociation"",""GetApplication"",""GetDataIntegration"",""GetDataIntegrationExecution"",""GetDataIntegrationSchedule"",""GetEventIntegration"",""ListApplicationAssociations"",""ListApplications"",""ListDataIntegrationAssociations"",""ListDataIntegrationExecutions"",""ListDataIntegrationSchedules"",""ListDataIntegrations"",""ListEventIntegrationAssociations"",""ListEventIntegrations"",""ListTagsForResource"",""StartDataIntegrationExecution"",""TagResource"",""UntagResource"",""UpdateApplication"",""UpdateDataIntegration"",""UpdateDataIntegrationAssociation"",""UpdateDataIntegrationSchedule"",""UpdateEventIntegration""]"
Amazon Application Recovery Controller - Zonal Shift,arc-zonal-shift,list_arc-zonal-shift.html,,,,,
Amazon AppStream 2.0,appstream,list_appstream.html,,,,,
Amazon ARC Region switch,arc-region-switch,list_arc-region-switch.html,,,,,
Amazon Athena,athena,list_athena.html,,,,,
Amazon Aurora DSQL,dsql,list_dsql.html,,,,,
Amazon Bedrock,bedrock,list_bedrock.html,,,,,
Amazon Bedrock Agentcore,bedrock-agentcore,list_bedrock-agentcore.html,,,,,
Amazon Bedrock Powered by AWS Mantle,bedrock-mantle,list_bedrock-mantle.html,,,,,
Amazon Bedrock Web Search,bedrock-websearch,list_bedrock-websearch.html,,,,,
Amazon Bio Discovery,researchstudio,list_researchstudio.html,,,,,
Amazon Braket,braket,list_braket.html,,,,,
Amazon Chime,chime,list_chime.html,,,,,
Amazon Cloud Directory,clouddirectory,list_clouddirectory.html,,,,,
Amazon CloudFront,cloudfront,list_cloudfront.html,,,,,
Amazon CloudFront KeyValueStore,cloudfront-keyvaluestore,list_cloudfront-keyvaluestore.html,,,,,
Amazon CloudSearch,cloudsearch,list_cloudsearch.html,,,,,
Amazon CloudWatch,cloudwatch,list_cloudwatch.html,,,,,
Amazon CloudWatch Application Insights,applicationinsights,list_application-insights.html,list_application-insights-action-,link,applicationinsights:AddWorkload,,"[""AddWorkload"",""CreateApplication"",""CreateComponent"",""CreateLogPattern"",""DeleteApplication"",""DeleteComponent"",""DeleteLogPattern"",""DescribeApplication"",""DescribeComponent"",""DescribeComponentConfiguration"",""DescribeComponentConfigurationRecommendation"",""DescribeLogPattern"",""DescribeObservation"",""DescribeProblem"",""DescribeProblemObservations"",""DescribeWorkload"",""Link"",""ListApplications"",""ListComponents"",""ListConfigurationHistory"",""ListLogPatternSets"",""ListLogPatterns"",""ListProblems"",""ListTagsForResource"",""ListWorkloads"",""RemoveWorkload"",""TagResource"",""UntagResource"",""UpdateApplication"",""UpdateComponent"",""UpdateComponentConfiguration"",""UpdateLogPattern"",""UpdateProblem"",""UpdateWorkload""]"
Amazon CloudWatch Application Signals,application-signals,list_application-signals.html,,,,,
Amazon CloudWatch Application Signals MCP Server,application-signals-mcp,list_application-signals-mcp.html,,,,,
Amazon CloudWatch Evidently,evidently,list_evidently.html,,,,,
Amazon CloudWatch Internet Monitor,internetmonitor,list_internetmonitor.html,,,,,
Amazon CloudWatch Logs,logs,list_logs.html,,,,,
Amazon CloudWatch Network Synthetic Monitor,networkmonitor,list_networkmonitor.html,,,,,
Amazon CloudWatch Observability Access Manager,oam,list_oam.html,,,,,
Amazon CloudWatch Observability Admin Service,observabilityadmin,list_observabilityadmin.html,,,,,
Amazon CloudWatch Synthetics,synthetics,list_synthetics.html,,,,,
Amazon CodeCatalyst,codecatalyst,list_codecatalyst.html,,,,,
Amazon CodeGuru,codeguru,list_codeguru.html,,,,,
Amazon CodeGuru Profiler,codeguru-profiler,list_codeguruprofiler.html,list_codeguruprofiler-action-,link,codeguru-profiler:AddNotificationChannels,,"[""AddNotificationChannels"",""BatchGetFrameMetricData"",""ConfigureAgent"",""CreateProfilingGroup"",""DeleteProfilingGroup"",""DescribeProfilingGroup"",""GetFindingsReportAccountSummary"",""GetNotificationConfiguration"",""GetPolicy"",""GetProfile"",""GetRecommendations"",""ListFindingsReports"",""ListProfileTimes"",""ListProfilingGroups"",""ListTagsForResource"",""PostAgentProfile"",""PutPermission"",""RemoveNotificationChannel"",""RemovePermission"",""SubmitFeedback"",""TagResource"",""UntagResource"",""UpdateProfilingGroup""]"
Amazon CodeGuru Reviewer,codeguru-reviewer,list_codeguru-reviewer.html,,,,,
Amazon CodeGuru Security,codeguru-security,list_codeguru-security.html,,,,,
Amazon CodeWhisperer,codewhisperer,list_codewhisperer.html,,,,,
Amazon Cognito Identity,cognito-identity,list_cognito-identity.html,,,,,
Amazon Cognito Sync,cognito-sync,list_cognito-sync.html,,,,,
Amazon Cognito User Pools,cognito-idp,list_cognito-idp.html,,,,,
Amazon Comprehend,comprehend,list_comprehend.html,,,,,
Amazon Comprehend Medical,comprehendmedical,list_comprehendmedical.html,,,,,
Amazon Connect,connect,list_connect.html,list_connect-action-,link,connect:ActivateEvaluationForm,X,"[""ActivateEvaluationForm"",""AdminGetEmergencyAccessToken"",""AssociateAnalyticsDataSet"",""AssociateApprovedOrigin"",""AssociateBot"",""AssociateContactWithUser"",""AssociateCustomerProfilesDomain"",""AssociateDefaultVocabulary"",""AssociateEmailAddressAlias"",""AssociateFlow"",""AssociateInstanceStorageConfig"",""AssociateLambdaFunction"",""AssociateLexBot"",""AssociatePhoneNumberContactFlow"",""AssociateQueueEmailAddresses"",""AssociateQueueQuickConnects"",""AssociateRoutingProfileQueues"",""AssociateSecurityKey"",""AssociateSecurityProfiles"",""AssociateTrafficDistributionGroupUser"",""AssociateUserProficiencies"",""AssociateWorkspace"",""BatchAssociateAnalyticsDataSet"",""BatchCreateDataTableValue"",""BatchDeleteDataTableValue"",""BatchDescribeDataTableValue"",""BatchDisassociateAnalyticsDataSet"",""BatchGetAttachedFileMetadata"",""BatchGetFlowAssociation"",""BatchPutContact"",""BatchUpdateDataTableValue"",""ClaimPhoneNumber"",""CompleteAttachedFileUpload"",""CreateAgentStatus"",""CreateAttachedFile"",""CreateAuthenticationProfile"",""CreateContact"",""CreateContactFlow"",""CreateContactFlowModule"",""CreateContactFlowModuleAlias"",""CreateContactFlowModuleVersion"",""CreateContactFlowVersion"",""CreateDataTable"",""CreateDataTableAttribute"",""CreateEmailAddress"",""CreateEvaluationForm"",""CreateExtractionDefinition"",""CreateHoursOfOperation"",""CreateHoursOfOperationOverride"",""CreateInstance"",""CreateIntegrationAssociation"",""CreateMetric"",""CreateNotification"",""CreateParticipant"",""CreatePersistentContactAssociation"",""CreatePredefinedAttribute"",""CreatePrompt"",""CreatePushNotificationRegistration"",""CreateQueue"",""CreateQuickConnect"",""CreateRoutingProfile"",""CreateRule"",""CreateSecurityProfile"",""CreateTaskTemplate"",""CreateTrafficDistributionGroup"",""CreateUseCase"",""CreateUser"",""CreateUserHierarchyGroup"",""CreateView"",""CreateViewVersion"",""CreateVocabulary"",""CreateWorkspace"",""CreateWorkspacePage"",""DeactivateEvaluationForm"",""DeleteAttachedFile"",""DeleteContactEvaluation"",""DeleteContactFlow"",""DeleteContactFlowModule"",""DeleteContactFlowModuleAlias"",""DeleteContactFlowModuleVersion"",""DeleteContactFlowVersion"",""DeleteDataTable"",""DeleteDataTableAttribute"",""DeleteEmailAddress"",""DeleteEvaluationForm"",""DeleteExtractionDefinition"",""DeleteHoursOfOperation"",""DeleteHoursOfOperationOverride"",""DeleteInstance"",""DeleteIntegrationAssociation"",""DeleteMetric"",""DeleteNotification"",""DeletePredefinedAttribute"",""DeletePrompt"",""DeletePushNotificationRegistration"",""DeleteQueue"",""DeleteQuickConnect"",""DeleteRoutingProfile"",""DeleteRule"",""DeleteSecurityProfile"",""DeleteTaskTemplate"",""DeleteTrafficDistributionGroup"",""DeleteUseCase"",""DeleteUser"",""DeleteUserHierarchyGroup"",""DeleteView"",""DeleteViewVersion"",""DeleteVocabulary"",""DeleteWorkspace"",""DeleteWorkspaceMedia"",""DeleteWorkspacePage"",""DescribeAgentStatus"",""DescribeAttachedFilesConfiguration"",""DescribeAuthenticationProfile"",""DescribeContact"",""DescribeContactEvaluation"",""DescribeContactFlow"",""DescribeContactFlowModule"",""DescribeContactFlowModuleAlias"",""DescribeDataTable"",""DescribeDataTableAttribute"",""DescribeEmailAddress"",""DescribeEvaluationForm"",""DescribeExtractionDefinition"",""DescribeForecastingPlanningSchedulingIntegration"",""DescribeHoursOfOperation"",""DescribeHoursOfOperationOverride"",""DescribeInstance"",""DescribeInstanceAttribute"",""DescribeInstanceStorageConfig"",""DescribeMetric"",""DescribeNotification"",""DescribePhoneNumber"",""DescribePredefinedAttribute"",""DescribePrompt"",""DescribeQueue"",""DescribeQuickConnect"",""DescribeRoutingProfile"",""DescribeRule"",""DescribeSecurityProfile"",""DescribeTrafficDistributionGroup"",""DescribeUser"",""DescribeUserHierarchyGroup"",""DescribeUserHierarchyStructure"",""DescribeView"",""DescribeVocabulary"",""DescribeWorkspace"",""DisassociateAnalyticsDataSet"",""DisassociateApprovedOrigin"",""DisassociateBot"",""DisassociateCustomerProfilesDomain"",""DisassociateEmailAddressAlias"",""DisassociateFlow"",""DisassociateInstanceStorageConfig"",""DisassociateLambdaFunction"",""DisassociateLexBot"",""DisassociatePhoneNumberContactFlow"",""DisassociateQueueEmailAddresses"",""DisassociateQueueQuickConnects"",""DisassociateRoutingProfileQueues"",""DisassociateSecurityKey"",""DisassociateSecurityProfiles"",""DisassociateTrafficDistributionGroupUser"",""DisassociateUserProficiencies"",""DisassociateWorkspace"",""DismissUserContact"",""EvaluateDataTableValues"",""GetAttachedFile"",""GetContactAttributes"",""GetContactMetrics"",""GetCrossRegionRouting"",""GetCurrentMetricData"",""GetCurrentUserData"",""GetEffectiveHoursOfOperations"",""GetEvaluationFormValidation"",""GetFederationToken"",""GetFlowAssociation"",""GetMetricData"",""GetMetricDataV2"",""GetPromptFile"",""GetTaskTemplate"",""GetTrafficDistribution"",""ImportPhoneNumber"",""ImportWorkspaceMedia"",""ListAgentStatuses"",""ListAnalyticsDataAssociations"",""ListAnalyticsDataLakeDataSets"",""ListApprovedOrigins"",""ListAssociatedContacts"",""ListAttachedFilesConfigurations"",""ListAuthenticationProfiles"",""ListBots"",""ListContactEvaluations"",""ListContactFlowModuleAliases"",""ListContactFlowModuleVersions"",""ListContactFlowModules"",""ListContactFlowVersions"",""ListContactFlows"",""ListContactReferences"",""ListDataTableAttributes"",""ListDataTablePrimaryValues"",""ListDataTableValues"",""ListDataTables"",""ListDefaultVocabularies"",""ListEntitySecurityProfiles"",""ListEvaluationFormAIVersions"",""ListEvaluationFormVersions"",""ListEvaluationForms"",""ListExtractionDefinitions"",""ListFlowAssociations"",""ListHoursOfOperationOverrides"",""ListHoursOfOperations"",""ListInstanceAttributes"",""ListInstanceStorageConfigs"",""ListInstances"",""ListIntegrationAssociations"",""ListLambdaFunctions"",""ListLexBots"",""ListMetrics"",""ListNotifications"",""ListPhoneNumbers"",""ListPhoneNumbersV2"",""ListPredefinedAttributes"",""ListPrompts"",""ListQueueEmailAddresses"",""ListQueueQuickConnects"",""ListQueues"",""ListQuickConnects"",""ListRealtimeContactAnalysisSegments"",""ListRealtimeContactAnalysisSegmentsV2"",""ListRoutingProfileManualAssignmentQueues"",""ListRoutingProfileQueues"",""ListRoutingProfiles"",""ListRules"",""ListSecurityKeys"",""ListSecurityProfileAIAgents"",""ListSecurityProfileApplications"",""ListSecurityProfileFlowModules"",""ListSecurityProfilePermissions"",""ListSecurityProfiles"",""ListTagsForResource"",""ListTaskTemplates"",""ListTrafficDistributionGroupUsers"",""ListTrafficDistributionGroups"",""ListUseCases"",""ListUserHierarchyGroups"",""ListUserNotifications"",""ListUserProficiencies"",""ListUsers"",""ListViewVersions"",""ListViews"",""ListWorkspaceMedia"",""ListWorkspacePages"",""ListWorkspaces"",""MonitorContact"",""PauseContact"",""PutUserStatus"",""ReleasePhoneNumber"",""ReplicateInstance"",""ResumeContact"",""ResumeContactRecording"",""SearchAgentStatuses"",""SearchAvailablePhoneNumbers"",""SearchContactEvaluations"",""SearchContactFlowModules"",""SearchContactFlows"",""SearchContacts"",""SearchDataTables"",""SearchEmailAddresses"",""SearchEvaluationForms"",""SearchHoursOfOperationOverrides"",""SearchHoursOfOperations"",""SearchMetrics"",""SearchNotifications"",""SearchPredefinedAttributes"",""SearchPrompts"",""SearchQueues"",""SearchQuickConnects"",""SearchResourceTags"",""SearchRoutingProfiles"",""SearchRules"",""SearchSecurityProfiles"",""SearchUserHierarchyGroups"",""SearchUsers"",""SearchViews"",""SearchVocabularies"",""SearchWorkspaceAssociations"",""SearchWorkspaces"",""SendChatIntegrationEvent"",""SendIntegrationEvent"",""SendOutboundChatMessage"",""SendOutboundEmail"",""SendOutboundWebNotification"",""StartAttachedFileUpload"",""StartChatContact"",""StartContactConversationalAnalyticsJob"",""StartContactEvaluation"",""StartContactMediaProcessing"",""StartContactRecording"",""StartContactStreaming"",""StartEmailContact"",""StartEvaluationFormValidation"",""StartForecastingPlanningSchedulingIntegration"",""StartOutboundChatContact"",""StartOutboundEmailContact"",""StartOutboundVoiceContact"",""StartScreenSharing"",""StartTaskContact"",""StartWebRTCContact"",""StopContact"",""StopContactMediaProcessing"",""StopContactRecording"",""StopContactStreaming"",""StopForecastingPlanningSchedulingIntegration"",""SubmitContactEvaluation"",""SuspendContactRecording"",""TagContact"",""TagResource"",""TransferContact"",""UntagContact"",""UntagResource"",""UpdateAgentStatus"",""UpdateAttachedFilesConfiguration"",""UpdateAuthenticationProfile"",""UpdateContact"",""UpdateContactAttributes"",""UpdateContactEvaluation"",""UpdateContactFlowContent"",""UpdateContactFlowMetadata"",""UpdateContactFlowModuleAlias"",""UpdateContactFlowModuleContent"",""UpdateContactFlowModuleMetadata"",""UpdateContactFlowName"",""UpdateContactRoutingData"",""UpdateContactSchedule"",""UpdateCrossRegionRouting"",""UpdateDataTableAttribute"",""UpdateDataTableMetadata"",""UpdateDataTablePrimaryValues"",""UpdateEmailAddressMetadata"",""UpdateEvaluationForm"",""UpdateExtractionDefinition"",""UpdateHoursOfOperation"",""UpdateHoursOfOperationOverride"",""UpdateInstanceAttribute"",""UpdateInstanceStorageConfig"",""UpdateMetricContent"",""UpdateMetricMetadata"",""UpdateNotificationContent"",""UpdateParticipantAuthentication"",""UpdateParticipantRoleConfig"",""UpdatePhoneNumber"",""UpdatePhoneNumberMetadata"",""UpdatePredefinedAttribute"",""UpdatePrompt"",""UpdateQueueHoursOfOperation"",""UpdateQueueMaxContacts"",""UpdateQueueName"",""UpdateQueueOutboundCallerConfig"",""UpdateQueueOutboundEmailConfig"",""UpdateQueueStatus"",""UpdateQuickConnectConfig"",""UpdateQuickConnectName"",""UpdateRoutingProfileAgentAvailabilityTimer"",""UpdateRoutingProfileConcurrency"",""UpdateRoutingProfileDefaultOutboundQueue"",""UpdateRoutingProfileName"",""UpdateRoutingProfileQueues"",""UpdateRule"",""UpdateSecurityProfile"",""UpdateTaskTemplate"",""UpdateTrafficDistribution"",""UpdateUserHierarchy"",""UpdateUserHierarchyGroupName"",""UpdateUserHierarchyStructure"",""UpdateUserIdentityInfo"",""UpdateUserNotificationStatus"",""UpdateUserPhoneConfig"",""UpdateUserProficiencies"",""UpdateUserRoutingProfile"",""UpdateUserSecurityProfiles"",""UpdateViewContent"",""UpdateViewMetadata"",""UpdateWorkspaceMetadata"",""UpdateWorkspacePage"",""UpdateWorkspaceTheme"",""UpdateWorkspaceVisibility""]"
Amazon Connect Cases,cases,list_connectcases.html,list_connectcases-action-,link,,,"[""BatchGetCaseRule"",""BatchGetField"",""BatchPutFieldOptions"",""CreateCase"",""CreateCaseRule"",""CreateDomain"",""CreateField"",""CreateLayout"",""CreateRelatedItem"",""CreateTemplate"",""DeleteCase"",""DeleteCaseRule"",""DeleteDomain"",""DeleteField"",""DeleteLayout"",""DeleteRelatedItem"",""DeleteTemplate"",""GetCase"",""GetCaseAuditEvents"",""GetCaseEventConfiguration"",""GetDomain"",""GetLayout"",""GetTemplate"",""ListCaseRules"",""ListCasesForContact"",""ListDomains"",""ListFieldOptions"",""ListFields"",""ListLayouts"",""ListTagsForResource"",""ListTemplates"",""PutCaseEventConfiguration"",""SearchAllRelatedItems"",""SearchCases"",""SearchRelatedItems"",""TagResource"",""UntagResource"",""UpdateCase"",""UpdateCaseRule"",""UpdateField"",""UpdateLayout"",""UpdateRelatedItem"",""UpdateTemplate""]"
Amazon Connect Customer Profiles,profile,list_customer-profiles.html,list_customer-profiles-action-,link,profile:AddProfileKey,X,"[""AddProfileKey"",""AssociateStreamForSegments"",""BatchGetCalculatedAttributeForProfile"",""BatchGetProfile"",""CreateCalculatedAttributeDefinition"",""CreateDomain"",""CreateDomainLayout"",""CreateEventStream"",""CreateEventTrigger"",""CreateIntegrationWorkflow"",""CreateProfile"",""CreateRecommender"",""CreateRecommenderFilter"",""CreateRecommenderSchema"",""CreateSegmentDefinition"",""CreateSegmentEstimate"",""CreateSegmentSnapshot"",""CreateSnapshot"",""CreateUploadJob"",""DeleteCalculatedAttributeDefinition"",""DeleteDomain"",""DeleteDomainLayout"",""DeleteDomainObjectType"",""DeleteEventStream"",""DeleteEventTrigger"",""DeleteIntegration"",""DeleteProfile"",""DeleteProfileKey"",""DeleteProfileObject"",""DeleteProfileObjectType"",""DeleteRecommender"",""DeleteRecommenderFilter"",""DeleteRecommenderSchema"",""DeleteSegmentDefinition"",""DeleteSegmentSubscription"",""DeleteWorkflow"",""DetectProfileObjectType"",""DisassociateStreamForSegments"",""GetAutoMergingPreview"",""GetCalculatedAttributeDefinition"",""GetCalculatedAttributeForProfile"",""GetDomain"",""GetDomainLayout"",""GetDomainObjectType"",""GetEventStream"",""GetEventTrigger"",""GetIdentityResolutionJob"",""GetIntegration"",""GetMatches"",""GetObjectTypeAttributeStatistics"",""GetProfileHistoryRecord"",""GetProfileInsights"",""GetProfileObjectType"",""GetProfileObjectTypeTemplate"",""GetProfileRecommendations"",""GetRecommender"",""GetRecommenderFilter"",""GetRecommenderSchema"",""GetSegmentDefinition"",""GetSegmentEstimate"",""GetSegmentMembership"",""GetSegmentSnapshot"",""GetSegmentSubscription"",""GetSimilarProfiles"",""GetSnapshot"",""GetStreamForSegments"",""GetUploadJob"",""GetUploadJobPath"",""GetWorkflow"",""GetWorkflowSteps"",""ListAccountIntegrations"",""ListCalculatedAttributeDefinitions"",""ListCalculatedAttributesForProfile"",""ListDomainLayouts"",""ListDomainObjectTypes"",""ListDomainObjects"",""ListDomains"",""ListEventStreams"",""ListEventTriggers"",""ListIdentityResolutionJobs"",""ListIntegrations"",""ListObjectTypeAttributeValues"",""ListObjectTypeAttributes"",""ListProfileAttributeValues"",""ListProfileHistoryRecords"",""ListProfileObjectTypeTemplates"",""ListProfileObjectTypes"",""ListProfileObjects"",""ListRecommenderFilters"",""ListRecommenderRecipes"",""ListRecommenderSchemas"",""ListRecommenders"",""ListRuleBasedMatches"",""ListSegmentDefinitions"",""ListSegmentSubscriptionEvents"",""ListTagsForResource"",""ListUploadJobs"",""ListWorkflows"",""MergeProfiles"",""PutDomainObjectType"",""PutIntegration"",""PutProfileObject"",""PutProfileObjectType"",""PutSegmentSubscription"",""SearchProfiles"",""StartRecommender"",""StartUploadJob"",""StopRecommender"",""StopUploadJob"",""TagResource"",""UntagResource"",""UpdateCalculatedAttributeDefinition"",""UpdateDomain"",""UpdateDomainLayout"",""UpdateEventTrigger"",""UpdateProfile"",""UpdateRecommender""]"
Amazon Connect Health,health-agent,list_connecthealth.html,list_connecthealth-action-,link,health-agent:ActivateSubscription,X,"[""ActivateSubscription"",""CancelAppointment"",""CreateAgent"",""CreateDomain"",""CreateIntegration"",""CreateSession"",""CreateSubscription"",""DeactivateSubscription"",""DeleteAgent"",""DeleteDomain"",""DeleteIntegration"",""GetAgent"",""GetCareTeamProvider"",""GetDomain"",""GetDomainAnalytics"",""GetIntegration"",""GetMedicalScribeListeningSession"",""GetPatient"",""GetPatientInsightsJob"",""GetPractitioner"",""GetSessionContext"",""GetSubscription"",""InvokeAgent"",""ListAgents"",""ListAppointmentSlots"",""ListDomains"",""ListIntegrations"",""ListPatientAppointments"",""ListPatientInsuranceCoverages"",""ListPatientMedications"",""ListProviders"",""ListSessionRecords"",""ListSubscriptions"",""ListTagsForResource"",""MatchPatient"",""PublishAgent"",""RescheduleAppointment"",""ResetPassword"",""ScheduleAppointment"",""StartMedicalScribeListeningSession"",""StartPatientInsightsJob"",""SubmitMedicationRenewal"",""TagResource"",""UntagResource"",""UpdateAgent"",""UpdateIntegration"",""UpdateSession""]"
Amazon Connect Outbound Campaigns,connect-campaigns,list_connect-outbound-campaigns.html,list_connect-outbound-campaigns-action-,link,connect-campaigns:CreateCampaign,X,"[""CreateCampaign"",""DeleteCampaign"",""DeleteCampaignChannelSubtypeConfig"",""DeleteCampaignCommunicationLimits"",""DeleteCampaignCommunicationTime"",""DeleteCampaignEntryLimits"",""DeleteConnectInstanceConfig"",""DeleteConnectInstanceIntegration"",""DeleteInstanceOnboardingJob"",""DescribeCampaign"",""GetCampaignState"",""GetCampaignStateBatch"",""GetConnectInstanceConfig"",""GetInstanceCommunicationLimits"",""GetInstanceOnboardingJobStatus"",""ListCampaigns"",""ListConnectInstanceIntegrations"",""ListTagsForResource"",""PauseCampaign"",""PutConnectInstanceIntegration"",""PutDialRequestBatch"",""PutInstanceCommunicationLimits"",""PutOutboundRequestBatch"",""PutProfileOutboundRequestBatch"",""ResumeCampaign"",""StartCampaign"",""StartInstanceOnboardingJob"",""StopCampaign"",""TagResource"",""UntagResource"",""UpdateCampaignChannelSubtypeConfig"",""UpdateCampaignCommunicationLimits"",""UpdateCampaignCommunicationTime"",""UpdateCampaignDialerConfig"",""UpdateCampaignEntryLimits"",""UpdateCampaignFlowAssociation"",""UpdateCampaignName"",""UpdateCampaignOutboundCallConfig"",""UpdateCampaignSchedule"",""UpdateCampaignSource""]"
Amazon Connect Voice ID,voiceid,list_voice-id.html,list_voice-id-action-,link,voiceid:AssociateFraudster,,"[""AssociateFraudster"",""CreateDomain"",""CreateWatchlist"",""DeleteDomain"",""DeleteFraudster"",""DeleteSpeaker"",""DeleteWatchlist"",""DescribeComplianceConsent"",""DescribeDomain"",""DescribeFraudster"",""DescribeFraudsterRegistrationJob"",""DescribeSpeaker"",""DescribeSpeakerEnrollmentJob"",""DescribeWatchlist"",""DisassociateFraudster"",""EvaluateSession"",""ListDomains"",""ListFraudsterRegistrationJobs"",""ListFraudsters"",""ListSpeakerEnrollmentJobs"",""ListSpeakers"",""ListTagsForResource"",""ListWatchlists"",""OptOutSpeaker"",""RegisterComplianceConsent"",""StartFraudsterRegistrationJob"",""StartSpeakerEnrollmentJob"",""TagResource"",""UntagResource"",""UpdateDomain"",""UpdateWatchlist""]"
Amazon Data Lifecycle Manager,dlm,list_dlm.html,,,,,
Amazon DataZone,datazone,list_datazone.html,,,,,
Amazon Detective,detective,list_detective.html,,,,,
Amazon DevOps Guru,devops-guru,list_devops-guru.html,,,,,
Amazon DocumentDB Elastic Clusters,docdb-elastic,list_docdb-elastic.html,,,,,
Amazon DynamoDB,dynamodb,list_dynamodb.html,,,,,
Amazon DynamoDB Accelerator (DAX),dax,list_dax.html,,,,,
Amazon EC2,ec2,list_ec2.html,list_ec2-action-,link,ec2:AcceptAddressTransfer,,"[""AcceptAddressTransfer"",""AcceptCapacityReservationBillingOwnership"",""AcceptReservedInstancesExchangeQuote"",""AcceptTransitGatewayClientVpnAttachment"",""AcceptTransitGatewayMulticastDomainAssociations"",""AcceptTransitGatewayPeeringAttachment"",""AcceptTransitGatewayVpcAttachment"",""AcceptVpcEndpointConnections"",""AcceptVpcPeeringConnection"",""AdvertiseByoipCidr"",""AllocateAddress"",""AllocateHosts"",""AllocateIpamPoolCidr"",""ApplySecurityGroupsToClientVpnTargetNetwork"",""AssignIpv6Addresses"",""AssignPrivateIpAddresses"",""AssignPrivateNatGatewayAddress"",""AssociateAddress"",""AssociateApplicationStatusCheck"",""AssociateCapacityReservationBillingOwner"",""AssociateClientVpnTargetNetwork"",""AssociateDhcpOptions"",""AssociateEnclaveCertificateIamRole"",""AssociateIamInstanceProfile"",""AssociateInstanceEventWindow"",""AssociateIpamByoasn"",""AssociateIpamResourceDiscovery"",""AssociateNatGatewayAddress"",""AssociateRouteServer"",""AssociateRouteTable"",""AssociateSecurityGroupVpc"",""AssociateSubnetCidrBlock"",""AssociateTransitGatewayMulticastDomain"",""AssociateTransitGatewayPolicyTable"",""AssociateTransitGatewayRouteTable"",""AssociateTrunkInterface"",""AssociateVerifiedAccessInstanceWebAcl"",""AssociateVpcCidrBlock"",""AttachApplianceToNatGateway"",""AttachClassicLinkVpc"",""AttachImageWatermark"",""AttachInternetGateway"",""AttachNetworkInterface"",""AttachResourcesToPlacementGroup"",""AttachVerifiedAccessTrustProvider"",""AttachVolume"",""AttachVpnGateway"",""AuthorizeClientVpnIngress"",""AuthorizeSecurityGroupEgress"",""AuthorizeSecurityGroupIngress"",""BatchModifyIpamRoutingPolicyRegistrations"",""BundleInstance"",""CancelBundleTask"",""CancelCapacityReservation"",""CancelCapacityReservationFleets"",""CancelConversionTask"",""CancelDeclarativePoliciesReport"",""CancelExportTask"",""CancelImageLaunchPermission"",""CancelImportTask"",""CancelReservedInstancesListing"",""CancelSpotFleetRequests"",""CancelSpotInstanceRequests"",""ConfirmProductInstance"",""CopyFpgaImage"",""CopyImage"",""CopySnapshot"",""CopyVolumes"",""CreateApplicationStatusCheck"",""CreateCapacityManagerDataExport"",""CreateCapacityReservation"",""CreateCapacityReservationBySplitting"",""CreateCapacityReservationCancellationQuote"",""CreateCapacityReservationFleet"",""CreateCarrierGateway"",""CreateClientVpnEndpoint"",""CreateClientVpnRoute"",""CreateCoipCidr"",""CreateCoipPool"",""CreateCoipPoolPermission"",""CreateCustomerGateway"",""CreateDefaultSubnet"",""CreateDefaultVpc"",""CreateDelegateMacVolumeOwnershipTask"",""CreateDhcpOptions"",""CreateEgressOnlyInternetGateway"",""CreateFleet"",""CreateFlowLogs"",""CreateFpgaImage"",""CreateImage"",""CreateImageUsageReport"",""CreateInstanceConnectEndpoint"",""CreateInstanceEventWindow"",""CreateInstanceExportTask"",""CreateInternetGateway"",""CreateInterruptibleCapacityReservationAllocation"",""CreateIpam"",""CreateIpamExternalResourceVerificationToken"",""CreateIpamInternetRegistryAssociation"",""CreateIpamPolicy"",""CreateIpamPool"",""CreateIpamPrefixListResolver"",""CreateIpamPrefixListResolverTarget"",""CreateIpamResourceDiscovery"",""CreateIpamRoutingPolicyRegistration"",""CreateIpamScope"",""CreateKeyPair"",""CreateLaunchTemplate"",""CreateLaunchTemplateVersion"",""CreateLocalGatewayRoute"",""CreateLocalGatewayRouteTable"",""CreateLocalGatewayRouteTablePermission"",""CreateLocalGatewayRouteTableVirtualInterfaceGroupAssociation"",""CreateLocalGatewayRouteTableVpcAssociation"",""CreateLocalGatewayVirtualInterface"",""CreateLocalGatewayVirtualInterfaceGroup"",""CreateMacSystemIntegrityProtectionModificationTask"",""CreateManagedPrefixList"",""CreateNatGateway"",""CreateNetworkAcl"",""CreateNetworkAclEntry"",""CreateNetworkInsightsAccessScope"",""CreateNetworkInsightsPath"",""CreateNetworkInterface"",""CreateNetworkInterfacePermission"",""CreateOdbNetworkPeering"",""CreatePlacementGroup"",""CreatePublicIpv4Pool"",""CreateReplaceRootVolumeTask"",""CreateReservedInstancesListing"",""CreateRestoreImageTask"",""CreateRoute"",""CreateRouteServer"",""CreateRouteServerEndpoint"",""CreateRouteServerPeer"",""CreateRouteTable"",""CreateSecondaryNetwork"",""CreateSecondarySubnet"",""CreateSecurityGroup"",""CreateSnapshot"",""CreateSnapshots"",""CreateSpotDatafeedSubscription"",""CreateStoreImageTask"",""CreateSubnet"",""CreateSubnetCidrReservation"",""CreateTags"",""CreateTrafficMirrorFilter"",""CreateTrafficMirrorFilterRule"",""CreateTrafficMirrorSession"",""CreateTrafficMirrorTarget"",""CreateTransitGateway"",""CreateTransitGatewayConnect"",""CreateTransitGatewayConnectPeer"",""CreateTransitGatewayMeteringPolicy"",""CreateTransitGatewayMeteringPolicyEntry"",""CreateTransitGatewayMulticastDomain"",""CreateTransitGatewayPeeringAttachment"",""CreateTransitGatewayPolicyTable"",""CreateTransitGatewayPolicyTableEntry"",""CreateTransitGatewayPrefixListReference"",""CreateTransitGatewayRoute"",""CreateTransitGatewayRouteTable"",""CreateTransitGatewayRouteTableAnnouncement"",""CreateTransitGatewayVpcAttachment"",""CreateVerifiedAccessEndpoint"",""CreateVerifiedAccessGroup"",""CreateVerifiedAccessInstance"",""CreateVerifiedAccessTrustProvider"",""CreateVolume"",""CreateVpc"",""CreateVpcBlockPublicAccessExclusion"",""CreateVpcEncryptionControl"",""CreateVpcEndpoint"",""CreateVpcEndpointConnectionNotification"",""CreateVpcEndpointServiceConfiguration"",""CreateVpcPeeringConnection"",""CreateVpnConcentrator"",""CreateVpnConnection"",""CreateVpnConnectionRoute"",""CreateVpnGateway"",""DeleteApplicationStatusCheck"",""DeleteCapacityManagerDataExport"",""DeleteCarrierGateway"",""DeleteClientVpnEndpoint"",""DeleteClientVpnRoute"",""DeleteCoipCidr"",""DeleteCoipPool"",""DeleteCoipPoolPermission"",""DeleteCustomerGateway"",""DeleteDhcpOptions"",""DeleteEgressOnlyInternetGateway"",""DeleteFleets"",""DeleteFlowLogs"",""DeleteFpgaImage"",""DeleteImageUsageReport"",""DeleteInstanceConnectEndpoint"",""DeleteInstanceEventWindow"",""DeleteInternetGateway"",""DeleteIpam"",""DeleteIpamExternalResourceVerificationToken"",""DeleteIpamInternetRegistryAssociation"",""DeleteIpamPolicy"",""DeleteIpamPool"",""DeleteIpamPrefixListResolver"",""DeleteIpamPrefixListResolverTarget"",""DeleteIpamResourceDiscovery"",""DeleteIpamRoutingPolicyRegistration"",""DeleteIpamScope"",""DeleteKeyPair"",""DeleteLaunchTemplate"",""DeleteLaunchTemplateVersions"",""DeleteLocalGatewayRoute"",""DeleteLocalGatewayRouteTable"",""DeleteLocalGatewayRouteTablePermission"",""DeleteLocalGatewayRouteTableVirtualInterfaceGroupAssociation"",""DeleteLocalGatewayRouteTableVpcAssociation"",""DeleteLocalGatewayVirtualInterface"",""DeleteLocalGatewayVirtualInterfaceGroup"",""DeleteManagedPrefixList"",""DeleteNatGateway"",""DeleteNetworkAcl"",""DeleteNetworkAclEntry"",""DeleteNetworkInsightsAccessScope"",""DeleteNetworkInsightsAccessScopeAnalysis"",""DeleteNetworkInsightsAnalysis"",""DeleteNetworkInsightsPath"",""DeleteNetworkInterface"",""DeleteNetworkInterfacePermission"",""DeleteOdbNetworkPeering"",""DeletePlacementGroup"",""DeletePublicIpv4Pool"",""DeleteQueuedReservedInstances"",""DeleteResourcePolicy"",""DeleteRoute"",""DeleteRouteServer"",""DeleteRouteServerEndpoint"",""DeleteRouteServerPeer"",""DeleteRouteTable"",""DeleteSecondaryNetwork"",""DeleteSecondarySubnet"",""DeleteSecurityGroup"",""DeleteSnapshot"",""DeleteSpotDatafeedSubscription"",""DeleteSubnet"",""DeleteSubnetCidrReservation"",""DeleteTags"",""DeleteTrafficMirrorFilter"",""DeleteTrafficMirrorFilterRule"",""DeleteTrafficMirrorSession"",""DeleteTrafficMirrorTarget"",""DeleteTransitGateway"",""DeleteTransitGatewayClientVpnAttachment"",""DeleteTransitGatewayConnect"",""DeleteTransitGatewayConnectPeer"",""DeleteTransitGatewayMeteringPolicy"",""DeleteTransitGatewayMeteringPolicyEntry"",""DeleteTransitGatewayMulticastDomain"",""DeleteTransitGatewayPeeringAttachment"",""DeleteTransitGatewayPolicyTable"",""DeleteTransitGatewayPolicyTableEntry"",""DeleteTransitGatewayPrefixListReference"",""DeleteTransitGatewayRoute"",""DeleteTransitGatewayRouteTable"",""DeleteTransitGatewayRouteTableAnnouncement"",""DeleteTransitGatewayVpcAttachment"",""DeleteVerifiedAccessEndpoint"",""DeleteVerifiedAccessGroup"",""DeleteVerifiedAccessInstance"",""DeleteVerifiedAccessTrustProvider"",""DeleteVolume"",""DeleteVpc"",""DeleteVpcBlockPublicAccessExclusion"",""DeleteVpcEncryptionControl"",""DeleteVpcEndpointConnectionNotifications"",""DeleteVpcEndpointServiceConfigurations"",""DeleteVpcEndpoints"",""DeleteVpcPeeringConnection"",""DeleteVpnConcentrator"",""DeleteVpnConnection"",""DeleteVpnConnectionRoute"",""DeleteVpnGateway"",""DeprovisionByoipCidr"",""DeprovisionIpamByoasn"",""DeprovisionIpamPoolCidr"",""DeprovisionPublicIpv4PoolCidr"",""DeregisterImage"",""DeregisterInstanceEventNotificationAttributes"",""DeregisterTransitGatewayMulticastGroupMembers"",""DeregisterTransitGatewayMulticastGroupSources"",""DescribeAccountAttributes"",""DescribeAccountVpcEncryptionControl"",""DescribeAddressTransfers"",""DescribeAddresses"",""DescribeAddressesAttribute"",""DescribeAggregateIdFormat"",""DescribeApplicationStatus"",""DescribeApplicationStatusCheckAssociations"",""DescribeApplicationStatusChecks"",""DescribeAvailabilityZones"",""DescribeAwsNetworkPerformanceMetricSubscriptions"",""DescribeBundleTasks"",""DescribeByoipCidrs"",""DescribeCapacityBlockExtensionHistory"",""DescribeCapacityBlockExtensionOfferings"",""DescribeCapacityBlockOfferings"",""DescribeCapacityBlockStatus"",""DescribeCapacityBlocks"",""DescribeCapacityManagerDataExports"",""DescribeCapacityReservationBillingRequests"",""DescribeCapacityReservationCancellationQuotes"",""DescribeCapacityReservationFleets"",""DescribeCapacityReservationTopology"",""DescribeCapacityReservations"",""DescribeCarrierGateways"",""DescribeClassicLinkInstances"",""DescribeClientVpnAuthorizationRules"",""DescribeClientVpnConnections"",""DescribeClientVpnEndpoints"",""DescribeClientVpnRoutes"",""DescribeClientVpnTargetNetworks"",""DescribeCoipPools"",""DescribeConversionTasks"",""DescribeCustomerGateways"",""DescribeDeclarativePoliciesReports"",""DescribeDhcpOptions"",""DescribeEgressOnlyInternetGateways"",""DescribeElasticGpus"",""DescribeExportImageTasks"",""DescribeExportTasks"",""DescribeFastLaunchImages"",""DescribeFastSnapshotRestores"",""DescribeFleetHistory"",""DescribeFleetInstances"",""DescribeFleets"",""DescribeFlowLogs"",""DescribeFpgaImageAttribute"",""DescribeFpgaImages"",""DescribeHostReservationOfferings"",""DescribeHostReservations"",""DescribeHosts"",""DescribeIamInstanceProfileAssociations"",""DescribeIdFormat"",""DescribeIdentityIdFormat"",""DescribeImageAttribute"",""DescribeImageReferences"",""DescribeImageUsageReportEntries"",""DescribeImageUsageReports"",""DescribeImages"",""DescribeImportImageTasks"",""DescribeImportSnapshotTasks"",""DescribeInstanceAttribute"",""DescribeInstanceConnectEndpoints"",""DescribeInstanceCreditSpecifications"",""DescribeInstanceEventNotificationAttributes"",""DescribeInstanceEventWindows"",""DescribeInstanceImageMetadata"",""DescribeInstanceSqlHaHistoryStates"",""DescribeInstanceSqlHaStates"",""DescribeInstanceStatus"",""DescribeInstanceTopology"",""DescribeInstanceTypeOfferings"",""DescribeInstanceTypes"",""DescribeInstances"",""DescribeInternetGateways"",""DescribeIpamByoasn"",""DescribeIpamExternalResourceVerificationTokens"",""DescribeIpamInternetRegistryAssociations"",""DescribeIpamPolicies"",""DescribeIpamPoolAllocations"",""DescribeIpamPools"",""DescribeIpamPrefixListResolverTargets"",""DescribeIpamPrefixListResolvers"",""DescribeIpamResourceDiscoveries"",""DescribeIpamResourceDiscoveryAssociations"",""DescribeIpamScopes"",""DescribeIpams"",""DescribeIpv6Pools"",""DescribeKeyPairs"",""DescribeLaunchTemplateVersions"",""DescribeLaunchTemplates"",""DescribeLocalGatewayRouteTablePermissions"",""DescribeLocalGatewayRouteTableVirtualInterfaceGroupAssociations"",""DescribeLocalGatewayRouteTableVpcAssociations"",""DescribeLocalGatewayRouteTables"",""DescribeLocalGatewayVirtualInterfaceGroups"",""DescribeLocalGatewayVirtualInterfaces"",""DescribeLocalGateways"",""DescribeLockedSnapshots"",""DescribeMacHosts"",""DescribeMacModificationTasks"",""DescribeManagedPrefixLists"",""DescribeMovingAddresses"",""DescribeNatGateways"",""DescribeNetworkAcls"",""DescribeNetworkInsightsAccessScopeAnalyses"",""DescribeNetworkInsightsAccessScopes"",""DescribeNetworkInsightsAnalyses"",""DescribeNetworkInsightsPaths"",""DescribeNetworkInterfaceAttribute"",""DescribeNetworkInterfacePermissions"",""DescribeNetworkInterfaces"",""DescribeOutpostLags"",""DescribePlacementGroups"",""DescribePrefixLists"",""DescribePrincipalIdFormat"",""DescribePublicIpv4Pools"",""DescribeRegions"",""DescribeReplaceRootVolumeTasks"",""DescribeReservedInstances"",""DescribeReservedInstancesListings"",""DescribeReservedInstancesModifications"",""DescribeReservedInstancesOfferings"",""DescribeRouteServerEndpoints"",""DescribeRouteServerPeers"",""DescribeRouteServers"",""DescribeRouteTables"",""DescribeScheduledInstanceAvailability"",""DescribeScheduledInstances"",""DescribeSecondaryInterfaces"",""DescribeSecondaryNetworks"",""DescribeSecondarySubnets"",""DescribeSecurityGroupReferences"",""DescribeSecurityGroupRules"",""DescribeSecurityGroupVpcAssociations"",""DescribeSecurityGroups"",""DescribeServiceLinkVirtualInterfaces"",""DescribeSnapshotAttribute"",""DescribeSnapshotTierStatus"",""DescribeSnapshots"",""DescribeSpotDatafeedSubscription"",""DescribeSpotFleetInstances"",""DescribeSpotFleetRequestHistory"",""DescribeSpotFleetRequests"",""DescribeSpotInstanceRequests"",""DescribeSpotPriceHistory"",""DescribeStaleSecurityGroups"",""DescribeStoreImageTasks"",""DescribeSubnets"",""DescribeTags"",""DescribeTrafficMirrorFilterRules"",""DescribeTrafficMirrorFilters"",""DescribeTrafficMirrorSessions"",""DescribeTrafficMirrorTargets"",""DescribeTransitGatewayAttachments"",""DescribeTransitGatewayConnectPeers"",""DescribeTransitGatewayConnects"",""DescribeTransitGatewayMeteringPolicies"",""DescribeTransitGatewayMulticastDomains"",""DescribeTransitGatewayPeeringAttachments"",""DescribeTransitGatewayPolicyTables"",""DescribeTransitGatewayRouteTableAnnouncements"",""DescribeTransitGatewayRouteTables"",""DescribeTransitGatewayVpcAttachments"",""DescribeTransitGateways"",""DescribeTrunkInterfaceAssociations"",""DescribeVerifiedAccessEndpoints"",""DescribeVerifiedAccessGroups"",""DescribeVerifiedAccessInstanceLoggingConfigurations"",""DescribeVerifiedAccessInstanceWebAclAssociations"",""DescribeVerifiedAccessInstances"",""DescribeVerifiedAccessTrustProviders"",""DescribeVolumeAttribute"",""DescribeVolumeStatus"",""DescribeVolumes"",""DescribeVolumesModifications"",""DescribeVpcAttribute"",""DescribeVpcBlockPublicAccessExclusions"",""DescribeVpcBlockPublicAccessOptions"",""DescribeVpcClassicLink"",""DescribeVpcClassicLinkDnsSupport"",""DescribeVpcEncryptionControls"",""DescribeVpcEndpointAssociations"",""DescribeVpcEndpointConnectionNotifications"",""DescribeVpcEndpointConnections"",""DescribeVpcEndpointServiceConfigurations"",""DescribeVpcEndpointServicePermissions"",""DescribeVpcEndpointServices"",""DescribeVpcEndpoints"",""DescribeVpcPeeringConnections"",""DescribeVpcs"",""DescribeVpnConcentrators"",""DescribeVpnConnections"",""DescribeVpnGateways"",""DetachApplianceFromNatGateway"",""DetachClassicLinkVpc"",""DetachImageWatermark"",""DetachInternetGateway"",""DetachNetworkInterface"",""DetachResourcesFromPlacementGroup"",""DetachVerifiedAccessTrustProvider"",""DetachVolume"",""DetachVpnGateway"",""DisableAddressTransfer"",""DisableAllowedImagesSettings"",""DisableApplicationStatusCheckSuppression"",""DisableAwsNetworkPerformanceMetricSubscription"",""DisableCapacityManager"",""DisableEbsEncryptionByDefault"",""DisableFastLaunch"",""DisableFastSnapshotRestores"",""DisableImage"",""DisableImageBlockPublicAccess"",""DisableImageDeprecation"",""DisableImageDeregistrationProtection"",""DisableInstanceSqlHaStandbyDetections"",""DisableIpamOrganizationAdminAccount"",""DisableIpamPolicy"",""DisableRouteServerPropagation"",""DisableSerialConsoleAccess"",""DisableSnapshotBlockPublicAccess"",""DisableTransitGatewayRouteTablePropagation"",""DisableVgwRoutePropagation"",""DisableVpcClassicLink"",""DisableVpcClassicLinkDnsSupport"",""DisassociateAddress"",""DisassociateApplicationStatusCheck"",""DisassociateCapacityReservationBillingOwner"",""DisassociateClientVpnTargetNetwork"",""DisassociateEnclaveCertificateIamRole"",""DisassociateIamInstanceProfile"",""DisassociateInstanceEventWindow"",""DisassociateIpamByoasn"",""DisassociateIpamResourceDiscovery"",""DisassociateNatGatewayAddress"",""DisassociateRouteServer"",""DisassociateRouteTable"",""DisassociateSecurityGroupVpc"",""DisassociateSubnetCidrBlock"",""DisassociateTransitGatewayMulticastDomain"",""DisassociateTransitGatewayPolicyTable"",""DisassociateTransitGatewayRouteTable"",""DisassociateTrunkInterface"",""DisassociateVerifiedAccessInstanceWebAcl"",""DisassociateVpcCidrBlock"",""EnableAddressTransfer"",""EnableAllowedImagesSettings"",""EnableApplicationStatusCheckSuppression"",""EnableAwsNetworkPerformanceMetricSubscription"",""EnableCapacityManager"",""EnableEbsEncryptionByDefault"",""EnableFastLaunch"",""EnableFastSnapshotRestores"",""EnableImage"",""EnableImageBlockPublicAccess"",""EnableImageDeprecation"",""EnableImageDeregistrationProtection"",""EnableInstanceSqlHaStandbyDetections"",""EnableIpamInternetRegistryAssociation"",""EnableIpamOrganizationAdminAccount"",""EnableIpamPolicy"",""EnableReachabilityAnalyzerOrganizationSharing"",""EnableRouteServerPropagation"",""EnableSerialConsoleAccess"",""EnableSnapshotBlockPublicAccess"",""EnableTransitGatewayRouteTablePropagation"",""EnableVgwRoutePropagation"",""EnableVolumeIO"",""EnableVpcClassicLink"",""EnableVpcClassicLinkDnsSupport"",""ExportClientVpnClientCertificateRevocationList"",""ExportClientVpnClientConfiguration"",""ExportImage"",""ExportTransitGatewayRoutes"",""ExportVerifiedAccessInstanceClientConfiguration"",""GetActiveVpnTunnelStatus"",""GetAllowedImagesSettings"",""GetAssociatedEnclaveCertificateIamRoles"",""GetAssociatedIpv6PoolCidrs"",""GetAwsNetworkPerformanceData"",""GetCapacityManagerAttributes"",""GetCapacityManagerMetricData"",""GetCapacityManagerMetricDimensions"",""GetCapacityManagerMonitoredTagKeys"",""GetCapacityReservationUsage"",""GetCoipPoolUsage"",""GetConsoleOutput"",""GetConsoleScreenshot"",""GetDeclarativePoliciesReportSummary"",""GetDefaultCreditSpecification"",""GetEbsDefaultKmsKeyId"",""GetEbsEncryptionByDefault"",""GetEnabledIpamPolicy"",""GetFlowLogsIntegrationTemplate"",""GetGroupsForCapacityReservation"",""GetHostReservationPurchasePreview"",""GetImageAncestry"",""GetImageBlockPublicAccessState"",""GetInstanceMetadataDefaults"",""GetInstanceTpmEkPub"",""GetInstanceTypesFromInstanceRequirements"",""GetInstanceUefiData"",""GetIpamAddressHistory"",""GetIpamDiscoveredAccounts"",""GetIpamDiscoveredPublicAddresses"",""GetIpamDiscoveredResourceCidrs"",""GetIpamDiscoveredRoutes"",""GetIpamInternetRegistryAssociationAsns"",""GetIpamInternetRegistryAssociationCidrs"",""GetIpamPolicyAllocationRules"",""GetIpamPolicyOrganizationTargets"",""GetIpamPoolAllocations"",""GetIpamPoolCidrs"",""GetIpamPrefixListResolverRules"",""GetIpamPrefixListResolverVersionEntries"",""GetIpamPrefixListResolverVersions"",""GetIpamResourceCidrs"",""GetIpamRouteOriginAuthorizations"",""GetIpamRouteProtectionFindings"",""GetIpamRoutingPolicyRegistrationDeltas"",""GetIpamRoutingPolicyRegistrations"",""GetLaunchTemplateData"",""GetManagedPrefixListAssociations"",""GetManagedPrefixListEntries"",""GetManagedResourceVisibility"",""GetNetworkInsightsAccessScopeAnalysisFindings"",""GetNetworkInsightsAccessScopeContent"",""GetPasswordData"",""GetReservedInstancesExchangeQuote"",""GetResourcePolicy"",""GetRouteServerAssociations"",""GetRouteServerPropagations"",""GetRouteServerRoutingDatabase"",""GetSecurityGroupsForVpc"",""GetSerialConsoleAccessStatus"",""GetSnapshotBlockPublicAccessState"",""GetSpotPlacementScores"",""GetSubnetCidrReservations"",""GetTransitGatewayAttachmentPropagations"",""GetTransitGatewayMeteringPolicyEntries"",""GetTransitGatewayMulticastDomainAssociations"",""GetTransitGatewayPolicyTableAssociations"",""GetTransitGatewayPolicyTableEntries"",""GetTransitGatewayPrefixListReferences"",""GetTransitGatewayRouteTableAssociations"",""GetTransitGatewayRouteTablePropagations"",""GetVerifiedAccessEndpointPolicy"",""GetVerifiedAccessEndpointTargets"",""GetVerifiedAccessGroupPolicy"",""GetVerifiedAccessInstanceWebAcl"",""GetVpcResourcesBlockingEncryptionEnforcement"",""GetVpnConnectionDeviceSampleConfiguration"",""GetVpnConnectionDeviceTypes"",""GetVpnTunnelReplacementStatus"",""ImportByoipCidrToIpam"",""ImportClientVpnClientCertificateRevocationList"",""ImportImage"",""ImportInstance"",""ImportKeyPair"",""ImportSnapshot"",""ImportVolume"",""InjectApiError"",""InjectVolumeIOLatency"",""ListImagesInRecycleBin"",""ListSnapshotsInRecycleBin"",""ListVolumesInRecycleBin"",""LockSnapshot"",""ModifyAccountVpcEncryptionControl"",""ModifyAddressAttribute"",""ModifyApplicationStatusCheck"",""ModifyAvailabilityZoneGroup"",""ModifyCapacityReservation"",""ModifyCapacityReservationFleet"",""ModifyClientVpnEndpoint"",""ModifyDefaultCreditSpecification"",""ModifyEbsDefaultKmsKeyId"",""ModifyFleet"",""ModifyFpgaImageAttribute"",""ModifyHosts"",""ModifyIdFormat"",""ModifyIdentityIdFormat"",""ModifyImageAttribute"",""ModifyInstanceAttribute"",""ModifyInstanceCapacityReservationAttributes"",""ModifyInstanceConnectEndpoint"",""ModifyInstanceCpuOptions"",""ModifyInstanceCreditSpecification"",""ModifyInstanceEventStartTime"",""ModifyInstanceEventWindow"",""ModifyInstanceMaintenanceOptions"",""ModifyInstanceMetadataDefaults"",""ModifyInstanceMetadataOptions"",""ModifyInstanceNetworkPerformanceOptions"",""ModifyInstancePlacement"",""ModifyIpam"",""ModifyIpamPolicyAllocationRules"",""ModifyIpamPool"",""ModifyIpamPoolAllocation"",""ModifyIpamPrefixListResolver"",""ModifyIpamPrefixListResolverTarget"",""ModifyIpamResourceCidr"",""ModifyIpamResourceDiscovery"",""ModifyIpamRoutingPolicyRegistration"",""ModifyIpamScope"",""ModifyLaunchTemplate"",""ModifyLocalGatewayRoute"",""ModifyManagedPrefixList"",""ModifyManagedResourceVisibility"",""ModifyNetworkInterfaceAttribute"",""ModifyOdbNetworkPeering"",""ModifyPrivateDnsNameOptions"",""ModifyPublicIpDnsNameOptions"",""ModifyReservedInstances"",""ModifyRouteServer"",""ModifySecurityGroupRules"",""ModifySnapshotAttribute"",""ModifySnapshotTier"",""ModifySpotFleetRequest"",""ModifySubnetAttribute"",""ModifyTrafficMirrorFilterNetworkServices"",""ModifyTrafficMirrorFilterRule"",""ModifyTrafficMirrorSession"",""ModifyTransitGateway"",""ModifyTransitGatewayMeteringPolicy"",""ModifyTransitGatewayPolicyTableEntry"",""ModifyTransitGatewayPrefixListReference"",""ModifyTransitGatewayVpcAttachment"",""ModifyVerifiedAccessEndpoint"",""ModifyVerifiedAccessEndpointPolicy"",""ModifyVerifiedAccessGroup"",""ModifyVerifiedAccessGroupPolicy"",""ModifyVerifiedAccessInstance"",""ModifyVerifiedAccessInstanceLoggingConfiguration"",""ModifyVerifiedAccessTrustProvider"",""ModifyVolume"",""ModifyVolumeAttribute"",""ModifyVpcAttribute"",""ModifyVpcBlockPublicAccessExclusion"",""ModifyVpcBlockPublicAccessOptions"",""ModifyVpcEncryptionControl"",""ModifyVpcEndpoint"",""ModifyVpcEndpointConnectionNotification"",""ModifyVpcEndpointPayerResponsibility"",""ModifyVpcEndpointServiceConfiguration"",""ModifyVpcEndpointServicePayerResponsibility"",""ModifyVpcEndpointServicePermissions"",""ModifyVpcPeeringConnectionOptions"",""ModifyVpcTenancy"",""ModifyVpnConnection"",""ModifyVpnConnectionOptions"",""ModifyVpnTunnelCertificate"",""ModifyVpnTunnelOptions"",""MonitorInstances"",""MoveAddressToVpc"",""MoveByoipCidrToIpam"",""MoveCapacityReservationInstances"",""PauseVolumeIO"",""ProvisionByoipCidr"",""ProvisionIpamByoasn"",""ProvisionIpamPoolCidr"",""ProvisionPublicIpv4PoolCidr"",""PurchaseCapacityBlock"",""PurchaseCapacityBlockExtension"",""PurchaseHostReservation"",""PurchaseReservedInstancesOffering"",""PurchaseScheduledInstances"",""PutResourcePolicy"",""RebootInstances"",""RegisterImage"",""RegisterInstanceEventNotificationAttributes"",""RegisterTransitGatewayMulticastGroupMembers"",""RegisterTransitGatewayMulticastGroupSources"",""RejectCapacityReservationBillingOwnership"",""RejectTransitGatewayClientVpnAttachment"",""RejectTransitGatewayMulticastDomainAssociations"",""RejectTransitGatewayPeeringAttachment"",""RejectTransitGatewayVpcAttachment"",""RejectVpcEndpointConnections"",""RejectVpcPeeringConnection"",""ReleaseAddress"",""ReleaseHosts"",""ReleaseIpamPoolAllocation"",""ReplaceIamInstanceProfileAssociation"",""ReplaceImageCriteriaInAllowedImagesSettings"",""ReplaceImageInstanceTypeSpecification"",""ReplaceNetworkAclAssociation"",""ReplaceNetworkAclEntry"",""ReplaceRoute"",""ReplaceRouteTableAssociation"",""ReplaceTransitGatewayRoute"",""ReplaceVpnTunnel"",""ReportInstanceStatus"",""RequestSpotFleet"",""RequestSpotInstances"",""ResetAddressAttribute"",""ResetEbsDefaultKmsKeyId"",""ResetFpgaImageAttribute"",""ResetImageAttribute"",""ResetInstanceAttribute"",""ResetNetworkInterfaceAttribute"",""ResetSnapshotAttribute"",""RestoreAddressToClassic"",""RestoreImageFromRecycleBin"",""RestoreManagedPrefixListVersion"",""RestoreSnapshotFromRecycleBin"",""RestoreSnapshotTier"",""RestoreVolumeFromRecycleBin"",""RevokeClientVpnIngress"",""RevokeSecurityGroupEgress"",""RevokeSecurityGroupIngress"",""RunInstances"",""RunScheduledInstances"",""SearchLocalGatewayRoutes"",""SearchTransitGatewayMulticastGroups"",""SearchTransitGatewayRoutes"",""SendDiagnosticInterrupt"",""SendSpotInstanceInterruptions"",""StartDeclarativePoliciesReport"",""StartInstances"",""StartNetworkInsightsAccessScopeAnalysis"",""StartNetworkInsightsAnalysis"",""StartVpcEndpointServicePrivateDnsVerification"",""StopInstances"",""TerminateClientVpnConnections"",""TerminateInstances"",""UnassignIpv6Addresses"",""UnassignPrivateIpAddresses"",""UnassignPrivateNatGatewayAddress"",""UnlockSnapshot"",""UnmonitorInstances"",""UpdateCapacityManagerMonitoredTagKeys"",""UpdateCapacityManagerOrganizationsAccess"",""UpdateInterruptibleCapacityReservationAllocation"",""UpdateSecurityGroupRuleDescriptionsEgress"",""UpdateSecurityGroupRuleDescriptionsIngress"",""ValidateSecurityGroupQuotasForInterface"",""WithdrawByoipCidr""]"
Amazon EC2 Auto Scaling,autoscaling,list_autoscaling.html,,,,,
Amazon EC2 Image Builder,imagebuilder,list_imagebuilder.html,,,,,
Amazon EC2 Instance Connect,ec2-instance-connect,list_ec2-instance-connect.html,,,,,
Amazon ECS MCP Service,ecs-mcp,list_ecs-mcp.html,,,,,
Amazon EKS Auth,eks-auth,list_eks-auth.html,,,,,
Amazon EKS MCP Server,eks-mcp,list_eks-mcp.html,,,,,
Amazon Elastic Block Store,ebs,list_ebs.html,,,,,
Amazon Elastic Container Registry,ecr,list_ecr.html,,,,,
Amazon Elastic Container Registry Public,ecr-public,list_ecr-public.html,,,,,
Amazon Elastic Container Service,ecs,list_ecs.html,,,,,
Amazon Elastic File System,elasticfilesystem,list_efs.html,list_efs-action-,link,elasticfilesystem:Backup,X,"[""Backup"",""ClientMount"",""ClientRootAccess"",""ClientWrite"",""CreateAccessPoint"",""CreateFileSystem"",""CreateMountTarget"",""CreateReplicationConfiguration"",""CreateTags"",""DeleteAccessPoint"",""DeleteFileSystem"",""DeleteFileSystemPolicy"",""DeleteMountTarget"",""DeleteReplicationConfiguration"",""DeleteTags"",""DescribeAccessPoints"",""DescribeAccountPreferences"",""DescribeBackupPolicy"",""DescribeFileSystemPolicy"",""DescribeFileSystems"",""DescribeLifecycleConfiguration"",""DescribeMountTargetSecurityGroups"",""DescribeMountTargets"",""DescribeReplicationConfigurations"",""DescribeTags"",""ListTagsForResource"",""ModifyMountTargetSecurityGroups"",""PutAccountPreferences"",""PutBackupPolicy"",""PutFileSystemPolicy"",""PutLifecycleConfiguration"",""ReplicationRead"",""ReplicationWrite"",""Restore"",""TagResource"",""UntagResource"",""UpdateFileSystem"",""UpdateFileSystemProtection""]"
Amazon Elastic Kubernetes Service,eks,list_eks.html,,,,,
Amazon Elastic MapReduce,elasticmapreduce,list_emr.html,list_emr-action-,link,elasticmapreduce:AccessAllEventLogs,X,"[""AccessAllEventLogs"",""AddInstanceFleet"",""AddInstanceGroups"",""AddJobFlowSteps"",""AddTags"",""AttachEditor"",""CancelSteps"",""CreateEditor"",""CreatePersistentAppUI"",""CreateRepository"",""CreateSecurityConfiguration"",""CreateStudio"",""CreateStudioPresignedUrl"",""CreateStudioSessionMapping"",""DeleteEditor"",""DeleteRepository"",""DeleteSecurityConfiguration"",""DeleteStudio"",""DeleteStudioSessionMapping"",""DeleteWorkspaceAccess"",""DescribeCluster"",""DescribeEditor"",""DescribeJobFlows"",""DescribeNotebookExecution"",""DescribePersistentAppUI"",""DescribeReleaseLabel"",""DescribeRepository"",""DescribeSecurityConfiguration"",""DescribeStep"",""DescribeStudio"",""DetachEditor"",""GetAutoTerminationPolicy"",""GetBlockPublicAccessConfiguration"",""GetClusterSessionCredentials"",""GetManagedScalingPolicy"",""GetOnClusterAppUIPresignedURL"",""GetPersistentAppUIPresignedURL"",""GetSession"",""GetSessionEndpoint"",""GetStudioSessionMapping"",""LinkRepository"",""ListBootstrapActions"",""ListClusters"",""ListEditors"",""ListInstanceFleets"",""ListInstanceGroups"",""ListInstances"",""ListNotebookExecutions"",""ListReleaseLabels"",""ListRepositories"",""ListSecurityConfigurations"",""ListSessions"",""ListSteps"",""ListStudioSessionMappings"",""ListStudios"",""ListSupportedInstanceTypes"",""ListWorkspaceAccessIdentities"",""ModifyCluster"",""ModifyInstanceFleet"",""ModifyInstanceGroups"",""OpenEditorInConsole"",""PutAutoScalingPolicy"",""PutAutoTerminationPolicy"",""PutBlockPublicAccessConfiguration"",""PutManagedScalingPolicy"",""PutWorkspaceAccess"",""RemoveAutoScalingPolicy"",""RemoveAutoTerminationPolicy"",""RemoveManagedScalingPolicy"",""RemoveTags"",""RunJobFlow"",""SetKeepJobFlowAliveWhenNoSteps"",""SetTerminationProtection"",""SetUnhealthyNodeReplacement"",""SetVisibleToAllUsers"",""StartEditor"",""StartNotebookExecution"",""StartSession"",""StopEditor"",""StopNotebookExecution"",""TerminateJobFlows"",""TerminateSession"",""UnlinkRepository"",""UpdateEditor"",""UpdateRepository"",""UpdateStudio"",""UpdateStudioSessionMapping"",""ViewEventsFromAllClustersInConsole""]"
Amazon Elastic Transcoder,elastictranscoder,list_elastictranscoder.html,,,,,
Amazon Elastic VMware Service,evs,list_evs.html,,,,,
Amazon ElastiCache,elasticache,list_elasticache.html,,,,,
Amazon EMR on EKS (EMR Containers),emr-containers,list_emr-containers.html,,,,,
Amazon EMR Serverless,emr-serverless,list_emr-serverless.html,,,,,
Amazon EventBridge,events,list_eventbridge.html,list_eventbridge-action-,link,events:ActivateEventSource,X,"[""ActivateEventSource"",""AllowVendedLogDeliveryForResource"",""CancelReplay"",""CreateApiDestination"",""CreateArchive"",""CreateConnection"",""CreateEndpoint"",""CreateEventBus"",""CreateEventSource"",""CreatePartnerEventSource"",""CreateSubscriber"",""DeactivateEventSource"",""DeauthorizeConnection"",""DeleteApiDestination"",""DeleteArchive"",""DeleteConnection"",""DeleteEndpoint"",""DeleteEventBus"",""DeleteEventSource"",""DeletePartnerEventSource"",""DeleteResourcePolicy"",""DeleteRule"",""DeleteSubscriber"",""DescribeApiDestination"",""DescribeArchive"",""DescribeConnection"",""DescribeEndpoint"",""DescribeEventBus"",""DescribeEventSource"",""DescribePartnerEventSource"",""DescribeReplay"",""DescribeRule"",""DescribeSubscriber"",""DisableRule"",""EnableRule"",""GetResourcePolicy"",""InvokeApiDestination"",""ListApiDestinations"",""ListArchives"",""ListConnections"",""ListEndpoints"",""ListEventBuses"",""ListEventSources"",""ListPartnerEventSourceAccounts"",""ListPartnerEventSources"",""ListReplays"",""ListResourcePolicies"",""ListRuleNamesByTarget"",""ListRules"",""ListSubscribers"",""ListTagsForResource"",""ListTargetsByRule"",""PutEvents"",""PutPartnerEvents"",""PutPermission"",""PutRawEvents"",""PutResourcePolicy"",""PutRule"",""PutTargets"",""RemovePermission"",""RemoveTargets"",""RetrieveConnectionCredentials"",""RevokeResource"",""StartReplay"",""TagResource"",""TestEventPattern"",""UntagResource"",""UpdateApiDestination"",""UpdateArchive"",""UpdateConnection"",""UpdateEndpoint"",""UpdateEventBus"",""UpdateEventSource"",""UpdateSubscriber""]"
Amazon EventBridge Pipes,pipes,list_pipes.html,,,,,
Amazon EventBridge Scheduler,scheduler,list_scheduler.html,,,,,
Amazon EventBridge Schemas,schemas,list_schemas.html,,,,,
Amazon FinSpace,finspace,list_finspace.html,,,,,
Amazon FinSpace API,finspace-api,list_finspace-data.html,list_finspace-data-action-,link,finspace-api:etProgrammaticAccessCredentials,X,"""GetProgrammaticAccessCredentials"""
Amazon Forecast,forecast,list_forecast.html,,,,,
Amazon Fraud Detector,frauddetector,list_frauddetector.html,,,,,
Amazon FreeRTOS,freertos,list_freertos.html,,,,,
Amazon FSx,fsx,list_fsx.html,,,,,
Amazon GameLift Servers,gamelift,list_gamelift.html,,,,,
Amazon GameLift Streams,gameliftstreams,list_gameliftstreams.html,,,,,
Amazon GroundTruth Labeling,groundtruthlabeling,list_groundtruthlabeling.html,,,,,
Amazon GuardDuty,guardduty,list_guardduty.html,,,,,
Amazon Honeycode,honeycode,list_honeycode.html,,,,,
Amazon Inspector,inspector,list_inspector.html,,,,,
Amazon Inspector2,inspector2,list_inspector2.html,,,,,
Amazon Inspector2 Telemetry Channel,inspector2-telemetry,list_inspector2-telemetry.html,,,,,
Amazon InspectorScan,inspector-scan,list_inspector-scan.html,,,,,
Amazon Interactive Video Service,ivs,list_interactive-video-service.html,list_interactive-video-service-action-,link,ivs:BatchGetChannel,,"[""BatchGetChannel"",""BatchGetStreamKey"",""BatchStartViewerSessionRevocation"",""CreateAdConfiguration"",""CreateChannel"",""CreateEncoderConfiguration"",""CreateIngestConfiguration"",""CreateParticipantToken"",""CreatePlaybackRestrictionPolicy"",""CreateRecordingConfiguration"",""CreateStage"",""CreateStorageConfiguration"",""CreateStreamKey"",""DeleteAdConfiguration"",""DeleteChannel"",""DeleteEncoderConfiguration"",""DeleteIngestConfiguration"",""DeletePlaybackKeyPair"",""DeletePlaybackRestrictionPolicy"",""DeletePublicKey"",""DeleteRecordingConfiguration"",""DeleteStage"",""DeleteStorageConfiguration"",""DeleteStreamKey"",""DisconnectParticipant"",""GetAdConfiguration"",""GetChannel"",""GetComposition"",""GetEncoderConfiguration"",""GetIngestConfiguration"",""GetParticipant"",""GetPlaybackKeyPair"",""GetPlaybackRestrictionPolicy"",""GetPublicKey"",""GetRecordingConfiguration"",""GetStage"",""GetStageSession"",""GetStorageConfiguration"",""GetStream"",""GetStreamKey"",""GetStreamSession"",""ImportPlaybackKeyPair"",""ImportPublicKey"",""InsertAdBreak"",""ListAdConfigurations"",""ListChannels"",""ListCompositions"",""ListEncoderConfigurations"",""ListIngestConfigurations"",""ListParticipantEvents"",""ListParticipantReplicas"",""ListParticipants"",""ListPlaybackKeyPairs"",""ListPlaybackRestrictionPolicies"",""ListPublicKeys"",""ListRecordingConfigurations"",""ListStageSessions"",""ListStages"",""ListStorageConfigurations"",""ListStreamKeys"",""ListStreamSessions"",""ListStreams"",""ListTagsForResource"",""PutMetadata"",""StartComposition"",""StartParticipantReplication"",""StartViewerSessionRevocation"",""StopComposition"",""StopParticipantReplication"",""StopStream"",""TagResource"",""UntagResource"",""UpdateAdConfiguration"",""UpdateChannel"",""UpdateIngestConfiguration"",""UpdatePlaybackRestrictionPolicy"",""UpdateStage""]"
Amazon Interactive Video Service Chat,ivschat,list_ivschat.html,,,,,
Amazon Kendra,kendra,list_kendra.html,,,,,
Amazon Kendra Intelligent Ranking,kendra-ranking,list_kendra-ranking.html,,,,,
Amazon Keyspaces (for Apache Cassandra),cassandra,list_keyspaces.html,list_keyspaces-action-,link,cassandra:Alter,X,"[""Alter"",""AlterMultiRegionResource"",""Create"",""CreateMultiRegionResource"",""Drop"",""DropMultiRegionResource"",""GetRecords"",""GetShardIterator"",""GetStream"",""ListStreams"",""Modify"",""ModifyMultiRegionResource"",""Restore"",""RestoreMultiRegionTable"",""Select"",""SelectMultiRegionResource"",""TagMultiRegionResource"",""TagResource"",""UnTagMultiRegionResource"",""UntagResource"",""UpdatePartitioner""]"
Amazon Kinesis Analytics,kinesisanalytics,list_kinesisanalytics.html,,,,,
Amazon Kinesis Analytics V2,kinesisanalytics,list_kinesisanalyticsv2.html,list_kinesisanalyticsv2-action-,link,kinesisanalytics:AddApplicationCloudWatchLoggingOption,,"[""AddApplicationCloudWatchLoggingOption"",""AddApplicationInput"",""AddApplicationInputProcessingConfiguration"",""AddApplicationOutput"",""AddApplicationReferenceDataSource"",""AddApplicationVpcConfiguration"",""CreateApplication"",""CreateApplicationPresignedUrl"",""CreateApplicationSnapshot"",""DeleteApplication"",""DeleteApplicationCloudWatchLoggingOption"",""DeleteApplicationInputProcessingConfiguration"",""DeleteApplicationOutput"",""DeleteApplicationReferenceDataSource"",""DeleteApplicationSnapshot"",""DeleteApplicationVpcConfiguration"",""DescribeApplication"",""DescribeApplicationOperation"",""DescribeApplicationSnapshot"",""DescribeApplicationVersion"",""DiscoverInputSchema"",""ListApplicationOperations"",""ListApplicationSnapshots"",""ListApplicationVersions"",""ListApplications"",""ListTagsForResource"",""RollbackApplication"",""StartApplication"",""StopApplication"",""TagResource"",""UntagResource"",""UpdateApplication"",""UpdateApplicationMaintenanceConfiguration""]"
Amazon Kinesis Data Streams,kinesis,list_kinesis.html,,,,,
Amazon Kinesis Firehose,firehose,list_firehose.html,,,,,
Amazon Kinesis Video Streams,kinesisvideo,list_kinesis-video-streams.html,list_kinesis-video-streams-action-,link,kinesisvideo:ConnectAsMaster,,"[""ConnectAsMaster"",""ConnectAsViewer"",""CreateSignalingChannel"",""CreateStream"",""DeleteEdgeConfiguration"",""DeleteSignalingChannel"",""DeleteStream"",""DescribeEdgeConfiguration"",""DescribeImageGenerationConfiguration"",""DescribeMappedResourceConfiguration"",""DescribeMediaStorageConfiguration"",""DescribeNotificationConfiguration"",""DescribeSignalingChannel"",""DescribeStream"",""DescribeStreamStorageConfiguration"",""GetClip"",""GetDASHStreamingSessionURL"",""GetDataEndpoint"",""GetHLSStreamingSessionURL"",""GetIceServerConfig"",""GetImages"",""GetMedia"",""GetMediaForFragmentList"",""GetSignalingChannelEndpoint"",""JoinStorageSession"",""JoinStorageSessionAsViewer"",""ListEdgeAgentConfigurations"",""ListFragments"",""ListSignalingChannels"",""ListStreams"",""ListTagsForResource"",""ListTagsForStream"",""PutMedia"",""SendAlexaOfferToMaster"",""StartEdgeConfigurationUpdate"",""TagResource"",""TagStream"",""UntagResource"",""UntagStream"",""UpdateDataRetention"",""UpdateImageGenerationConfiguration"",""UpdateMediaStorageConfiguration"",""UpdateNotificationConfiguration"",""UpdateSignalingChannel"",""UpdateStream"",""UpdateStreamStorageConfiguration""]"
Amazon Lex,lex,list_lex.html,,,,,
Amazon Lex V2,lex,list_lex-v2.html,list_lex-v2-action-,link,lex:BatchCreateCustomVocabularyItem,,"[""BatchCreateCustomVocabularyItem"",""BatchDeleteCustomVocabularyItem"",""BatchUpdateCustomVocabularyItem"",""BuildBotLocale"",""CreateBot"",""CreateBotAlias"",""CreateBotChannel"",""CreateBotLocale"",""CreateBotReplica"",""CreateBotVersion"",""CreateCustomVocabulary"",""CreateExport"",""CreateIntent"",""CreateResourcePolicy"",""CreateResourcePolicyStatement"",""CreateSlot"",""CreateSlotType"",""CreateTestSet"",""CreateTestSetDiscrepancyReport"",""CreateUploadUrl"",""DeleteBot"",""DeleteBotAlias"",""DeleteBotAnalyzerRecommendation"",""DeleteBotChannel"",""DeleteBotLocale"",""DeleteBotReplica"",""DeleteBotVersion"",""DeleteCustomVocabulary"",""DeleteExport"",""DeleteImport"",""DeleteIntent"",""DeleteResourcePolicy"",""DeleteResourcePolicyStatement"",""DeleteSession"",""DeleteSlot"",""DeleteSlotType"",""DeleteTestSet"",""DeleteUtterances"",""DescribeBot"",""DescribeBotAlias"",""DescribeBotAnalyzerRecommendation"",""DescribeBotChannel"",""DescribeBotLocale"",""DescribeBotRecommendation"",""DescribeBotReplica"",""DescribeBotResourceGeneration"",""DescribeBotVersion"",""DescribeCustomVocabulary"",""DescribeCustomVocabularyMetadata"",""DescribeExport"",""DescribeImport"",""DescribeIntent"",""DescribeResourcePolicy"",""DescribeSlot"",""DescribeSlotType"",""DescribeTestExecution"",""DescribeTestSet"",""DescribeTestSetDiscrepancyReport"",""DescribeTestSetGeneration"",""GenerateBotElement"",""GetSession"",""GetTestExecutionArtifactsUrl"",""ListAggregatedUtterances"",""ListBotAliasReplicas"",""ListBotAliases"",""ListBotAnalyzerRecommendations"",""ListBotChannels"",""ListBotLocales"",""ListBotRecommendations"",""ListBotReplicas"",""ListBotResourceGenerations"",""ListBotVersionReplicas"",""ListBotVersions"",""ListBots"",""ListBuiltInIntents"",""ListBuiltInSlotTypes"",""ListCustomVocabularyItems"",""ListExports"",""ListImports"",""ListIntentMetrics"",""ListIntentPaths"",""ListIntentStageMetrics"",""ListIntents"",""ListRecommendedIntents"",""ListSessionAnalyticsData"",""ListSessionMetrics"",""ListSlotTypes"",""ListSlots"",""ListTagsForResource"",""ListTestExecutionResultItems"",""ListTestExecutions"",""ListTestSetRecords"",""ListTestSets"",""PutSession"",""RecognizeText"",""RecognizeUtterance"",""SearchAssociatedTranscripts"",""StartBotAnalyzer"",""StartBotRecommendation"",""StartBotResourceGeneration"",""StartConversation"",""StartImport"",""StartTestExecution"",""StartTestSetGeneration"",""StopBotAnalyzer"",""StopBotRecommendation"",""TagResource"",""UntagResource"",""UpdateBot"",""UpdateBotAlias"",""UpdateBotLocale"",""UpdateBotRecommendation"",""UpdateCustomVocabulary"",""UpdateExport"",""UpdateIntent"",""UpdateResourcePolicy"",""UpdateSlot"",""UpdateSlotType"",""UpdateTestSet""]"
Amazon Lightsail,lightsail,list_lightsail.html,,,,,
Amazon Location,geo,list_location.html,list_location-action-,link,geo:AssociateTrackerConsumer,,"[""AssociateTrackerConsumer"",""BatchDeleteDevicePositionHistory"",""BatchDeleteGeofence"",""BatchEvaluateGeofences"",""BatchGetDevicePosition"",""BatchPutGeofence"",""BatchUpdateDevicePosition"",""CalculateRoute"",""CalculateRouteMatrix"",""CancelJob"",""CreateGeofenceCollection"",""CreateKey"",""CreateMap"",""CreatePlaceIndex"",""CreateRouteCalculator"",""CreateTracker"",""DeleteGeofenceCollection"",""DeleteKey"",""DeleteMap"",""DeletePlaceIndex"",""DeleteRouteCalculator"",""DeleteTracker"",""DescribeGeofenceCollection"",""DescribeKey"",""DescribeMap"",""DescribePlaceIndex"",""DescribeRouteCalculator"",""DescribeTracker"",""DisassociateTrackerConsumer"",""ForecastGeofenceEvents"",""GetDevicePosition"",""GetDevicePositionHistory"",""GetGeofence"",""GetJob"",""GetMapGlyphs"",""GetMapSprites"",""GetMapStyleDescriptor"",""GetMapTile"",""GetPlace"",""ListDevicePositions"",""ListGeofenceCollections"",""ListGeofences"",""ListJobs"",""ListKeys"",""ListMaps"",""ListPlaceIndexes"",""ListRouteCalculators"",""ListTagsForResource"",""ListTrackerConsumers"",""ListTrackers"",""PutGeofence"",""SearchPlaceIndexForPosition"",""SearchPlaceIndexForSuggestions"",""SearchPlaceIndexForText"",""StartJob"",""TagResource"",""UntagResource"",""UpdateGeofenceCollection"",""UpdateKey"",""UpdateMap"",""UpdatePlaceIndex"",""UpdateRouteCalculator"",""UpdateTracker"",""VerifyDevicePosition""]"
Amazon Location Service Maps,geo-maps,list_geo-maps.html,,,,,
Amazon Location Service Places,geo-places,list_geo-places.html,,,,,
Amazon Location Service Routes,geo-routes,list_geo-routes.html,,,,,
Amazon Lookout for Equipment,lookoutequipment,list_lookoutequipment.html,,,,,
Amazon Lookout for Metrics,lookoutmetrics,list_lookoutmetrics.html,,,,,
Amazon Lookout for Vision,lookoutvision,list_lookoutvision.html,,,,,
Amazon Machine Learning,machinelearning,list_machinelearning.html,,,,,
Amazon Macie,macie2,list_macie2.html,,,,,
Amazon Managed Blockchain,managedblockchain,list_managedblockchain.html,,,,,
Amazon Managed Blockchain Query,managedblockchain-query,list_managedblockchain-query.html,,,,,
Amazon Managed Grafana,grafana,list_grafana.html,,,,,
Amazon Managed Service for Prometheus,aps,list_amp.html,list_amp-action-,link,aps:CreateAlertManagerAlerts,,"[""CreateAlertManagerAlerts"",""CreateAlertManagerDefinition"",""CreateAnomalyDetector"",""CreateLoggingConfiguration"",""CreateQueryLoggingConfiguration"",""CreateRuleGroupsNamespace"",""CreateScraper"",""CreateWorkspace"",""DeleteAlertManagerDefinition"",""DeleteAlertManagerSilence"",""DeleteAnomalyDetector"",""DeleteLoggingConfiguration"",""DeleteQueryLoggingConfiguration"",""DeleteResourcePolicy"",""DeleteRuleGroupsNamespace"",""DeleteScraper"",""DeleteScraperLoggingConfiguration"",""DeleteWorkspace"",""DescribeAlertManagerDefinition"",""DescribeAnomalyDetector"",""DescribeLoggingConfiguration"",""DescribeQueryLoggingConfiguration"",""DescribeResourcePolicy"",""DescribeRuleGroupsNamespace"",""DescribeScraper"",""DescribeScraperLoggingConfiguration"",""DescribeWorkspace"",""DescribeWorkspaceConfiguration"",""GetAlertManagerSilence"",""GetAlertManagerStatus"",""GetDefaultScraperConfiguration"",""GetLabels"",""GetMetricMetadata"",""GetSeries"",""ListAlertManagerAlertGroups"",""ListAlertManagerAlerts"",""ListAlertManagerReceivers"",""ListAlertManagerSilences"",""ListAlerts"",""ListAnomalyDetectors"",""ListRuleGroupsNamespaces"",""ListRules"",""ListScrapers"",""ListTagsForResource"",""ListWorkspaces"",""PreviewAnomalyDetector"",""PutAlertManagerDefinition"",""PutAlertManagerSilences"",""PutAnomalyDetector"",""PutResourcePolicy"",""PutRuleGroupsNamespace"",""QueryMetrics"",""RemoteWrite"",""TagResource"",""UntagResource"",""UpdateLoggingConfiguration"",""UpdateQueryLoggingConfiguration"",""UpdateScraper"",""UpdateScraperLoggingConfiguration"",""UpdateWorkspaceAlias"",""UpdateWorkspaceConfiguration""]"
Amazon Managed Streaming for Apache Kafka,kafka,list_kafka.html,,,,,
Amazon Managed Streaming for Kafka Connect,kafkaconnect,list_kafkaconnect.html,,,,,
Amazon Managed Workflows for Apache Airflow,airflow,list_mwaa.html,list_mwaa-action-,link,airflow:CreateCliToken,,"[""CreateCliToken"",""CreateEnvironment"",""CreateWebLoginToken"",""DeleteEnvironment"",""GetEnvironment"",""InvokeRestApi"",""ListEnvironments"",""ListTagsForResource"",""PublishMetrics"",""TagResource"",""UntagResource"",""UpdateEnvironment""]"
Amazon Mechanical Turk,mechanicalturk,list_mturk.html,list_mturk-action-,link,mechanicalturk:AcceptQualificationRequest,,"[""AcceptQualificationRequest"",""ApproveAssignment"",""AssociateQualificationWithWorker"",""CreateAdditionalAssignmentsForHIT"",""CreateHIT"",""CreateHITType"",""CreateHITWithHITType"",""CreateQualificationType"",""CreateWorkerBlock"",""DeleteHIT"",""DeleteQualificationType"",""DeleteWorkerBlock"",""DisassociateQualificationFromWorker"",""GetAccountBalance"",""GetAssignment"",""GetFileUploadURL"",""GetHIT"",""GetQualificationScore"",""GetQualificationType"",""ListAssignmentsForHIT"",""ListBonusPayments"",""ListHITs"",""ListHITsForQualificationType"",""ListQualificationRequests"",""ListQualificationTypes"",""ListReviewPolicyResultsForHIT"",""ListReviewableHITs"",""ListWorkerBlocks"",""ListWorkersWithQualificationType"",""NotifyWorkers"",""RejectAssignment"",""RejectQualificationRequest"",""SendBonus"",""SendTestEventNotification"",""UpdateExpirationForHIT"",""UpdateHITReviewStatus"",""UpdateHITTypeOfHIT"",""UpdateNotificationSettings"",""UpdateQualificationType""]"
Amazon MemoryDB,memorydb,list_memorydb.html,,,,,
Amazon Message Delivery Service,ec2messages,list_ec2messages.html,,,,,
Amazon Message Gateway Service,ssmmessages,list_ssmmessages.html,,,,,
Amazon Mobile Analytics,mobileanalytics,list_mobileanalytics.html,,,,,
Amazon Monitron,monitron,list_monitron.html,,,,,
Amazon MQ,mq,list_mq.html,,,,,
Amazon Neptune,neptune-db,list_neptunedata.html,list_neptunedata-action-,link,neptune-db:CancelLoaderJob,,"[""CancelLoaderJob"",""CancelMLDataProcessingJob"",""CancelMLModelTrainingJob"",""CancelMLModelTransformJob"",""CancelQuery"",""CreateMLEndpoint"",""DeleteDataViaQuery"",""DeleteMLEndpoint"",""DeleteStatistics"",""GetEngineStatus"",""GetGraphSummary"",""GetLoaderJobStatus"",""GetMLDataProcessingJobStatus"",""GetMLEndpointStatus"",""GetMLModelTrainingJobStatus"",""GetMLModelTransformJobStatus"",""GetQueryStatus"",""GetStatisticsStatus"",""GetStreamRecords"",""ListLoaderJobs"",""ListMLDataProcessingJobs"",""ListMLEndpoints"",""ListMLModelTrainingJobs"",""ListMLModelTransformJobs"",""ManageStatistics"",""ReadDataViaQuery"",""ResetDatabase"",""StartLoaderJob"",""StartMLDataProcessingJob"",""StartMLModelTrainingJob"",""StartMLModelTransformJob"",""WriteDataViaQuery"",""connect""]"
Amazon Neptune Analytics,neptune-graph,list_neptune-graph.html,,,,,
Amazon Nimble Studio,nimble,list_nimble.html,,,,,
Amazon Nova Act,nova-act,list_nova-act.html,,,,,
Amazon One Enterprise,one,list_one.html,,,,,
Amazon OpenSearch,opensearch,list_opensearch.html,,,,,
Amazon OpenSearch Ingestion,osis,list_osis.html,,,,,
Amazon OpenSearch Serverless,aoss,list_opensearchserverless.html,list_opensearchserverless-action-,link,aoss:APIAccessAll,,"[""APIAccessAll"",""AddCollectionToCollectionGroup"",""BatchGetCollection"",""BatchGetCollectionGroup"",""BatchGetEffectiveLifecyclePolicy"",""BatchGetLifecyclePolicy"",""BatchGetVpcEndpoint"",""CreateAccessPolicy"",""CreateCollection"",""CreateCollectionGroup"",""CreateIndex"",""CreateLifecyclePolicy"",""CreateSecurityConfig"",""CreateSecurityPolicy"",""CreateVpcEndpoint"",""DashboardsAccessAll"",""DeleteAccessPolicy"",""DeleteCollection"",""DeleteCollectionGroup"",""DeleteIndex"",""DeleteLifecyclePolicy"",""DeleteSecurityConfig"",""DeleteSecurityPolicy"",""DeleteVpcEndpoint"",""GetAccessPolicy"",""GetAccountSettings"",""GetIndex"",""GetPoliciesStats"",""GetSecurityConfig"",""GetSecurityPolicy"",""ListAccessPolicies"",""ListCollectionGroups"",""ListCollections"",""ListLifecyclePolicies"",""ListSecurityConfigs"",""ListSecurityPolicies"",""ListTagsForResource"",""ListVpcEndpoints"",""TagResource"",""UntagResource"",""UpdateAccessPolicy"",""UpdateAccountSettings"",""UpdateCollection"",""UpdateCollectionGroup"",""UpdateIndex"",""UpdateLifecyclePolicy"",""UpdateSecurityConfig"",""UpdateSecurityPolicy"",""UpdateVpcEndpoint""]"
Amazon OpenSearch Service,es,list_es.html,,,,,
Amazon Personalize,personalize,list_personalize.html,,,,,
Amazon Pinpoint,mobiletargeting,list_pinpoint.html,list_pinpoint-action-,link,mobiletargeting:CreateApp,,"[""CreateApp"",""CreateCampaign"",""CreateEmailTemplate"",""CreateExportJob"",""CreateImportJob"",""CreateInAppTemplate"",""CreateJourney"",""CreatePushTemplate"",""CreateRecommenderConfiguration"",""CreateSegment"",""CreateSmsTemplate"",""CreateVoiceTemplate"",""DeleteAdmChannel"",""DeleteApnsChannel"",""DeleteApnsSandboxChannel"",""DeleteApnsVoipChannel"",""DeleteApnsVoipSandboxChannel"",""DeleteApp"",""DeleteBaiduChannel"",""DeleteCampaign"",""DeleteEmailChannel"",""DeleteEmailTemplate"",""DeleteEndpoint"",""DeleteEventStream"",""DeleteGcmChannel"",""DeleteInAppTemplate"",""DeleteJourney"",""DeletePushTemplate"",""DeleteRecommenderConfiguration"",""DeleteSegment"",""DeleteSmsChannel"",""DeleteSmsTemplate"",""DeleteUserEndpoints"",""DeleteVoiceChannel"",""DeleteVoiceTemplate"",""GetAdmChannel"",""GetApnsChannel"",""GetApnsSandboxChannel"",""GetApnsVoipChannel"",""GetApnsVoipSandboxChannel"",""GetApp"",""GetApplicationDateRangeKpi"",""GetApplicationSettings"",""GetApps"",""GetBaiduChannel"",""GetCampaign"",""GetCampaignActivities"",""GetCampaignDateRangeKpi"",""GetCampaignVersion"",""GetCampaignVersions"",""GetCampaigns"",""GetChannels"",""GetEmailChannel"",""GetEmailTemplate"",""GetEndpoint"",""GetEventStream"",""GetExportJob"",""GetExportJobs"",""GetGcmChannel"",""GetImportJob"",""GetImportJobs"",""GetInAppMessages"",""GetInAppTemplate"",""GetJourney"",""GetJourneyDateRangeKpi"",""GetJourneyExecutionActivityMetrics"",""GetJourneyExecutionMetrics"",""GetJourneyRunExecutionActivityMetrics"",""GetJourneyRunExecutionMetrics"",""GetJourneyRuns"",""GetPushTemplate"",""GetRecommenderConfiguration"",""GetRecommenderConfigurations"",""GetReports"",""GetSegment"",""GetSegmentExportJobs"",""GetSegmentImportJobs"",""GetSegmentVersion"",""GetSegmentVersions"",""GetSegments"",""GetSmsChannel"",""GetSmsTemplate"",""GetUserEndpoints"",""GetVoiceChannel"",""GetVoiceTemplate"",""ListJourneys"",""ListTagsForResource"",""ListTemplateVersions"",""ListTemplates"",""PhoneNumberValidate"",""PutEventStream"",""PutEvents"",""RemoveAttributes"",""SendMessages"",""SendOTPMessage"",""SendUsersMessages"",""TagResource"",""UntagResource"",""UpdateAdmChannel"",""UpdateApnsChannel"",""UpdateApnsSandboxChannel"",""UpdateApnsVoipChannel"",""UpdateApnsVoipSandboxChannel"",""UpdateApplicationSettings"",""UpdateBaiduChannel"",""UpdateCampaign"",""UpdateEmailChannel"",""UpdateEmailTemplate"",""UpdateEndpoint"",""UpdateEndpointsBatch"",""UpdateGcmChannel"",""UpdateInAppTemplate"",""UpdateJourney"",""UpdateJourneyState"",""UpdatePushTemplate"",""UpdateRecommenderConfiguration"",""UpdateSegment"",""UpdateSmsChannel"",""UpdateSmsTemplate"",""UpdateTemplateActiveVersion"",""UpdateVoiceChannel"",""UpdateVoiceTemplate"",""VerifyOTPMessage""]"
Amazon Pinpoint Email Service,ses,list_pinpoint-email.html,list_pinpoint-email-action-,link,ses:CreateConfigurationSet,,"[""CreateConfigurationSet"",""CreateConfigurationSetEventDestination"",""CreateDedicatedIpPool"",""CreateDeliverabilityTestReport"",""CreateEmailIdentity"",""DeleteConfigurationSet"",""DeleteConfigurationSetEventDestination"",""DeleteDedicatedIpPool"",""DeleteEmailIdentity"",""GetAccount"",""GetBlacklistReports"",""GetConfigurationSet"",""GetConfigurationSetEventDestinations"",""GetDedicatedIp"",""GetDedicatedIps"",""GetDeliverabilityDashboardOptions"",""GetDeliverabilityTestReport"",""GetDomainDeliverabilityCampaign"",""GetDomainStatisticsReport"",""GetEmailIdentity"",""ListConfigurationSets"",""ListDedicatedIpPools"",""ListDeliverabilityTestReports"",""ListDomainDeliverabilityCampaigns"",""ListEmailIdentities"",""ListTagsForResource"",""PutAccountDedicatedIpWarmupAttributes"",""PutAccountSendingAttributes"",""PutConfigurationSetDeliveryOptions"",""PutConfigurationSetReputationOptions"",""PutConfigurationSetSendingOptions"",""PutConfigurationSetTrackingOptions"",""PutDedicatedIpInPool"",""PutDedicatedIpWarmupAttributes"",""PutDeliverabilityDashboardOption"",""PutEmailIdentityDkimAttributes"",""PutEmailIdentityFeedbackAttributes"",""PutEmailIdentityMailFromAttributes"",""SendEmail"",""TagResource"",""UntagResource"",""UpdateConfigurationSetEventDestination""]"
Amazon Pinpoint SMS and Voice Service,sms-voice,list_pinpoint-sms-voice.html,list_pinpoint-sms-voice-action-,,,,
Amazon Polly,polly,list_polly.html,,,,,
Amazon Q,q,list_q.html,,,,,
Amazon Q Business,qbusiness,list_qbusiness.html,,,,,
Amazon Q Business Q Apps,qapps,list_qapps.html,,,,,
Amazon Q Developer,qdeveloper,list_qdeveloper.html,,,,,
Amazon Q in Connect,wisdom,list_q-in-connect.html,list_q-in-connect-action-,link,wisdom:ActivateMessageTemplate,,"[""ActivateMessageTemplate"",""AllowVendedLogDeliveryForResource"",""CreateAIAgent"",""CreateAIAgentVersion"",""CreateAIGuardrail"",""CreateAIGuardrailVersion"",""CreateAIPrompt"",""CreateAIPromptVersion"",""CreateAssistant"",""CreateAssistantAssociation"",""CreateContent"",""CreateContentAssociation"",""CreateKnowledgeBase"",""CreateMessageTemplate"",""CreateMessageTemplateAttachment"",""CreateMessageTemplateVersion"",""CreateQuickResponse"",""CreateSession"",""DeactivateMessageTemplate"",""DeleteAIAgent"",""DeleteAIAgentVersion"",""DeleteAIGuardrail"",""DeleteAIGuardrailVersion"",""DeleteAIPrompt"",""DeleteAIPromptVersion"",""DeleteAssistant"",""DeleteAssistantAssociation"",""DeleteContent"",""DeleteContentAssociation"",""DeleteImportJob"",""DeleteKnowledgeBase"",""DeleteMessageTemplate"",""DeleteMessageTemplateAttachment"",""DeleteQuickResponse"",""GetAIAgent"",""GetAIGuardrail"",""GetAIPrompt"",""GetAssistant"",""GetAssistantAssociation"",""GetContent"",""GetContentAssociation"",""GetContentSummary"",""GetImportJob"",""GetKnowledgeBase"",""GetMessageTemplate"",""GetNextMessage"",""GetQuickResponse"",""GetRecommendations"",""GetSession"",""ListAIAgentVersions"",""ListAIAgents"",""ListAIGuardrailVersions"",""ListAIGuardrails"",""ListAIPromptVersions"",""ListAIPrompts"",""ListAssistantAssociations"",""ListAssistants"",""ListContentAssociations"",""ListContents"",""ListImportJobs"",""ListKnowledgeBases"",""ListMessageTemplateVersions"",""ListMessageTemplates"",""ListMessages"",""ListModels"",""ListQuickResponses"",""ListSpans"",""ListTagsForResource"",""NotifyRecommendationsReceived"",""PutFeedback"",""QueryAssistant"",""RemoveAssistantAIAgent"",""RemoveKnowledgeBaseTemplateUri"",""RenderMessageTemplate"",""Retrieve"",""SearchContent"",""SearchMessageTemplates"",""SearchQuickResponses"",""SearchSessions"",""SendMessage"",""StartContentUpload"",""StartImportJob"",""TagResource"",""UntagResource"",""UpdateAIAgent"",""UpdateAIGuardrail"",""UpdateAIPrompt"",""UpdateAssistantAIAgent"",""UpdateContent"",""UpdateKnowledgeBaseTemplateUri"",""UpdateMessageTemplate"",""UpdateMessageTemplateMetadata"",""UpdateQuickResponse"",""UpdateSession"",""UpdateSessionData""]"
Amazon QLDB,qldb,list_qldb.html,,,,,
Amazon QuickSight,quicksight,list_quicksight.html,,,,,
Amazon RDS,rds,list_rds.html,,,,,
Amazon RDS Data API,rds-data,list_rds-data.html,,,,,
Amazon RDS IAM Authentication,rds-db,list_rds-db.html,,,,,
Amazon Redshift,redshift,list_redshift.html,,,,,
Amazon Redshift Data API,redshift-data,list_redshift-data.html,,,,,
Amazon Redshift Serverless,redshift-serverless,list_redshift-serverless.html,,,,,
Amazon Rekognition,rekognition,list_rekognition.html,,,,,
Amazon Resource Group Tagging API,tag,list_resourcegroupstaggingapi.html,list_resourcegroupstaggingapi-action-,link,tag:DescribeReportCreation,,"[""DescribeReportCreation"",""GetComplianceSummary"",""GetResources"",""GetTagKeys"",""GetTagValues"",""ListRequiredTags"",""StartReportCreation"",""TagResources"",""UntagResources""]"
Amazon RHEL Knowledgebase Portal,rhelkb,list_rhelkb.html,,,,,
Amazon Route 53,route53,list_route53.html,,,,,
Amazon Route 53 Domains,route53domains,list_route53domains.html,,,,,
Amazon Route 53 Profiles,route53profiles,list_route53profiles.html,,,,,
Amazon Route 53 Recovery Cluster,route53-recovery-cluster,list_route53-recovery-cluster.html,,,,,
Amazon Route 53 Recovery Controls,route53-recovery-control-config,list_route53-recovery-control-config.html,,,,,
Amazon Route 53 Recovery Readiness,route53-recovery-readiness,list_route53-recovery-readiness.html,,,,,
Amazon Route 53 Resolver,route53resolver,list_route53resolver.html,,,,,
Amazon S3,s3,list_s3.html,,,,,
Amazon S3 Express,s3express,list_s3express.html,,,,,
Amazon S3 Files,s3files,list_s3files.html,,,,,
Amazon S3 Glacier,glacier,list_glacier.html,,,,,
Amazon S3 Object Lambda,s3-object-lambda,list_s3-object-lambda.html,,,,,
Amazon S3 on Outposts,s3-outposts,list_s3outposts.html,list_s3outposts-action-,link,s3-outposts:AbortMultipartUpload,,"[""AbortMultipartUpload"",""CreateAccessPoint"",""CreateBucket"",""CreateEndpoint"",""DeleteAccessPoint"",""DeleteAccessPointPolicy"",""DeleteBucket"",""DeleteBucketPolicy"",""DeleteEndpoint"",""DeleteObject"",""DeleteObjectTagging"",""DeleteObjectVersion"",""DeleteObjectVersionTagging"",""GetAccessPoint"",""GetAccessPointPolicy"",""GetBucket"",""GetBucketPolicy"",""GetBucketTagging"",""GetBucketVersioning"",""GetLifecycleConfiguration"",""GetObject"",""GetObjectTagging"",""GetObjectVersion"",""GetObjectVersionForReplication"",""GetObjectVersionTagging"",""GetReplicationConfiguration"",""ListAccessPoints"",""ListBucket"",""ListBucketMultipartUploads"",""ListBucketVersions"",""ListEndpoints"",""ListMultipartUploadParts"",""ListOutpostsWithS3"",""ListRegionalBuckets"",""ListSharedEndpoints"",""PutAccessPointPolicy"",""PutBucketPolicy"",""PutBucketTagging"",""PutBucketVersioning"",""PutLifecycleConfiguration"",""PutObject"",""PutObjectAcl"",""PutObjectTagging"",""PutObjectVersionTagging"",""PutReplicationConfiguration"",""ReplicateDelete"",""ReplicateObject"",""ReplicateTags""]"
Amazon S3 Tables,s3tables,list_s3tables.html,,,,,
Amazon S3 Vectors,s3vectors,list_s3vectors.html,,,,,
Amazon SageMaker,sagemaker,list_sagemaker.html,,,,,
Amazon SageMaker data science assistant,sagemaker-data-science-assistant,list_sagemaker-data-science-assistant.html,,,,,
Amazon SageMaker geospatial capabilities,sagemaker-geospatial,list_sagemaker-geospatial.html,,,,,
Amazon SageMaker Unified Studio MCP,sagemaker-unified-studio-mcp,list_sagemaker-unified-studio-mcp.html,,,,,
Amazon SageMaker with MLflow,sagemaker-mlflow,list_sagemaker-mlflow.html,,,,,
Amazon Security Lake,securitylake,list_securitylake.html,,,,,
Amazon SES,ses,list_ses.html,,,,,
Amazon Simple Email Service - Mail Manager,ses,list_mailmanager.html,list_mailmanager-action-,link,ses:AllowVendedLogDeliveryForResource,,"[""AllowVendedLogDeliveryForResource"",""CreateAddonInstance"",""CreateAddonSubscription"",""CreateAddressList"",""CreateAddressListImportJob"",""CreateArchive"",""CreateIngressPoint"",""CreateRelay"",""CreateRuleSet"",""CreateTrafficPolicy"",""DeleteAddonInstance"",""DeleteAddonSubscription"",""DeleteAddressList"",""DeleteArchive"",""DeleteIngressPoint"",""DeleteRelay"",""DeleteRuleSet"",""DeleteTrafficPolicy"",""DeregisterMemberFromAddressList"",""GetAddonInstance"",""GetAddonSubscription"",""GetAddressList"",""GetAddressListImportJob"",""GetArchive"",""GetArchiveExport"",""GetArchiveMessage"",""GetArchiveMessageContent"",""GetArchiveSearch"",""GetArchiveSearchResults"",""GetIngressPoint"",""GetMemberOfAddressList"",""GetRelay"",""GetRuleSet"",""GetTrafficPolicy"",""ListAddonInstances"",""ListAddonSubscriptions"",""ListAddressListImportJobs"",""ListAddressLists"",""ListArchiveExports"",""ListArchiveSearches"",""ListArchives"",""ListIngressPoints"",""ListMembersOfAddressList"",""ListRelays"",""ListRuleSets"",""ListTagsForResource"",""ListTrafficPolicies"",""RegisterMemberToAddressList"",""StartAddressListImportJob"",""StartArchiveExport"",""StartArchiveSearch"",""StopAddressListImportJob"",""StopArchiveExport"",""StopArchiveSearch"",""TagResource"",""UntagResource"",""UpdateArchive"",""UpdateIngressPoint"",""UpdateRelay"",""UpdateRuleSet"",""UpdateTrafficPolicy""]"
Amazon Simple Email Service v2,ses,list_sesv2.html,list_sesv2-action-,link,ses:ApplyTrackingConfigurationOverrides,,"[""ApplyTrackingConfigurationOverrides"",""AssociateEmailIdentityCertificate"",""BatchGetMetricData"",""CancelExportJob"",""CreateConfigurationSet"",""CreateConfigurationSetEventDestination"",""CreateContact"",""CreateContactList"",""CreateCustomVerificationEmailTemplate"",""CreateDedicatedIpPool"",""CreateDeliverabilityTestReport"",""CreateEmailIdentity"",""CreateEmailIdentityPolicy"",""CreateEmailTemplate"",""CreateExportJob"",""CreateImportJob"",""CreateMultiRegionEndpoint"",""CreateTenant"",""CreateTenantResourceAssociation"",""DeleteConfigurationSet"",""DeleteConfigurationSetEventDestination"",""DeleteContact"",""DeleteContactList"",""DeleteCustomVerificationEmailTemplate"",""DeleteDedicatedIpPool"",""DeleteEmailIdentity"",""DeleteEmailIdentityPolicy"",""DeleteEmailTemplate"",""DeleteMultiRegionEndpoint"",""DeleteSuppressedDestination"",""DeleteTenant"",""DeleteTenantResourceAssociation"",""DisassociateEmailIdentityCertificate"",""GetAccount"",""GetBlacklistReports"",""GetConfigurationSet"",""GetConfigurationSetEventDestinations"",""GetContact"",""GetContactList"",""GetCustomVerificationEmailTemplate"",""GetDedicatedIp"",""GetDedicatedIpPool"",""GetDedicatedIps"",""GetDeliverabilityDashboardOptions"",""GetDeliverabilityTestReport"",""GetDomainDeliverabilityCampaign"",""GetDomainStatisticsReport"",""GetEmailAddressInsights"",""GetEmailIdentity"",""GetEmailIdentityPolicies"",""GetEmailTemplate"",""GetExportJob"",""GetImportJob"",""GetMessageInsights"",""GetMultiRegionEndpoint"",""GetReputationEntity"",""GetSuppressedDestination"",""GetTenant"",""ListConfigurationSets"",""ListContactLists"",""ListContacts"",""ListCustomVerificationEmailTemplates"",""ListDedicatedIpPools"",""ListDeliverabilityTestReports"",""ListDomainDeliverabilityCampaigns"",""ListEmailIdentities"",""ListEmailIdentityCertificates"",""ListEmailTemplates"",""ListExportJobs"",""ListImportJobs"",""ListMultiRegionEndpoints"",""ListRecommendations"",""ListReputationEntities"",""ListResourceTenants"",""ListSuppressedDestinations"",""ListTagsForResource"",""ListTenantResources"",""ListTenants"",""PutAccountDedicatedIpWarmupAttributes"",""PutAccountDetails"",""PutAccountPricingAttributes"",""PutAccountSendingAttributes"",""PutAccountSuppressionAttributes"",""PutAccountVdmAttributes"",""PutConfigurationSetArchivingOptions"",""PutConfigurationSetDeliveryOptions"",""PutConfigurationSetReputationOptions"",""PutConfigurationSetSendingOptions"",""PutConfigurationSetSuppressionOptions"",""PutConfigurationSetTrackingOptions"",""PutConfigurationSetVdmOptions"",""PutDedicatedIpInPool"",""PutDedicatedIpPoolScalingAttributes"",""PutDedicatedIpWarmupAttributes"",""PutDeliverabilityDashboardOption"",""PutEmailIdentityConfigurationSetAttributes"",""PutEmailIdentityDkimAttributes"",""PutEmailIdentityDkimSigningAttributes"",""PutEmailIdentityFeedbackAttributes"",""PutEmailIdentityMailFromAttributes"",""PutSuppressedDestination"",""PutTenantSuppressionAttributes"",""ReplicateEmailIdentityDkimSigningKey"",""SendBulkEmail"",""SendCustomVerificationEmail"",""SendEmail"",""TagResource"",""TestRenderEmailTemplate"",""UntagResource"",""UpdateConfigurationSet"",""UpdateConfigurationSetEventDestination"",""UpdateContact"",""UpdateContactList"",""UpdateCustomVerificationEmailTemplate"",""UpdateEmailIdentityPolicy"",""UpdateEmailTemplate"",""UpdateReputationEntityCustomerManagedStatus"",""UpdateReputationEntityPolicy""]"
Amazon Simple Workflow Service,swf,list_swf.html,,,,,
Amazon SimpleDB,sdb,list_simpledb.html,list_simpledb-action-,link,sdb:BatchDeleteAttributes,,"[""BatchDeleteAttributes"",""BatchPutAttributes"",""CreateDomain"",""DeleteAttributes"",""DeleteDomain"",""DomainMetadata"",""GetAttributes"",""GetExport"",""ListDomains"",""ListExports"",""PutAttributes"",""Select"",""StartDomainExport""]"
Amazon SNS,sns,list_sns.html,,,,,
Amazon SQS,sqs,list_sqs.html,,,,,
Amazon Textract,textract,list_textract.html,,,,,
Amazon Timestream,timestream,list_timestream.html,,,,,
Amazon Timestream InfluxDB,timestream-influxdb,list_timestream-influxdb.html,,,,,
Amazon Transcribe,transcribe,list_transcribe.html,,,,,
Amazon Translate,translate,list_translate.html,,,,,
Amazon Verified Permissions,verifiedpermissions,list_verifiedpermissions.html,,,,,
Amazon VPC Lattice,vpc-lattice,list_vpc-lattice.html,,,,,
Amazon VPC Lattice Services,vpc-lattice-svcs,list_vpc-lattice-svcs.html,,,,,
Amazon WorkDocs,workdocs,list_workdocs.html,,,,,
Amazon WorkLink,worklink,list_worklink.html,,,,,
Amazon WorkMail,workmail,list_workmail.html,,,,,
Amazon WorkMail Message Flow,workmailmessageflow,list_workmailmessageflow.html,,,,,
Amazon WorkSpaces,workspaces,list_workspaces.html,,,,,
Amazon WorkSpaces AgentAccess MCP Server,agentaccess-mcp,list_agentaccess-mcp.html,,,,,
Amazon WorkSpaces Application Manager,wam,list_wam.html,,,,,
Amazon WorkSpaces Secure Browser,workspaces-web,list_workspaces-web.html,,,,,
Amazon WorkSpaces Thin Client,thinclient,list_workspaces-thin-client.html,list_workspaces-thin-client-action-,link,thinclient:CreateEnvironment,,"[""CreateEnvironment"",""DeleteDevice"",""DeleteEnvironment"",""DeregisterDevice"",""GetDevice"",""GetDeviceDetails"",""GetEnvironment"",""GetSoftwareSet"",""ListDeviceSessions"",""ListDevices"",""ListEnvironments"",""ListSoftwareSets"",""ListTagsForResource"",""TagResource"",""UntagResource"",""UpdateDevice"",""UpdateEnvironment"",""UpdateSoftwareSet""]"
AmazonMediaImport,mediaimport,list_mediaimport.html,,,,,
Apache Kafka APIs for Amazon MSK clusters,kafka-cluster,list_kafka-cluster.html,,,,,
Application Discovery Arsenal,arsenal,list_arsenal.html,,,,,
AWS Account Management,account,list_account.html,,,,,
AWS Action Recommendations,action-recommendations,list_action-recommendations.html,,,,,
AWS Activate,activate,list_activate.html,,,,,
AWS Agent Registry,agent-registry,list_agent-registry.html,,,,,
AWS Amplify,amplify,list_amplify.html,,,,,
AWS Amplify Admin,amplifybackend,list_amplifybackend.html,,,,,
AWS Amplify UI Builder,amplifyuibuilder,list_amplifyuibuilder.html,,,,,
AWS App Mesh,appmesh,list_appmesh.html,,,,,
AWS App Mesh Preview,appmesh-preview,list_appmesh-preview.html,,,,,
AWS App Runner,apprunner,list_apprunner.html,,,,,
AWS App Studio,appstudio,list_appstudio.html,,,,,
AWS App2Container,a2c,list_a2c.html,,,,,
AWS AppConfig,appconfig,list_appconfig.html,,,,,
AWS AppFabric,appfabric,list_appfabric.html,,,,,
AWS Application Auto Scaling,application-autoscaling,list_application-autoscaling.html,,,,,
AWS Application Discovery Service,discovery,list_discovery.html,,,,,
AWS Application Migration Service,mgn,list_mgn.html,,,,,
AWS Application Transformation Service,application-transformation,list_application-transformation.html,,,,,
AWS AppSync,appsync,list_appsync.html,,,,,
AWS Artifact,artifact,list_artifact.html,,,,,
AWS Audit Manager,auditmanager,list_auditmanager.html,,,,,
AWS Auto Scaling,autoscaling-plans,list_autoscaling-plans.html,,,,,
AWS B2B Data Interchange,b2bi,list_b2bi.html,,,,,
AWS Backup,backup,list_backup.html,,,,,
AWS Backup Gateway,backup-gateway,list_backup-gateway.html,,,,,
AWS Backup Search,backup-search,list_backupsearch.html,list_backupsearch-action-,link,backup-search:GetSearchJob,,"[""GetSearchJob"",""GetSearchResultExportJob"",""ListSearchJobBackups"",""ListSearchJobResults"",""ListSearchJobs"",""ListSearchResultExportJobs"",""ListTagsForResource"",""StartSearchJob"",""StartSearchResultExportJob"",""StopSearchJob"",""TagResource"",""UntagResource""]"
AWS Backup storage,backup-storage,list_backup-storage.html,,,,,
AWS Batch,batch,list_batch.html,,,,,
AWS Billing,billing,list_billing.html,,,,,
AWS Billing and Cost Management Dashboards,bcm-dashboards,list_bcm-dashboards.html,,,,,
AWS Billing And Cost Management Data Exports,bcm-data-exports,list_bcm-data-exports.html,,,,,
AWS Billing And Cost Management Pricing Calculator,bcm-pricing-calculator,list_bcm-pricing-calculator.html,,,,,
AWS Billing And Cost Management Recommended Actions,bcm-recommended-actions,list_bcm-recommended-actions.html,,,,,
AWS Billing Conductor,billingconductor,list_billingconductor.html,,,,,
AWS Billing Console,aws-portal,list_aws-portal.html,,,,,
AWS Budget Service,budgets,list_budgets.html,,,,,
AWS BugBust,bugbust,list_bugbust.html,,,,,
AWS Certificate Manager,acm,list_acm.html,,,,,
AWS Chatbot,chatbot,list_chatbot.html,,,,,
AWS Clean Rooms,cleanrooms,list_cleanrooms.html,,,,,
AWS Clean Rooms ML,cleanrooms-ml,list_cleanroomsml.html,list_cleanroomsml-action-,link,cleanrooms-ml:CancelTrainedModel,X,"[""CancelTrainedModel"",""CancelTrainedModelInferenceJob"",""CreateAudienceModel"",""CreateConfiguredAudienceModel"",""CreateConfiguredModelAlgorithm"",""CreateConfiguredModelAlgorithmAssociation"",""CreateMLInputChannel"",""CreateTrainedModel"",""CreateTrainingDataset"",""DeleteAudienceGenerationJob"",""DeleteAudienceModel"",""DeleteConfiguredAudienceModel"",""DeleteConfiguredAudienceModelPolicy"",""DeleteConfiguredModelAlgorithm"",""DeleteConfiguredModelAlgorithmAssociation"",""DeleteMLConfiguration"",""DeleteMLInputChannelData"",""DeleteTrainedModelOutput"",""DeleteTrainingDataset"",""GetAudienceGenerationJob"",""GetAudienceModel"",""GetCollaborationConfiguredModelAlgorithmAssociation"",""GetCollaborationMLInputChannel"",""GetCollaborationTrainedModel"",""GetConfiguredAudienceModel"",""GetConfiguredAudienceModelPolicy"",""GetConfiguredModelAlgorithm"",""GetConfiguredModelAlgorithmAssociation"",""GetMLConfiguration"",""GetMLInputChannel"",""GetTrainedModel"",""GetTrainedModelInferenceJob"",""GetTrainingDataset"",""ListAudienceExportJobs"",""ListAudienceGenerationJobs"",""ListAudienceModels"",""ListCollaborationConfiguredModelAlgorithmAssociations"",""ListCollaborationMLInputChannels"",""ListCollaborationTrainedModelExportJobs"",""ListCollaborationTrainedModelInferenceJobs"",""ListCollaborationTrainedModels"",""ListConfiguredAudienceModels"",""ListConfiguredModelAlgorithmAssociations"",""ListConfiguredModelAlgorithms"",""ListMLInputChannels"",""ListTagsForResource"",""ListTrainedModelInferenceJobs"",""ListTrainedModelVersions"",""ListTrainedModels"",""ListTrainingDatasets"",""PutConfiguredAudienceModelPolicy"",""PutMLConfiguration"",""StartAudienceExportJob"",""StartAudienceGenerationJob"",""StartTrainedModelExportJob"",""StartTrainedModelInferenceJob"",""TagResource"",""UnTagResource"",""UpdateConfiguredAudienceModel""]"
AWS Cloud Control API,cloudformation,list_cloudcontrol.html,list_cloudcontrol-action-,link,cloudformation:CancelResourceRequest,,"[""CancelResourceRequest"",""CreateResource"",""DeleteResource"",""GetResource"",""GetResourceRequestStatus"",""ListResourceRequests"",""ListResources"",""UpdateResource""]"
AWS Cloud Map,servicediscovery,list_servicediscovery.html,,,,,
AWS Cloud9,cloud9,list_cloud9.html,,,,,
AWS CloudFormation,cloudformation,list_cloudformation.html,,,,,
AWS CloudHSM,cloudhsm,list_cloudhsm.html,,,,,
AWS CloudShell,cloudshell,list_cloudshell.html,,,,,
AWS CloudTrail,cloudtrail,list_cloudtrail.html,,,,,
AWS CloudTrail Data,cloudtrail-data,list_cloudtrail-data.html,,,,,
AWS CloudWatch RUM,rum,list_rum.html,,,,,
AWS CodeArtifact,codeartifact,list_codeartifact.html,,,,,
AWS CodeBuild,codebuild,list_codebuild.html,,,,,
AWS CodeCommit,codecommit,list_codecommit.html,,,,,
AWS CodeConnections,codeconnections,list_codeconnections.html,,,,,
AWS CodeDeploy,codedeploy,list_codedeploy.html,,,,,
AWS CodeDeploy secure host commands service,codedeploy-commands-secure,list_codedeploy-commands-secure.html,,,,,
AWS CodePipeline,codepipeline,list_codepipeline.html,,,,,
AWS CodeStar,codestar,list_codestar.html,,,,,
AWS CodeStar Connections,codestar-connections,list_codestar-connections.html,,,,,
AWS CodeStar Notifications,codestar-notifications,list_codestar-notifications.html,,,,,
AWS Compute Optimizer,compute-optimizer,list_compute-optimizer.html,,,,,
AWS Compute Optimizer Automation,aco-automation,list_compute-optimizer-automation.html,list_compute-optimizer-automation-action-,link,aco-automation:AssociateAccounts,,"[""AssociateAccounts"",""CreateAutomationRule"",""DeleteAutomationRule"",""DisassociateAccounts"",""GetAutomationEvent"",""GetAutomationRule"",""GetEnrollmentConfiguration"",""ListAccounts"",""ListAutomationEventSteps"",""ListAutomationEventSummaries"",""ListAutomationEvents"",""ListAutomationRulePreview"",""ListAutomationRulePreviewSummaries"",""ListAutomationRules"",""ListRecommendedActionSummaries"",""ListRecommendedActions"",""ListTagsForResource"",""RollbackAutomationEvent"",""StartAutomationEvent"",""TagResource"",""UntagResource"",""UpdateAutomationRule"",""UpdateEnrollmentConfiguration""]"
AWS Config,config,list_config.html,,,,,
AWS Connector Service,awsconnector,list_awsconnector.html,,,,,
AWS Console Mobile App,consoleapp,list_consoleapp.html,,link,consoleapp:GetDeviceIdentity,X,"[""GetDeviceIdentity"",""ListDeviceIdentities""]"
AWS Consolidated Billing,consolidatedbilling,list_consolidatedbilling.html,,,,,
AWS Control Catalog,controlcatalog,list_controlcatalog.html,,,,,
AWS Control Tower,controltower,list_controltower.html,,,,,
AWS Cost and Usage Report,cur,list_cur.html,,,,,
AWS Cost Explorer Service,ce,list_ce.html,,,,,
AWS Cost Optimization Hub,cost-optimization-hub,list_cost-optimization-hub.html,,,,,
AWS Customer Verification Service,customer-verification,list_customer-verification.html,,,,,
AWS Data Exchange,dataexchange,list_dataexchange.html,,,,,
AWS Data Pipeline,datapipeline,list_datapipeline.html,,,,,
AWS Database Migration Service,dms,list_dms.html,,,,,
AWS DataSync,datasync,list_datasync.html,,,,,
AWS Deadline Cloud,deadline,list_deadline.html,,,,,
AWS Device Farm,devicefarm,list_devicefarm.html,,,,,
AWS DevOps Agent Service,aidevops,list_devops-agent.html,list_devops-agent-action-,link,aidevops:AllowVendedLogDeliveryForResource,,"[""AllowVendedLogDeliveryForResource"",""AssociateService"",""CreateAccessToken"",""CreateAgentSpace"",""CreateAsset"",""CreateAssetFile"",""CreateBacklogTask"",""CreateChat"",""CreateKnowledgeItem"",""CreateOneTimeLoginSession"",""CreatePrivateConnection"",""CreateTrigger"",""DeleteAgentSpace"",""DeleteAsset"",""DeleteAssetFile"",""DeleteKnowledgeItem"",""DeletePrivateConnection"",""DeleteTrigger"",""DeregisterService"",""DescribePrivateConnection"",""DescribeServices"",""DescribeSupportLevel"",""DisableOperatorApp"",""DisassociateService"",""DiscoverTopology"",""EnableOperatorApp"",""EndChatForCase"",""GetAccessToken"",""GetAccountUsage"",""GetAgentSpace"",""GetAsset"",""GetAssetContent"",""GetAssetFile"",""GetAssociation"",""GetBacklogTask"",""GetKnowledgeItem"",""GetOperatorApp"",""GetRecommendation"",""GetService"",""GetTrigger"",""InitiateChatForCase"",""ListAccessTokens"",""ListAgentSpaces"",""ListAssetFiles"",""ListAssetTypes"",""ListAssetVersions"",""ListAssets"",""ListAssociations"",""ListBacklogTasks"",""ListChats"",""ListExecutions"",""ListGoals"",""ListJournalRecords"",""ListKnowledgeItemVersions"",""ListKnowledgeItems"",""ListPendingMessages"",""ListPrivateConnections"",""ListRecommendations"",""ListServices"",""ListTagsForResource"",""ListTriggers"",""ListWebhooks"",""RegisterService"",""RevokeAccessToken"",""RotateAccessToken"",""SearchServiceAccessibleResource"",""SendMessage"",""TagResource"",""UntagResource"",""UpdateAgentSpace"",""UpdateApprovalAction"",""UpdateAsset"",""UpdateAssetFile"",""UpdateAssociation"",""UpdateBacklogTask"",""UpdateGoal"",""UpdateKnowledgeItem"",""UpdateOperatorAppIdpConfig"",""UpdatePrivateConnectionCertificate"",""UpdateRecommendation"",""UpdateTrigger"",""ValidateAwsAssociations""]"
AWS Diagnostic tools,ts,list_ts.html,,,,,
AWS Direct Connect,directconnect,list_directconnect.html,,,,,
AWS Directory Service,ds,list_ds.html,,,,,
AWS Directory Service Data,ds-data,list_ds-data.html,,,,,
AWS Elastic Beanstalk,elasticbeanstalk,list_elasticbeanstalk.html,,,,,
AWS Elastic Disaster Recovery,drs,list_drs.html,,,,,
AWS Elastic Load Balancing,elasticloadbalancing,list_elb.html,list_elb-action-,link,elasticloadbalancing:AddTags,,"[""AddTags"",""ApplySecurityGroupsToLoadBalancer"",""AttachLoadBalancerToSubnets"",""ConfigureHealthCheck"",""CreateAppCookieStickinessPolicy"",""CreateLBCookieStickinessPolicy"",""CreateLoadBalancer"",""CreateLoadBalancerListeners"",""CreateLoadBalancerPolicy"",""DeleteLoadBalancer"",""DeleteLoadBalancerListeners"",""DeleteLoadBalancerPolicy"",""DeregisterInstancesFromLoadBalancer"",""DescribeInstanceHealth"",""DescribeLoadBalancerAttributes"",""DescribeLoadBalancerPolicies"",""DescribeLoadBalancerPolicyTypes"",""DescribeLoadBalancers"",""DescribeTags"",""DetachLoadBalancerFromSubnets"",""DisableAvailabilityZonesForLoadBalancer"",""EnableAvailabilityZonesForLoadBalancer"",""ModifyLoadBalancerAttributes"",""RegisterInstancesWithLoadBalancer"",""RemoveTags"",""SetLoadBalancerListenerSSLCertificate"",""SetLoadBalancerPoliciesForBackendServer"",""SetLoadBalancerPoliciesOfListener""]"
AWS Elastic Load Balancing V2,elasticloadbalancing,list_elbv2.html,list_elbv2-action-,link,#VALUE!,,
AWS Elemental Appliances and Software,elemental-appliances-software,list_elemental-appliances-software.html,,,,,
AWS Elemental Appliances and Software Activation Service,elemental-activations,list_elemental-activations.html,,,,,
AWS Elemental Inference,elemental-inference,list_elementalinference.html,list_elementalinference-action-,link,elemental-inference:AssociateFeed,,"[""AssociateFeed"",""CreateDictionary"",""CreateFeed"",""DeleteDictionary"",""DeleteFeed"",""DeleteFeedPolicy"",""DisassociateFeed"",""ExportDictionaryEntries"",""GetDictionary"",""GetFeed"",""GetFeedPolicy"",""GetMetadata"",""ListDictionaries"",""ListFeeds"",""ListTagsForResource"",""PutFeedPolicy"",""PutMedia"",""TagResource"",""UntagResource"",""UpdateDictionary"",""UpdateFeed""]"
AWS Elemental MediaConnect,mediaconnect,list_mediaconnect.html,,,,,
AWS Elemental MediaConvert,mediaconvert,list_mediaconvert.html,,,,,
AWS Elemental MediaLive,medialive,list_medialive.html,,,,,
AWS Elemental MediaPackage,mediapackage,list_mediapackage.html,,,,,
AWS Elemental MediaPackage V2,mediapackagev2,list_mediapackagev2.html,,,,,
AWS Elemental MediaPackage VOD,mediapackage-vod,list_mediapackage-vod.html,,,,,
AWS Elemental MediaStore,mediastore,list_mediastore.html,,,,,
AWS Elemental MediaTailor,mediatailor,list_mediatailor.html,,,,,
AWS Elemental Support Cases,elemental-support-cases,list_elemental-support-cases.html,,,,,
AWS Elemental Support Content,elemental-support-content,list_elemental-support-content.html,,,,,
AWS End User Messaging SMS and Voice V2,sms-voice,list_pinpoint-sms-voice-v2.html,list_pinpoint-sms-voice-v2-action-,link,sms-voice:AssociateOriginationIdentity,,"[""AssociateOriginationIdentity"",""AssociateProtectConfiguration"",""CarrierLookup"",""CreateConfigurationSet"",""CreateEventDestination"",""CreateNotifyConfiguration"",""CreateOptOutList"",""CreatePool"",""CreateProtectConfiguration"",""CreateRcsAgent"",""CreateRegistration"",""CreateRegistrationAssociation"",""CreateRegistrationAttachment"",""CreateRegistrationVersion"",""CreateVerifiedDestinationNumber"",""DeleteAccountDefaultProtectConfiguration"",""DeleteConfigurationSet"",""DeleteDefaultMessageType"",""DeleteDefaultSenderId"",""DeleteEventDestination"",""DeleteKeyword"",""DeleteMediaMessageSpendLimitOverride"",""DeleteNotifyConfiguration"",""DeleteNotifyMessageSpendLimitOverride"",""DeleteOptOutList"",""DeleteOptedOutNumber"",""DeletePool"",""DeleteProtectConfiguration"",""DeleteProtectConfigurationRuleSetNumberOverride"",""DeleteRcsAgent"",""DeleteRcsMessageSpendLimitOverride"",""DeleteRegistration"",""DeleteRegistrationAttachment"",""DeleteRegistrationFieldValue"",""DeleteResourcePolicy"",""DeleteTextMessageSpendLimitOverride"",""DeleteVerifiedDestinationNumber"",""DeleteVoiceMessageSpendLimitOverride"",""DescribeAccountAttributes"",""DescribeAccountLimits"",""DescribeConfigurationSets"",""DescribeKeywords"",""DescribeNotifyConfigurations"",""DescribeNotifyTemplates"",""DescribeOptOutLists"",""DescribeOptedOutNumbers"",""DescribePhoneNumbers"",""DescribePools"",""DescribeProtectConfigurations"",""DescribeRcsAgentCountryLaunchStatus"",""DescribeRcsAgents"",""DescribeRegistrationAttachments"",""DescribeRegistrationFieldDefinitions"",""DescribeRegistrationFieldValues"",""DescribeRegistrationSectionDefinitions"",""DescribeRegistrationTypeDefinitions"",""DescribeRegistrationVersions"",""DescribeRegistrations"",""DescribeSenderIds"",""DescribeSpendLimits"",""DescribeVerifiedDestinationNumbers"",""DisassociateOriginationIdentity"",""DisassociateProtectConfiguration"",""DiscardRegistrationVersion"",""GetProtectConfigurationCountryRuleSet"",""GetResourcePolicy"",""ListAvailablePhoneNumbers"",""ListNotifyCountries"",""ListPoolOriginationIdentities"",""ListProtectConfigurationRuleSetNumberOverrides"",""ListRegistrationAssociations"",""ListTagsForResource"",""PutKeyword"",""PutMessageFeedback"",""PutOptedOutNumber"",""PutProtectConfigurationRuleSetNumberOverride"",""PutRegistrationFieldValue"",""PutResourcePolicy"",""ReleasePhoneNumber"",""ReleaseSenderId"",""RequestPhoneNumber"",""RequestSenderId"",""SendDestinationNumberVerificationCode"",""SendMediaMessage"",""SendNotifyTextMessage"",""SendNotifyVoiceMessage"",""SendRcsMessage"",""SendTextMessage"",""SendVoiceMessage"",""SetAccountDefaultProtectConfiguration"",""SetDefaultMessageFeedbackEnabled"",""SetDefaultMessageType"",""SetDefaultSenderId"",""SetMediaMessageSpendLimitOverride"",""SetNotifyMessageSpendLimitOverride"",""SetRcsMessageSpendLimitOverride"",""SetTextMessageSpendLimitOverride"",""SetVoiceMessageSpendLimitOverride"",""SubmitRegistrationVersion"",""TagResource"",""UntagResource"",""UpdateEventDestination"",""UpdateNotifyConfiguration"",""UpdatePhoneNumber"",""UpdatePool"",""UpdateProtectConfiguration"",""UpdateProtectConfigurationCountryRuleSet"",""UpdateRcsAgent"",""UpdateSenderId"",""VerifyDestinationNumber""]"
AWS End User Messaging Social,social-messaging,list_socialmessaging.html,list_socialmessaging-action-,link,social-messaging:AssociateWhatsAppBusinessAccount,X,"[""AssociateWhatsAppBusinessAccount"",""CreateWhatsAppDataset"",""CreateWhatsAppFlow"",""CreateWhatsAppMessageTemplate"",""CreateWhatsAppMessageTemplateFromLibrary"",""CreateWhatsAppMessageTemplateMedia"",""DeleteWhatsAppFlow"",""DeleteWhatsAppMessageMedia"",""DeleteWhatsAppMessageTemplate"",""DeprecateWhatsAppFlow"",""DisassociateWhatsAppBusinessAccount"",""GetLinkedWhatsAppBusinessAccount"",""GetLinkedWhatsAppBusinessAccountPhoneNumber"",""GetWhatsAppBusinessPublicKey"",""GetWhatsAppCallPermission"",""GetWhatsAppFlow"",""GetWhatsAppFlowPreview"",""GetWhatsAppMessageMedia"",""GetWhatsAppMessageTemplate"",""ListLinkedWhatsAppBusinessAccounts"",""ListTagsForResource"",""ListWhatsAppFlowAssets"",""ListWhatsAppFlows"",""ListWhatsAppMessageTemplates"",""ListWhatsAppTemplateLibrary"",""PostWhatsAppMessageMedia"",""PublishWhatsAppFlow"",""PutWhatsAppBusinessAccountEventDestinations"",""PutWhatsAppBusinessPublicKey"",""SendWhatsAppCallEvent"",""SendWhatsAppConversionEvent"",""SendWhatsAppMessage"",""TagResource"",""UntagResource"",""UpdateLinkedWhatsAppBusinessAccountPhoneNumber"",""UpdateWhatsAppFlow"",""UpdateWhatsAppFlowAssets"",""UpdateWhatsAppMessageTemplate""]"
AWS Entity Resolution,entityresolution,list_entityresolution.html,,,,,
AWS Fault Injection Service,fis,list_fis.html,,,,,
AWS FinOps Agent,finops-agent,list_finops-agent.html,,,,,
AWS Firewall Manager,fms,list_fms.html,,,,,
AWS Free Tier,freetier,list_freetier.html,,,,,
AWS Global Accelerator,globalaccelerator,list_globalaccelerator.html,,,,,
AWS Glue,glue,list_glue.html,,,,,
AWS Glue DataBrew,databrew,list_databrew.html,,,,,
AWS Ground Station,groundstation,list_groundstation.html,,,,,
AWS Health APIs and Notifications,health,list_health.html,,,,,
AWS HealthImaging,medical-imaging,list_medical-imaging.html,,,,,
AWS HealthLake,healthlake,list_healthlake.html,,,,,
AWS HealthOmics,omics,list_omics.html,,,,,
AWS IAM Access Analyzer,access-analyzer,list_accessanalyzer.html,list_accessanalyzer-action-,link,access-analyzer:ApplyArchiveRule,,"[""ApplyArchiveRule"",""CancelPolicyGeneration"",""CheckAccessNotGranted"",""CheckNoNewAccess"",""CheckNoPublicAccess"",""CreateAccessPreview"",""CreateAnalyzer"",""CreateArchiveRule"",""CreateServiceLinkedAnalyzer"",""DeleteAnalyzer"",""DeleteArchiveRule"",""DeleteServiceLinkedAnalyzer"",""GenerateFindingRecommendation"",""GetAccessPreview"",""GetAnalyzedResource"",""GetAnalyzer"",""GetArchiveRule"",""GetFinding"",""GetFindingRecommendation"",""GetFindingsStatistics"",""GetGeneratedPolicy"",""ListAccessPreviewFindings"",""ListAccessPreviews"",""ListAnalyzedResources"",""ListAnalyzers"",""ListArchiveRules"",""ListFindings"",""ListPolicyGenerations"",""ListTagsForResource"",""StartPolicyGeneration"",""StartResourceScan"",""TagResource"",""UntagResource"",""UpdateAnalyzer"",""UpdateArchiveRule"",""UpdateFindings"",""ValidatePolicy""]"
AWS IAM Identity Center,sso,list_iam-identity-center.html,list_iam-identity-center-action-,link,sso:AddRegion,,"[""AddRegion"",""AssociateDirectory"",""AssociateProfile"",""AttachCustomerManagedPolicyReferenceToPermissionSet"",""AttachManagedPolicyToPermissionSet"",""CreateAccountAssignment"",""CreateApplication"",""CreateApplicationAssignment"",""CreateApplicationInstance"",""CreateApplicationInstanceCertificate"",""CreateInstance"",""CreateInstanceAccessControlAttributeConfiguration"",""CreateManagedApplicationInstance"",""CreatePermissionSet"",""CreateProfile"",""CreateTrust"",""CreateTrustedTokenIssuer"",""DeleteAccountAssignment"",""DeleteApplication"",""DeleteApplicationAccessScope"",""DeleteApplicationAssignment"",""DeleteApplicationAuthenticationMethod"",""DeleteApplicationGrant"",""DeleteApplicationInstance"",""DeleteApplicationInstanceCertificate"",""DeleteInlinePolicyFromPermissionSet"",""DeleteInstance"",""DeleteInstanceAccessControlAttributeConfiguration"",""DeleteManagedApplicationInstance"",""DeletePermissionSet"",""DeletePermissionsBoundaryFromPermissionSet"",""DeleteProfile"",""DeleteTrustedTokenIssuer"",""DescribeAccountAssignmentCreationStatus"",""DescribeAccountAssignmentDeletionStatus"",""DescribeApplication"",""DescribeApplicationAssignment"",""DescribeApplicationProvider"",""DescribeInstance"",""DescribeInstanceAccessControlAttributeConfiguration"",""DescribePermissionSet"",""DescribePermissionSetProvisioningStatus"",""DescribeRegion"",""DescribeRegisteredRegions"",""DescribeTrustedTokenIssuer"",""DetachCustomerManagedPolicyReferenceFromPermissionSet"",""DetachManagedPolicyFromPermissionSet"",""DisassociateDirectory"",""DisassociateProfile"",""GetApplicationAccessScope"",""GetApplicationAssignmentConfiguration"",""GetApplicationAuthenticationMethod"",""GetApplicationGrant"",""GetApplicationInstance"",""GetApplicationSessionConfiguration"",""GetApplicationTemplate"",""GetInlinePolicyForPermissionSet"",""GetManagedApplicationInstance"",""GetMfaDeviceManagementForDirectory"",""GetPermissionSet"",""GetPermissionsBoundaryForPermissionSet"",""GetProfile"",""GetSSOStatus"",""GetSharedSsoConfiguration"",""GetSsoConfiguration"",""GetTrust"",""ImportApplicationInstanceServiceProviderMetadata"",""ListAccountAssignmentCreationStatus"",""ListAccountAssignmentDeletionStatus"",""ListAccountAssignments"",""ListAccountAssignmentsForPrincipal"",""ListAccountsForProvisionedPermissionSet"",""ListApplicationAccessScopes"",""ListApplicationAssignments"",""ListApplicationAssignmentsForPrincipal"",""ListApplicationAuthenticationMethods"",""ListApplicationGrants"",""ListApplicationInstanceCertificates"",""ListApplicationInstances"",""ListApplicationProviders"",""ListApplicationTemplates"",""ListApplications"",""ListCustomerManagedPolicyReferencesInPermissionSet"",""ListDirectoryAssociations"",""ListInstances"",""ListManagedPoliciesInPermissionSet"",""ListPermissionSetProvisioningStatus"",""ListPermissionSets"",""ListPermissionSetsProvisionedToAccount"",""ListProfileAssociations"",""ListProfiles"",""ListRegions"",""ListTagsForResource"",""ListTrustedTokenIssuers"",""ProvisionPermissionSet"",""PutApplicationAccessScope"",""PutApplicationAssignmentConfiguration"",""PutApplicationAuthenticationMethod"",""PutApplicationGrant"",""PutApplicationSessionConfiguration"",""PutInlinePolicyToPermissionSet"",""PutMfaDeviceManagementForDirectory"",""PutPermissionsBoundaryToPermissionSet"",""PutPermissionsPolicy"",""RemoveRegion"",""SearchGroups"",""SearchUsers"",""StartSSO"",""TagResource"",""UntagResource"",""UpdateApplication"",""UpdateApplicationInstanceActiveCertificate"",""UpdateApplicationInstanceDisplayData"",""UpdateApplicationInstanceResponseConfiguration"",""UpdateApplicationInstanceResponseSchemaConfiguration"",""UpdateApplicationInstanceSecurityConfiguration"",""UpdateApplicationInstanceServiceProviderConfiguration"",""UpdateApplicationInstanceStatus"",""UpdateInstance"",""UpdateInstanceAccessControlAttributeConfiguration"",""UpdateManagedApplicationInstanceStatus"",""UpdatePermissionSet"",""UpdateProfile"",""UpdateSSOConfiguration"",""UpdateTrust"",""UpdateTrustedTokenIssuer""]"
AWS IAM Identity Center directory,sso-directory,list_sso-directory.html,,,,,
AWS IAM Identity Center OIDC service,sso-oauth,list_sso-oidc.html,list_sso-oidc-action-,link,sso-oauth:CreateTokenWithIAM,,"[""CreateTokenWithIAM"",""IntrospectTokenWithIAM"",""RevokeTokenWithIAM""]"
AWS Identity and Access Management (IAM),iam,list_iam.html,,,,,
AWS Identity and Access Management Roles Anywhere,rolesanywhere,list_rolesanywhere.html,,,,,
AWS Identity Store,identitystore,list_identitystore.html,,,,,
AWS Identity Store Auth,identitystore-auth,list_identitystore-auth.html,,,,,
AWS Identity Sync,identity-sync,list_identity-sync.html,,,,,
AWS Import Export Disk Service,importexport,list_importexport.html,,,,,
AWS Interconnect,interconnect,list_interconnect.html,,,,,
AWS Invoicing Service,invoicing,list_invoicing.html,,,,,
AWS IoT,iot,list_iot.html,,,,,
AWS IoT Analytics,iotanalytics,list_iotanalytics.html,,,,,
AWS IoT Core Device Advisor,iotdeviceadvisor,list_iotdeviceadvisor.html,,,,,
AWS IoT Device Tester,iot-device-tester,list_iot-device-tester.html,,,,,
AWS IoT Events,iotevents,list_iotevents.html,,,,,
AWS IoT Fleet Hub for Device Management,iotfleethub,list_iotfleethub.html,,,,,
AWS IoT FleetWise,iotfleetwise,list_iotfleetwise.html,,,,,
AWS IoT Greengrass,greengrass,list_greengrass.html,,,,,
AWS IoT Greengrass V2,greengrass,list_greengrassv2.html,list_greengrassv2-action-,link,greengrass:AssociateServiceRoleToAccount,,"[""AssociateServiceRoleToAccount"",""BatchAssociateClientDeviceWithCoreDevice"",""BatchDisassociateClientDeviceFromCoreDevice"",""CancelDeployment"",""CreateComponentVersion"",""CreateDeployment"",""DeleteComponent"",""DeleteCoreDevice"",""DeleteDeployment"",""DescribeComponent"",""DisassociateServiceRoleFromAccount"",""GetComponent"",""GetComponentVersionArtifact"",""GetConnectivityInfo"",""GetCoreDevice"",""GetDeployment"",""GetServiceRoleForAccount"",""ListClientDevicesAssociatedWithCoreDevice"",""ListComponentVersions"",""ListComponents"",""ListCoreDevices"",""ListDeployments"",""ListEffectiveDeployments"",""ListInstalledComponents"",""ListTagsForResource"",""ResolveComponentCandidates"",""TagResource"",""UntagResource"",""UpdateConnectivityInfo""]"
AWS IoT Jobs DataPlane,iotjobsdata,list_iot-jobs-data.html,list_iot-jobs-data-action-,link,iotjobsdata:DescribeJobExecution,,"[""DescribeJobExecution"",""GetPendingJobExecutions"",""StartNextPendingJobExecution"",""UpdateJobExecution""]"
AWS IoT Managed Integrations,iotmanagedintegrations,list_iot-managed-integrations.html,list_iot-managed-integrations-action-,link,iotmanagedintegrations:CreateAccountAssociation,,"[""CreateAccountAssociation"",""CreateCloudConnector"",""CreateConnectorDestination"",""CreateCredentialLocker"",""CreateDestination"",""CreateEventLogConfiguration"",""CreateManagedThing"",""CreateNotificationConfiguration"",""CreateOtaTask"",""CreateOtaTaskConfiguration"",""CreateProvisioningProfile"",""DeleteAccountAssociation"",""DeleteCloudConnector"",""DeleteConnectorDestination"",""DeleteCredentialLocker"",""DeleteDestination"",""DeleteEventLogConfiguration"",""DeleteManagedThing"",""DeleteNotificationConfiguration"",""DeleteOtaTask"",""DeleteOtaTaskConfiguration"",""DeleteProvisioningProfile"",""DeregisterAccountAssociation"",""GetAccountAssociation"",""GetCloudConnector"",""GetConnectorDestination"",""GetCredentialLocker"",""GetCustomEndpoint"",""GetDefaultEncryptionConfiguration"",""GetDestination"",""GetDeviceDiscovery"",""GetEventLogConfiguration"",""GetHubConfiguration"",""GetManagedThing"",""GetManagedThingCapabilities"",""GetManagedThingCertificate"",""GetManagedThingConnectivityData"",""GetManagedThingMetaData"",""GetManagedThingState"",""GetNotificationConfiguration"",""GetOtaTask"",""GetOtaTaskConfiguration"",""GetProvisioningProfile"",""GetRuntimeLogConfiguration"",""GetSchemaVersion"",""ListAccountAssociations"",""ListCloudConnectors"",""ListConnectorDestinations"",""ListCredentialLockers"",""ListDestinations"",""ListDeviceDiscoveries"",""ListDiscoveredDevices"",""ListEventLogConfigurations"",""ListManagedThingAccountAssociations"",""ListManagedThingSchemas"",""ListManagedThings"",""ListNotificationConfigurations"",""ListOtaTaskConfigurations"",""ListOtaTaskExecutions"",""ListOtaTasks"",""ListProvisioningProfiles"",""ListSchemaVersions"",""ListTagsForResource"",""PutDefaultEncryptionConfiguration"",""PutHubConfiguration"",""PutRuntimeLogConfiguration"",""RegisterAccountAssociation"",""RegisterCustomEndpoint"",""ResetRuntimeLogConfiguration"",""SendConnectorEvent"",""SendManagedThingCommand"",""StartAccountAssociationRefresh"",""StartDeviceDiscovery"",""TagResource"",""UntagResource"",""UpdateAccountAssociation"",""UpdateCloudConnector"",""UpdateConnectorDestination"",""UpdateDestination"",""UpdateEventLogConfiguration"",""UpdateManagedThing"",""UpdateNotificationConfiguration"",""UpdateOtaTask""]"
AWS IoT SiteWise,iotsitewise,list_iotsitewise.html,,,,,
AWS IoT TwinMaker,iottwinmaker,list_iottwinmaker.html,,,,,
AWS IoT Wireless,iotwireless,list_iotwireless.html,,,,,
AWS IQ,iq,list_iq.html,,,,,
AWS IQ Permissions,iq-permission,list_iq-permission.html,,,,,
AWS Key Management Service,kms,list_kms.html,,,,,
AWS Lake Formation,lakeformation,list_lakeformation.html,,,,,
AWS Lambda,lambda,list_lambda.html,,,,,
AWS Launch Wizard,launchwizard,list_launch-wizard.html,list_launch-wizard-action-,link,launchwizard:CreateAdditionalNode,,"[""CreateAdditionalNode"",""CreateDeployment"",""CreateSettingsSet"",""DeleteAdditionalNode"",""DeleteApp"",""DeleteDeployment"",""DeleteSettingsSet"",""DescribeAdditionalNode"",""DescribeProvisionedApp"",""DescribeProvisioningEvents"",""DescribeSettingsSet"",""GetDeployment"",""GetDeploymentPatternVersion"",""GetInfrastructureSuggestion"",""GetIpAddress"",""GetResourceCostEstimate"",""GetResourceRecommendation"",""GetSettingsSet"",""GetWorkload"",""GetWorkloadAsset"",""GetWorkloadAssets"",""GetWorkloadDeploymentPattern"",""ListAdditionalNodes"",""ListAllowedResources"",""ListDeploymentEvents"",""ListDeploymentPatternVersions"",""ListDeployments"",""ListProvisionedApps"",""ListResourceCostEstimates"",""ListSettingsSets"",""ListTagsForResource"",""ListWorkloadDeploymentOptions"",""ListWorkloadDeploymentPatterns"",""ListWorkloads"",""PutSettingsSet"",""StartProvisioning"",""TagResource"",""UntagResource"",""UpdateDeployment"",""UpdateSettingsSet""]"
AWS License Manager,license-manager,list_license-manager.html,,,,,
AWS License Manager Linux Subscriptions Manager,license-manager-linux-subscriptions,list_license-manager-linux-subscriptions.html,,,,,
AWS License Manager User Subscriptions,license-manager-user-subscriptions,list_license-manager-user-subscriptions.html,,,,,
AWS Mainframe Modernization Application Testing,apptest,list_apptest.html,,,,,
AWS Mainframe Modernization Service,m2,list_m2.html,,,,,
AWS Marketplace,aws-marketplace,list_marketplace-agreement.html,list_marketplace-agreement-action-,link,aws-marketplace:AcceptAgreementApprovalRequest,,"[""AcceptAgreementApprovalRequest"",""AcceptAgreementCancellationRequest"",""AcceptAgreementPaymentRequest"",""AcceptAgreementRequest"",""BatchCreateBillingAdjustmentRequest"",""CancelAgreement"",""CancelAgreementCancellationRequest"",""CancelAgreementPaymentRequest"",""CancelAgreementRequest"",""CreateAgreementRequest"",""DescribeAgreement"",""GetAgreementApprovalRequest"",""GetAgreementCancellationRequest"",""GetAgreementEntitlements"",""GetAgreementPaymentRequest"",""GetAgreementRequest"",""GetAgreementTerms"",""GetBillingAdjustmentRequest"",""ListAgreementApprovalRequests"",""ListAgreementCancellationRequests"",""ListAgreementCharges"",""ListAgreementInvoiceLineItems"",""ListAgreementPaymentRequests"",""ListAgreementRequests"",""ListBillingAdjustmentRequests"",""ListEntitlementDetails"",""RejectAgreementApprovalRequest"",""RejectAgreementCancellationRequest"",""RejectAgreementPaymentRequest"",""SearchAgreements"",""SendAgreementCancellationRequest"",""SendAgreementPaymentRequest"",""Subscribe"",""Unsubscribe"",""UpdateAgreementApprovalRequest"",""UpdatePurchaseOrders"",""ViewSubscriptions""]"
AWS Marketplace Catalog,aws-marketplace,list_marketplace-catalog.html,list_marketplace-catalog-action-,,,,
AWS Marketplace Commerce Analytics Service,marketplacecommerceanalytics,list_marketplacecommerceanalytics.html,,,,,
AWS Marketplace Deployment Service,aws-marketplace,list_marketplace-deployment.html,list_marketplace-deployment-action-,link,aws-marketplace:ListTagsForResource,,"[""ListTagsForResource"",""PutDeploymentParameter"",""TagResource"",""UntagResource""]"
AWS Marketplace Discovery,aws-marketplace,list_marketplace-discovery.html,list_marketplace-discovery-action-,link,aws-marketplace:GetListing,,"[""GetListing"",""GetOffer"",""GetOfferSet"",""GetOfferTerms"",""GetProduct"",""ListFulfillmentOptions"",""ListPrivateListings"",""ListPurchaseOptions"",""SearchFacets"",""SearchListings""]"
AWS Marketplace Entitlement Service,aws-marketplace,list_marketplace-entitlement.html,list_marketplace-entitlement-action-,link,#VALUE!,,
AWS Marketplace Image Building Service,aws-marketplace,list_marketplace-image-build.html,list_marketplace-image-build-action-,link,aws-marketplace:DescribeBuilds,,"[""DescribeBuilds"",""ListBuilds"",""StartBuild""]"
AWS Marketplace Management Portal,aws-marketplace-management,list_aws-marketplace-management.html,,link,#VALUE!,,
AWS Marketplace Metering Service,aws-marketplace,list_meteringmarketplace.html,list_meteringmarketplace-action-,link,aws-marketplace:BatchMeterUsage,,"[""BatchMeterUsage"",""MeterUsage"",""RegisterUsage"",""ResolveCustomer""]"
AWS Marketplace Private Marketplace,aws-marketplace,list_private-marketplace.html,list_private-marketplace-action-,link,aws-marketplace:AssociateProductsWithPrivateMarketplace,,"[""AssociateProductsWithPrivateMarketplace"",""CreatePrivateMarketplaceRequests"",""DescribePrivateMarketplaceRequests"",""DisassociateProductsFromPrivateMarketplace"",""ListPrivateMarketplaceRequests""]"
AWS Marketplace Procurement Systems Integration,aws-marketplace,list_marketplace-procurement-integration.html,list_marketplace-procurement-integration-action-,link,aws-marketplace:DescribeProcurementSystemConfiguration,,"[""DescribeProcurementSystemConfiguration"",""PutProcurementSystemConfiguration""]"
AWS Marketplace Reporting,aws-marketplace,list_marketplace-reporting.html,list_marketplace-reporting-action-,link,aws-marketplace:etBuyerDashboard,,"""GetBuyerDashboard"""
AWS Marketplace Seller Reporting,aws-marketplace,list_marketplace-seller-reporting.html,list_marketplace-seller-reporting-action-,link,aws-marketplace:etSellerDashboard,,"""GetSellerDashboard"""
AWS Marketplace Vendor Insights,vendor-insights,list_vendor-insights.html,,,,,
AWS Microservice Extractor for .NET,serviceextract,list_serviceextract.html,,,,,
AWS Migration Acceleration Program Credits,mapcredits,list_mapcredits.html,,,,,
AWS Migration Hub,mgh,list_migration-hub.html,list_migration-hub-action-,link,mgh:AcceptConnection,,"[""AcceptConnection"",""AssociateAutomationUnitRole"",""AssociateCreatedArtifact"",""AssociateDiscoveredResource"",""AssociateSourceResource"",""BatchAssociateIamRoleWithConnection"",""BatchDisassociateIamRoleFromConnection"",""CreateAutomationRun"",""CreateAutomationUnit"",""CreateHomeRegionControl"",""CreateProgressUpdateStream"",""DeleteAutomationRun"",""DeleteAutomationUnit"",""DeleteConnection"",""DeleteHomeRegionControl"",""DeleteProgressUpdateStream"",""DescribeApplicationState"",""DescribeAutomationRun"",""DescribeAutomationUnit"",""DescribeHomeRegionControls"",""DescribeMigrationTask"",""DisassociateAutomationUnitRole"",""DisassociateCreatedArtifact"",""DisassociateDiscoveredResource"",""DisassociateSourceResource"",""GetConnection"",""GetHomeRegion"",""ImportMigrationTask"",""ListApplicationStates"",""ListAutomationRuns"",""ListAutomationUnits"",""ListConnectionRoles"",""ListConnections"",""ListCreatedArtifacts"",""ListDiscoveredResources"",""ListMigrationTaskUpdates"",""ListMigrationTasks"",""ListProgressUpdateStreams"",""ListSourceResources"",""ListTagsForResource"",""NotifyApplicationState"",""NotifyMigrationTaskState"",""PutResourceAttributes"",""RejectConnection"",""TagResource"",""UntagResource""]"
AWS Migration Hub Orchestrator,migrationhub-orchestrator,list_migrationhuborchestrator.html,list_migrationhuborchestrator-action-,link,migrationhub-orchestrator:CreateTemplate,,"[""CreateTemplate"",""CreateWorkflow"",""CreateWorkflowStep"",""CreateWorkflowStepGroup"",""DeleteTemplate"",""DeleteWorkflow"",""DeleteWorkflowStep"",""DeleteWorkflowStepGroup"",""GetMessage"",""GetTemplate"",""GetTemplateStep"",""GetTemplateStepGroup"",""GetWorkflow"",""GetWorkflowStep"",""GetWorkflowStepGroup"",""ListPlugins"",""ListTagsForResource"",""ListTemplateStepGroups"",""ListTemplateSteps"",""ListTemplates"",""ListWorkflowStepGroups"",""ListWorkflowSteps"",""ListWorkflows"",""RegisterPlugin"",""RetryWorkflowStep"",""SendMessage"",""StartWorkflow"",""StopWorkflow"",""TagResource"",""UntagResource"",""UpdateTemplate"",""UpdateWorkflow"",""UpdateWorkflowStep"",""UpdateWorkflowStepGroup""]"
AWS Migration Hub Refactor Spaces,refactor-spaces,list_migration-hub-refactor-spaces.html,list_migration-hub-refactor-spaces-action-,link,refactor-spaces:CreateApplication,,"[""CreateApplication"",""CreateEnvironment"",""CreateRoute"",""CreateService"",""DeleteApplication"",""DeleteEnvironment"",""DeleteResourcePolicy"",""DeleteRoute"",""DeleteService"",""GetApplication"",""GetEnvironment"",""GetResourcePolicy"",""GetRoute"",""GetService"",""ListApplications"",""ListEnvironmentVpcs"",""ListEnvironments"",""ListRoutes"",""ListServices"",""ListTagsForResource"",""PutResourcePolicy"",""TagResource"",""UntagResource"",""UpdateRoute""]"
AWS Migration Hub Strategy Recommendations,migrationhub-strategy,list_migrationhubstrategy.html,list_migrationhubstrategy-action-,link,migrationhub-strategy:GetAntiPattern,,"[""GetAntiPattern"",""GetApplicationComponentDetails"",""GetApplicationComponentStrategies"",""GetAssessment"",""GetImportFileTask"",""GetLatestAssessmentId"",""GetMessage"",""GetPortfolioPreferences"",""GetPortfolioSummary"",""GetRecommendationReportDetails"",""GetServerDetails"",""GetServerStrategies"",""ListAnalyzableServers"",""ListAntiPatterns"",""ListApplicationComponents"",""ListCollectors"",""ListImportFileTask"",""ListJarArtifacts"",""ListServers"",""PutLogData"",""PutMetricData"",""PutPortfolioPreferences"",""RegisterCollector"",""SendMessage"",""StartAssessment"",""StartImportFileTask"",""StartRecommendationReportGeneration"",""StopAssessment"",""UpdateApplicationComponentConfig"",""UpdateCollectorConfiguration"",""UpdateServerConfig""]"
AWS MWAA Serverless,airflow-serverless,list_mwaa-serverless.html,list_mwaa-serverless-action-,link,airflow-serverless:CreateWorkflow,,"[""CreateWorkflow"",""DeleteWorkflow"",""GetTaskInstance"",""GetWorkflow"",""GetWorkflowRun"",""ListTagsForResource"",""ListTaskInstances"",""ListWorkflowRuns"",""ListWorkflowVersions"",""ListWorkflows"",""StartWorkflowRun"",""StopWorkflowRun"",""TagResource"",""UntagResource"",""UpdateWorkflow""]"
AWS Network Firewall,network-firewall,list_network-firewall.html,,,,,
AWS Network Manager,networkmanager,list_networkmanager.html,,,,,
AWS Network Manager Chat,networkmanager-chat,list_networkmanager-chat.html,,,,,
AWS Network Security Manager,network-security-manager,list_network-security-manager.html,list_network-security-manager-action-,link,network-security-manager:CreateDeployment,,"[""CreateDeployment"",""CreateDeploymentSnapshot"",""CreatePolicy"",""CreatePolicySnapshot"",""CreateRule"",""CreateRuleSnapshot"",""CreateScope"",""CreateScopeSnapshot"",""CreateTemplate"",""CreateTemplateSnapshot"",""DeleteAdminAccount"",""DeleteDeployment"",""DeletePolicy"",""DeleteRule"",""DeleteScope"",""DeleteTemplate"",""GenerateRuleConfiguration"",""GetAdminAccount"",""GetDeployment"",""GetPolicy"",""GetRule"",""GetScope"",""GetTemplate"",""ListAdminAccounts"",""ListAggregateResourceSynchronizationStatuses"",""ListDeploymentSnapshots"",""ListDeployments"",""ListPolicies"",""ListPolicySnapshots"",""ListResourceAssociations"",""ListResourceSynchronizationStatuses"",""ListRuleSnapshots"",""ListRules"",""ListScopeSnapshots"",""ListScopes"",""ListTagsForResource"",""ListTemplateSnapshots"",""ListTemplates"",""PutAdminAccount"",""TagResource"",""UntagResource"",""UpdateDeployment"",""UpdatePolicy"",""UpdateRule"",""UpdateScope"",""UpdateTemplate""]"
AWS OpsWorks,opsworks,list_opsworks.html,,,,,
AWS OpsWorks Configuration Management,opsworks-cm,list_opsworks-cm.html,,,,,
AWS Organizations,organizations,list_organizations.html,,,,,
AWS Outposts,outposts,list_outposts.html,,,,,
AWS Panorama,panorama,list_panorama.html,,,,,
AWS Parallel Computing Service,pcs,list_pcs.html,,,,,
AWS Partner Central,partnercentral,list_partner-central.html,list_partner-central-action-,link,partnercentral:AcceptChannelHandshake,,"[""AcceptChannelHandshake"",""AcceptConnectionInvitation"",""AcceptEngagementInvitation"",""AmendBenefitApplication"",""AssignOpportunity"",""AssociateAwsTrainingCertificationEmailDomain"",""AssociateBenefitApplicationResource"",""AssociateOpportunity"",""CancelBenefitApplication"",""CancelChannelHandshake"",""CancelConnection"",""CancelConnectionInvitation"",""CancelProfileUpdateTask"",""CreateBenefitApplication"",""CreateBusinessPlan"",""CreateChannelHandshake"",""CreateCollaborationChannelMembers"",""CreateCollaborationChannelRequest"",""CreateConnectionInvitation"",""CreateEngagement"",""CreateEngagementContext"",""CreateEngagementInvitation"",""CreateMarketplaceRevenueShare"",""CreateMarketplaceRevenueShareAllocation"",""CreateOpportunity"",""CreatePartner"",""CreateProgramManagementAccount"",""CreateRelationship"",""CreateResourceSnapshot"",""CreateResourceSnapshotJob"",""CreateRevenueAttribution"",""DeleteProgramManagementAccount"",""DeleteRelationship"",""DeleteResourceSnapshotJob"",""DisassociateAwsTrainingCertificationEmailDomain"",""DisassociateBenefitApplicationResource"",""DisassociateOpportunity"",""EnrollInPartnerPath"",""GetAllianceLeadContact"",""GetAwsOpportunitySummary"",""GetBenefit"",""GetBenefitAllocation"",""GetBenefitApplication"",""GetBusinessPlan"",""GetCollaborationChannel"",""GetConnection"",""GetConnectionInvitation"",""GetConnectionPreferences"",""GetEngagement"",""GetEngagementInvitation"",""GetMarketplaceRevenueShare"",""GetMarketplaceRevenueShareAllocation"",""GetOpportunity"",""GetPartner"",""GetPartnerDashboard"",""GetPartnerProfile"",""GetProfileUpdateTask"",""GetProfileVisibility"",""GetProgramManagementAccount"",""GetProspectingFromEngagementTask"",""GetQualificationsAssociationDetails"",""GetQualificationsAssociationTask"",""GetQualificationsDisassociationTask"",""GetRelationship"",""GetResourceSnapshot"",""GetResourceSnapshotJob"",""GetRevenueAttribution"",""GetRevenueAttributionAllocation"",""GetRevenueAttributionAllocationsTask"",""GetSellingSystemSettings"",""GetVerification"",""ListBenefitAllocations"",""ListBenefitApplications"",""ListBenefits"",""ListBusinessPlans"",""ListChannelHandshakes"",""ListCollaborationChannels"",""ListConnectionInvitations"",""ListConnections"",""ListEngagementByAcceptingInvitationTasks"",""ListEngagementFromOpportunityTasks"",""ListEngagementInvitations"",""ListEngagementMembers"",""ListEngagementResourceAssociations"",""ListEngagements"",""ListMarketplaceRevenueShareAllocations"",""ListMarketplaceRevenueShares"",""ListOpportunities"",""ListOpportunityFromEngagementTasks"",""ListPartnerPaths"",""ListPartners"",""ListProgramManagementAccounts"",""ListProspectingFromEngagementTasks"",""ListRelationships"",""ListResourceSnapshotJobs"",""ListResourceSnapshots"",""ListRevenueAttributionAllocations"",""ListRevenueAttributions"",""ListSolutions"",""ListTagsForResource"",""PutAllianceLeadContact"",""PutBusinessPlan"",""PutProfileVisibility"",""PutSellingSystemSettings"",""RecallBenefitApplication"",""RejectChannelHandshake"",""RejectConnectionInvitation"",""RejectEngagementInvitation"",""SearchPartnerProfiles"",""SendEmailVerificationCode"",""StartEngagementByAcceptingInvitationTask"",""StartEngagementFromOpportunityTask"",""StartOpportunityFromEngagementTask"",""StartProfileUpdateTask"",""StartProspectingFromEngagementTask"",""StartQualificationsAssociationTask"",""StartQualificationsDisassociationTask"",""StartResourceSnapshotJob"",""StartRevenueAttributionAllocationsTask"",""StartVerification"",""StopResourceSnapshotJob"",""SubmitBenefitApplication"",""SubmitOpportunity"",""TagResource"",""UntagResource"",""UpdateBenefitApplication"",""UpdateConnectionPreferences"",""UpdateEngagementContext"",""UpdateMarketplaceRevenueShareAllocation"",""UpdateOpportunity"",""UpdateProgramManagementAccount"",""UpdateRelationship"",""UpdateRevenueAttribution"",""UseSession""]"
AWS Partner central account management,partnercentral-account-management,list_partnercentral-account-management.html,,,,,
AWS Payment Cryptography,payment-cryptography,list_payment-cryptography.html,,,,,
AWS Payments,payments,list_payments.html,,,,,
AWS Performance Insights,pi,list_pi.html,,,,,
AWS Price List,pricing,list_pricing.html,,,,,
AWS PricingPlanManager Service,pricingplanmanager,list_pricing-plan-manager.html,list_pricing-plan-manager-action-,link,pricingplanmanager:ApprovePaidSubscription,,"[""ApprovePaidSubscription"",""AssociateResourcesToSubscription"",""CancelSubscription"",""CancelSubscriptionChange"",""CreateSubscription"",""DisassociateResourcesFromSubscription"",""GetSubscription"",""ListSubscriptions"",""UpdateSubscription""]"
AWS Private CA Connector for Active Directory,pca-connector-ad,list_pca-connector-ad.html,,,,,
AWS Private CA Connector for SCEP,pca-connector-scep,list_pca-connector-scep.html,,,,,
AWS Private Certificate Authority,acm-pca,list_acm-pca.html,,,,,
AWS PrivateLink,vpce,list_vpce.html,,,,,
AWS Proton,proton,list_proton.html,,,,,
AWS Purchase Orders Console,purchase-orders,list_purchase-orders.html,,,,,
AWS Recycle Bin,rbin,list_rbin.html,,,,,
AWS reInvent event pass amount charge to customer AWS account,eventsbilltoaws,list_eventsbilltoaws.html,,,,,
AWS rePost Private,repostspace,list_repostspace.html,,,,,
AWS Resilience Hub,resiliencehub,list_resilience-hub.html,list_resilience-hub-action-,link,resiliencehub:AcceptResourceGroupingRecommendations,,"[""AcceptResourceGroupingRecommendations"",""AddDraftAppVersionResourceMappings"",""BatchUpdateRecommendationStatus"",""CreateApp"",""CreateAppVersionAppComponent"",""CreateAppVersionResource"",""CreateAssertion"",""CreateInputSource"",""CreatePolicy"",""CreateRecommendationTemplate"",""CreateReport"",""CreateResiliencyPolicy"",""CreateService"",""CreateServiceFunction"",""CreateServiceFunctionResources"",""CreateSystem"",""CreateTest"",""CreateUserJourney"",""DeleteApp"",""DeleteAppAssessment"",""DeleteAppInputSource"",""DeleteAppVersionAppComponent"",""DeleteAppVersionResource"",""DeleteAssertion"",""DeleteInputSource"",""DeletePolicy"",""DeleteRecommendationTemplate"",""DeleteResiliencyPolicy"",""DeleteService"",""DeleteServiceFunction"",""DeleteServiceFunctionResources"",""DeleteSystem"",""DeleteTest"",""DeleteTestSources"",""DeleteUserJourney"",""DescribeApp"",""DescribeAppAssessment"",""DescribeAppVersion"",""DescribeAppVersionAppComponent"",""DescribeAppVersionResource"",""DescribeAppVersionResourcesResolutionStatus"",""DescribeAppVersionTemplate"",""DescribeDraftAppVersionResourcesImportStatus"",""DescribeMetricsExport"",""DescribeResiliencyPolicy"",""DescribeResourceGroupingRecommendationTask"",""GetFailureModeFinding"",""GetPolicy"",""GetService"",""GetSystem"",""GetTest"",""GetTestRun"",""GetTestTemplate"",""GetUserJourney"",""ImportApp"",""ImportPolicy"",""ImportResourcesToDraftAppVersion"",""ListAlarmRecommendations"",""ListAppAssessmentComplianceDrifts"",""ListAppAssessmentResourceDrifts"",""ListAppAssessments"",""ListAppComponentCompliances"",""ListAppComponentRecommendations"",""ListAppInputSources"",""ListAppVersionAppComponents"",""ListAppVersionResourceMappings"",""ListAppVersionResources"",""ListAppVersions"",""ListApps"",""ListAssertions"",""ListDependencies"",""ListFailureModeAssessments"",""ListFailureModeFindings"",""ListInputSources"",""ListMetrics"",""ListPolicies"",""ListRecommendationTemplates"",""ListReports"",""ListResiliencyPolicies"",""ListResolvedTestRunTargetResources"",""ListResourceGroupingRecommendations"",""ListResources"",""ListServiceEvents"",""ListServiceFunctions"",""ListServiceTopologyEdges"",""ListServices"",""ListSopRecommendations"",""ListSuggestedResiliencyPolicies"",""ListSystemEvents"",""ListSystems"",""ListTagsForResource"",""ListTestRecommendations"",""ListTestRunDependencies"",""ListTestRunEvents"",""ListTestRunSourceEvents"",""ListTestRunSources"",""ListTestRuns"",""ListTestSources"",""ListTestTemplates"",""ListTests"",""ListUnsupportedAppVersionResources"",""ListUserJourneys"",""PublishAppVersion"",""PutDraftAppVersionTemplate"",""PutTestSources"",""RejectResourceGroupingRecommendations"",""RemoveDraftAppVersionResourceMappings"",""ResolveAppVersionResources"",""StartAppAssessment"",""StartFailureModeAssessment"",""StartMetricsExport"",""StartResourceGroupingRecommendationTask"",""StartTestRun"",""StopTestRun"",""TagResource"",""UntagResource"",""UpdateApp"",""UpdateAppVersion"",""UpdateAppVersionAppComponent"",""UpdateAppVersionResource"",""UpdateAssertion"",""UpdateDependency"",""UpdateFailureModeFinding"",""UpdatePolicy"",""UpdateResiliencyPolicy"",""UpdateService"",""UpdateServiceFunction"",""UpdateSystem"",""UpdateTest"",""UpdateUserJourney""]"
AWS Resource Access Manager (RAM),ram,list_ram.html,,,,,
AWS Resource Explorer,resource-explorer-2,list_resource-explorer-2.html,,,,,
AWS Resource Groups,resource-groups,list_resource-groups.html,,,,,
AWS RoboMaker,robomaker,list_robomaker.html,,,,,
AWS Route53 Global Resolver,route53globalresolver,list_route53globalresolver.html,,,,,
AWS RTB Fabric,rtbfabric,list_rtbfabric.html,,,,,
AWS Savings Plans,savingsplans,list_savingsplans.html,,,,,
AWS Secrets Manager,secretsmanager,list_secretsmanager.html,,,,,
AWS Security Agent,securityagent,list_securityagent.html,,,,,
AWS Security Hub,securityhub,list_securityhub.html,,,,,
AWS Security Incident Response,security-ir,list_security-ir.html,,,,,
AWS Security Token Service,sts,list_sts.html,,,,,
AWS Server Migration Service,sms,list_sms.html,,,,,
AWS Serverless Application Repository,serverlessrepo,list_serverlessrepo.html,,,,,
AWS Service - Oracle Database@AWS,odb,list_odb.html,,,,,
AWS Service Catalog,servicecatalog,list_service-catalog.html,list_service-catalog-action-,link,servicecatalog:AcceptPortfolioShare,,"[""AcceptPortfolioShare"",""AssociateAttributeGroup"",""AssociateBudgetWithResource"",""AssociatePrincipalWithPortfolio"",""AssociateProductWithPortfolio"",""AssociateResource"",""AssociateServiceActionWithProvisioningArtifact"",""AssociateTagOptionWithResource"",""BatchAssociateServiceActionWithProvisioningArtifact"",""BatchDisassociateServiceActionFromProvisioningArtifact"",""CopyProduct"",""CreateApplication"",""CreateAttributeGroup"",""CreateConstraint"",""CreatePortfolio"",""CreatePortfolioShare"",""CreateProduct"",""CreateProvisionedProductPlan"",""CreateProvisioningArtifact"",""CreateServiceAction"",""CreateTagOption"",""DeleteApplication"",""DeleteAttributeGroup"",""DeleteConstraint"",""DeletePortfolio"",""DeletePortfolioShare"",""DeleteProduct"",""DeleteProvisionedProductPlan"",""DeleteProvisioningArtifact"",""DeleteResourcePolicy"",""DeleteServiceAction"",""DeleteTagOption"",""DescribeConstraint"",""DescribeCopyProductStatus"",""DescribePortfolio"",""DescribePortfolioShareStatus"",""DescribePortfolioShares"",""DescribeProduct"",""DescribeProductAsAdmin"",""DescribeProductView"",""DescribeProvisionedProduct"",""DescribeProvisionedProductPlan"",""DescribeProvisioningArtifact"",""DescribeProvisioningParameters"",""DescribeRecord"",""DescribeServiceAction"",""DescribeServiceActionExecutionParameters"",""DescribeTagOption"",""DisableAWSOrganizationsAccess"",""DisassociateAttributeGroup"",""DisassociateBudgetFromResource"",""DisassociatePrincipalFromPortfolio"",""DisassociateProductFromPortfolio"",""DisassociateResource"",""DisassociateServiceActionFromProvisioningArtifact"",""DisassociateTagOptionFromResource"",""EnableAWSOrganizationsAccess"",""ExecuteProvisionedProductPlan"",""ExecuteProvisionedProductServiceAction"",""GetAWSOrganizationsAccessStatus"",""GetApplication"",""GetAssociatedResource"",""GetAttributeGroup"",""GetConfiguration"",""GetProvisionedProductOutputs"",""GetResourcePolicy"",""ImportAsProvisionedProduct"",""ListAcceptedPortfolioShares"",""ListApplications"",""ListAssociatedAttributeGroups"",""ListAssociatedResources"",""ListAttributeGroups"",""ListAttributeGroupsForApplication"",""ListBudgetsForResource"",""ListConstraintsForPortfolio"",""ListLaunchPaths"",""ListOrganizationPortfolioAccess"",""ListPortfolioAccess"",""ListPortfolios"",""ListPortfoliosForProduct"",""ListPrincipalsForPortfolio"",""ListProvisionedProductPlans"",""ListProvisioningArtifacts"",""ListProvisioningArtifactsForServiceAction"",""ListRecordHistory"",""ListResourcesForTagOption"",""ListServiceActions"",""ListServiceActionsForProvisioningArtifact"",""ListStackInstancesForProvisionedProduct"",""ListTagOptions"",""ListTagsForResource"",""NotifyProvisionProductEngineWorkflowResult"",""NotifyTerminateProvisionedProductEngineWorkflowResult"",""NotifyUpdateProvisionedProductEngineWorkflowResult"",""ProvisionProduct"",""PutConfiguration"",""PutResourcePolicy"",""RejectPortfolioShare"",""ScanProvisionedProducts"",""SearchProducts"",""SearchProductsAsAdmin"",""SearchProvisionedProducts"",""SyncResource"",""TagResource"",""TerminateProvisionedProduct"",""UntagResource"",""UpdateApplication"",""UpdateAttributeGroup"",""UpdateConstraint"",""UpdatePortfolio"",""UpdatePortfolioShare"",""UpdateProduct"",""UpdateProvisionedProduct"",""UpdateProvisionedProductProperties"",""UpdateProvisioningArtifact"",""UpdateServiceAction"",""UpdateTagOption""]"
AWS service providing managed private networks,private-networks,list_private-networks.html,,,,,
AWS Shield,shield,list_shield.html,,,,,
AWS Shield network security director,network-security-director,list_network-security-director.html,,,,,
AWS Signer,signer,list_signer.html,,,,,
AWS Signin,signin,list_signin.html,,,,,
AWS SimSpace Weaver,simspaceweaver,list_simspaceweaver.html,,,,,
AWS Snow Device Management,snow-device-management,list_snow-device-management.html,,,,,
AWS Snowball,snowball,list_snowball.html,,,,,
AWS SQL Workbench,sqlworkbench,list_sqlworkbench.html,,,,,
AWS Startups,startups,list_startups.html,list_startups-action-,link,startups:etSpendSummary,,"""GetSpendSummary"""
AWS Step Functions,states,list_stepfunctions.html,list_stepfunctions-action-,link,states:CreateActivity,,"[""CreateActivity"",""CreateStateMachine"",""CreateStateMachineAlias"",""DeleteActivity"",""DeleteStateMachine"",""DeleteStateMachineAlias"",""DeleteStateMachineVersion"",""DescribeActivity"",""DescribeExecution"",""DescribeMapRun"",""DescribeStateMachine"",""DescribeStateMachineAlias"",""DescribeStateMachineForExecution"",""GetActivityTask"",""GetExecutionHistory"",""InvokeHTTPEndpoint"",""ListActivities"",""ListExecutions"",""ListMapRuns"",""ListStateMachineAliases"",""ListStateMachineVersions"",""ListStateMachines"",""ListTagsForResource"",""PublishStateMachineVersion"",""RedriveExecution"",""RevealSecrets"",""SendTaskFailure"",""SendTaskHeartbeat"",""SendTaskSuccess"",""StartExecution"",""StartSyncExecution"",""StopExecution"",""TagResource"",""TestState"",""UntagResource"",""UpdateMapRun"",""UpdateStateMachine"",""UpdateStateMachineAlias"",""ValidateStateMachineDefinition""]"
AWS Storage Gateway,storagegateway,list_storagegateway.html,,,,,
AWS Supply Chain,scn,list_supplychain.html,list_supplychain-action-,link,scn:AssignAdminPermissionsToUser,,"[""AssignAdminPermissionsToUser"",""CreateBillOfMaterialsImportJob"",""CreateDataIntegrationFlow"",""CreateDataLakeDataset"",""CreateDataLakeNamespace"",""CreateInstance"",""CreateSSOApplication"",""DeleteDataIntegrationFlow"",""DeleteDataLakeDataset"",""DeleteDataLakeNamespace"",""DeleteInstance"",""DeleteSSOApplication"",""DescribeInstance"",""GetBillOfMaterialsImportJob"",""GetDataIntegrationEvent"",""GetDataIntegrationFlow"",""GetDataIntegrationFlowExecution"",""GetDataLakeDataset"",""GetDataLakeNamespace"",""GetInstance"",""ListAdminUsers"",""ListDataIntegrationEvents"",""ListDataIntegrationFlowExecutions"",""ListDataIntegrationFlows"",""ListDataLakeDatasets"",""ListDataLakeNamespaces"",""ListInstances"",""ListTagsForResource"",""RemoveAdminPermissionsForUser"",""SendDataIntegrationEvent"",""TagResource"",""UntagResource"",""UpdateDataIntegrationFlow"",""UpdateDataLakeDataset"",""UpdateDataLakeNamespace"",""UpdateInstance""]"
AWS Support,support,list_support.html,,,,,
AWS Support App in Slack,supportapp,list_support-app.html,list_support-app-action-,link,supportapp:CreateSlackChannelConfiguration,,"[""CreateSlackChannelConfiguration"",""DeleteAccountAlias"",""DeleteSlackChannelConfiguration"",""DeleteSlackWorkspaceConfiguration"",""DescribeSlackChannels"",""GetAccountAlias"",""GetSlackOauthParameters"",""ListSlackChannelConfigurations"",""ListSlackWorkspaceConfigurations"",""PutAccountAlias"",""RedeemSlackOauthCode"",""RegisterSlackWorkspaceForOrganization"",""UpdateSlackChannelConfiguration""]"
AWS Support Authorization,supportauthz,list_supportauthz.html,,,,,
AWS Support Console,support-console,list_support-console.html,,,,,
AWS Support Plans,supportplans,list_supportplans.html,,,,,
AWS Sustainability,sustainability,list_sustainability.html,,,,,
AWS Systems Manager,ssm,list_ssm.html,,,,,
AWS Systems Manager for SAP,ssm-sap,list_ssm-sap.html,,,,,
AWS Systems Manager GUI Connect,ssm-guiconnect,list_ssm-guiconnect.html,,,,,
AWS Systems Manager Incident Manager,ssm-incidents,list_ssm-incidents.html,,,,,
AWS Systems Manager Incident Manager Contacts,ssm-contacts,list_ssm-contacts.html,,,,,
AWS Systems Manager Quick Setup,ssm-quicksetup,list_ssm-quicksetup.html,,,,,
AWS Tax Settings,tax,list_taxsettings.html,list_taxsettings-action-,link,tax:BatchDeleteTaxRegistration,,"[""BatchDeleteTaxRegistration"",""BatchPutTaxRegistration"",""CancelDocument"",""CreateDocument"",""DeleteSupplementalTaxRegistration"",""DeleteTaxRegistration"",""GetDocument"",""GetDocumentUploadUrl"",""GetExemptions"",""GetTaxInfoReportingDocument"",""GetTaxInheritance"",""GetTaxInterview"",""GetTaxRegistration"",""GetTaxRegistrationDocument"",""ListDocuments"",""ListSupplementalTaxRegistrations"",""ListTaxRegistrations"",""ListWithholdingEligibleInvoices"",""PutSupplementalTaxRegistration"",""PutTaxInheritance"",""PutTaxInterview"",""PutTaxRegistration"",""UpdateExemptions""]"
AWS Telco Network Builder,tnb,list_tnb.html,,,,,
AWS Tiros,tiros,list_tiros.html,,,,,
AWS Transfer Family,transfer,list_transfer.html,,,,,
AWS Transform,transform,list_transform.html,,,,,
AWS Transform custom,transform-custom,list_transform-custom.html,,,,,
AWS Trusted Advisor,trustedadvisor,list_trustedadvisor.html,,,,,
AWS User Experience Customization,uxc,list_uxc.html,,,,,
AWS User Notifications,notifications,list_notifications.html,,,,,
AWS User Notifications Contacts,notifications-contacts,list_notificationscontacts.html,list_notificationscontacts-action-,link,notifications-contacts:ActivateEmailContact,,"[""ActivateEmailContact"",""CreateEmailContact"",""DeleteEmailContact"",""GetEmailContact"",""ListEmailContacts"",""ListTagsForResource"",""SendActivationCode"",""TagResource"",""UntagResource""]"
AWS User Subscriptions,user-subscriptions,list_user-subscriptions.html,,,,,
AWS Verified Access,verified-access,list_verified-access.html,,,,,
AWS WAF,waf,list_waf.html,,,,,
AWS WAF Regional,waf-regional,list_waf-regional.html,,,,,
AWS WAF V2,wafv2,list_wafv2.html,,,,,
AWS Well-Architected Tool,wellarchitected,list_wellarchitected.html,,,,,
AWS Wickr,wickr,list_wickr.html,,,,,
AWS WorkSpaces Managed Instances,workspaces-instances,list_workspaces-instances.html,,,,,
AWS X-Ray,xray,list_xray.html,,,,,
Claude Platform on AWS,aws-external-anthropic,list_aws-external-anthropic.html,,,,,
Database Query Metadata Service,dbqms,list_dbqms.html,,,,,
Multi-party approval,mpa,list_mpa.html,,,,,
Network Flow Monitor,networkflowmonitor,list_networkflowmonitor.html,,,,,
Service Quotas,servicequotas,list_service-quotas.html,list_service-quotas-action-,link,servicequotas:AssociateServiceQuotaTemplate,X,"[""AssociateServiceQuotaTemplate"",""CreateSupportCase"",""DeleteServiceQuotaIncreaseRequestFromTemplate"",""DisassociateServiceQuotaTemplate"",""GetAWSDefaultServiceQuota"",""GetAssociationForServiceQuotaTemplate"",""GetAutoManagementConfiguration"",""GetQuotaUtilizationReport"",""GetRequestedServiceQuotaChange"",""GetServiceQuota"",""GetServiceQuotaIncreaseRequestFromTemplate"",""ListAWSDefaultServiceQuotas"",""ListRequestedServiceQuotaChangeHistory"",""ListRequestedServiceQuotaChangeHistoryByQuota"",""ListServiceQuotaIncreaseRequestsInTemplate"",""ListServiceQuotas"",""ListServices"",""ListTagsForResource"",""PutServiceQuotaIncreaseRequestIntoTemplate"",""RequestServiceQuotaIncrease"",""StartAutoManagement"",""StartQuotaUtilizationReport"",""StopAutoManagement"",""TagResource"",""UntagResource"",""UpdateAutoManagement""]"
Tag Editor,resource-explorer,list_resource-explorer.html,,,,,
