"ServiceShortName","ServiceName","Actions","ARNFormat","ARNRegex","conditionKeys","HasResource","DocLink"
"account-access","Account access manager","[""CreateApplication"",""CreateEntitlement"",""DeleteApplication"",""DeleteEntitlement"",""GetApplication"",""GetEntitlement"",""ListApplications"",""ListEntitlements"",""ListTagsForResource"",""TagResource"",""UntagResource""]","arn:aws:account-access:${Region}:${Account}:${ResourceType}/${ResourceId}","^arn:aws:account-access:.+","[""aws:RequestTag/${TagKey}"",""aws:ResourceTag/${TagKey}"",""aws:TagKeys""]","True","https://docs.aws.amazon.com/service-authorization/latest/reference/list_account-access.html"
"a4b","Alexa for Business","[""ApproveSkill"",""AssociateContactWithAddressBook"",""AssociateDeviceWithNetworkProfile"",""AssociateDeviceWithRoom"",""AssociateSkillGroupWithRoom"",""AssociateSkillWithSkillGroup"",""AssociateSkillWithUsers"",""CompleteRegistration"",""CreateAddressBook"",""CreateBusinessReportSchedule"",""CreateConferenceProvider"",""CreateContact"",""CreateGatewayGroup"",""CreateNetworkProfile"",""CreateProfile"",""CreateRoom"",""CreateSkillGroup"",""CreateUser"",""DeleteAddressBook"",""DeleteBusinessReportSchedule"",""DeleteConferenceProvider"",""DeleteContact"",""DeleteDevice"",""DeleteDeviceUsageData"",""DeleteGatewayGroup"",""DeleteNetworkProfile"",""DeleteProfile"",""DeleteRoom"",""DeleteRoomSkillParameter"",""DeleteSkillAuthorization"",""DeleteSkillGroup"",""DeleteUser"",""DisassociateContactFromAddressBook"",""DisassociateDeviceFromRoom"",""DisassociateSkillFromSkillGroup"",""DisassociateSkillFromUsers"",""DisassociateSkillGroupFromRoom"",""ForgetSmartHomeAppliances"",""GetAddressBook"",""GetConferencePreference"",""GetConferenceProvider"",""GetContact"",""GetDevice"",""GetGateway"",""GetGatewayGroup"",""GetInvitationConfiguration"",""GetNetworkProfile"",""GetProfile"",""GetRoom"",""GetRoomSkillParameter"",""GetSkillGroup"",""ListBusinessReportSchedules"",""ListConferenceProviders"",""ListDeviceEvents"",""ListGatewayGroups"",""ListGateways"",""ListSkills"",""ListSkillsStoreCategories"",""ListSkillsStoreSkillsByCategory"",""ListSmartHomeAppliances"",""ListTags"",""PutConferencePreference"",""PutDeviceSetupEvents"",""PutInvitationConfiguration"",""PutRoomSkillParameter"",""PutSkillAuthorization"",""RegisterAVSDevice"",""RegisterDevice"",""RejectSkill"",""ResolveRoom"",""RevokeInvitation"",""SearchAddressBooks"",""SearchContacts"",""SearchDevices"",""SearchNetworkProfiles"",""SearchProfiles"",""SearchRooms"",""SearchSkillGroups"",""SearchUsers"",""SendAnnouncement"",""SendInvitation"",""StartDeviceSync"",""StartSmartHomeApplianceDiscovery"",""TagResource"",""UntagResource"",""UpdateAddressBook"",""UpdateBusinessReportSchedule"",""UpdateConferenceProvider"",""UpdateContact"",""UpdateDevice"",""UpdateGateway"",""UpdateGatewayGroup"",""UpdateNetworkProfile"",""UpdateProfile"",""UpdateRoom"",""UpdateSkillGroup""]","arn:aws:a4b:${Region}:${Account}:${ResourceType}/${ResourceId}","^arn:aws:a4b:.+:.+:.+","[""a4b:amazonId"",""a4b:filters_deviceType"",""aws:RequestTag/${TagKey}"",""aws:ResourceTag/${TagKey}"",""aws:TagKeys""]","True","https://docs.aws.amazon.com/service-authorization/latest/reference/list_a4b.html"
"aiops","Amazon AI Operations","[""CreateInvestigation"",""CreateInvestigationEvent"",""CreateInvestigationGroup"",""CreateInvestigationResource"",""CreateReport"",""DeleteInvestigation"",""DeleteInvestigationGroup"",""DeleteInvestigationGroupPolicy"",""GenerateReport"",""GetEphemeralInvestigationResults"",""GetFact"",""GetFactVersions"",""GetInvestigation"",""GetInvestigationEvent"",""GetInvestigationGroup"",""GetInvestigationGroupPolicy"",""GetInvestigationResource"",""GetReport"",""ListFacts"",""ListInvestigationEvents"",""ListInvestigationGroups"",""ListInvestigations"",""ListReports"",""ListTagsForResource"",""PutFact"",""PutInvestigationGroupPolicy"",""TagResource"",""UntagResource"",""UpdateInvestigation"",""UpdateInvestigationEvent"",""UpdateInvestigationGroup"",""UpdateReport"",""ValidateInvestigationGroup""]","arn:aws:aiops:${Region}:${Account}:.+","^arn:aws:aiops:.+:.+:.+","[""aws:RequestTag/${TagKey}"",""aws:ResourceTag/${TagKey}"",""aws:TagKeys""]","True","https://docs.aws.amazon.com/service-authorization/latest/reference/list_aiops.html"
"execute-api","Amazon API Gateway","[""InvalidateCache"",""Invoke"",""ManageConnections""]","arn:aws:execute-api:${Region}:${Account}:${ResourcePath}","^arn:aws:execute-api:.+","""execute-api:viaDomainArn""","True","https://docs.aws.amazon.com/service-authorization/latest/reference/list_apigatewaymanagementapi.html"
"apigateway","Amazon API Gateway Management","[""AddCertificateToDomain"",""CreateAccessAssociation"",""DELETE"",""GET"",""PATCH"",""POST"",""PUT"",""RejectAccessAssociation"",""RemoveCertificateFromDomain"",""SetWebACL"",""UpdateDomainNameManagementPolicy"",""UpdateDomainNamePolicy"",""UpdateRestApiPolicy""]","arn:aws:apigateway:${Region}::${ApiGatewayResourcePath}","^arn:aws:apigateway:.+","[""apigateway:Request/AccessAssociationSource"",""apigateway:Request/AccessLoggingDestination"",""apigateway:Request/AccessLoggingFormat"",""apigateway:Request/ApiKeyRequired"",""apigateway:Request/ApiName"",""apigateway:Request/AuthorizerType"",""apigateway:Request/DisableExecuteApiEndpoint"",""apigateway:Request/DomainNameArn"",""apigateway:Request/EndpointType"",""apigateway:Request/MtlsTrustStoreUri"",""apigateway:Request/MtlsTrustStoreVersion"",""apigateway:Request/RouteAuthorizationType"",""apigateway:Request/RoutingMode"",""apigateway:Request/SecurityPolicy"",""apigateway:Request/StageName"",""apigateway:Resource/AccessLoggingDestination"",""apigateway:Resource/AccessLoggingFormat"",""apigateway:Resource/ApiKeyRequired"",""apigateway:Resource/ApiName"",""apigateway:Resource/AuthorizerType"",""apigateway:Resource/DisableExecuteApiEndpoint"",""apigateway:Resource/EndpointType"",""apigateway:Resource/MtlsTrustStoreUri"",""apigateway:Resource/MtlsTrustStoreVersion"",""apigateway:Resource/RouteAuthorizationType"",""apigateway:Resource/RoutingMode"",""apigateway:Resource/SecurityPolicy"",""aws:RequestTag/${TagKey}"",""aws:ResourceTag/${TagKey}"",""aws:TagKeys""]","True","https://docs.aws.amazon.com/service-authorization/latest/reference/list_apigateway.html"
"apigateway","Amazon API Gateway Management V2","[""CreatePortal"",""CreatePortalProduct"",""CreateProductPage"",""CreateProductRestEndpointPage"",""CreateRoutingRule"",""DELETE"",""DeletePortal"",""DeletePortalProduct"",""DeletePortalProductSharingPolicy"",""DeleteProductPage"",""DeleteProductRestEndpointPage"",""DeleteRoutingRule"",""DisablePortal"",""GET"",""GetPortal"",""GetPortalProduct"",""GetPortalProductSharingPolicy"",""GetProductPage"",""GetProductRestEndpointPage"",""GetRoutingRule"",""ListPortalProducts"",""ListPortals"",""ListProductPages"",""ListProductRestEndpointPages"",""ListRoutingRules"",""PATCH"",""POST"",""PUT"",""PreviewPortal"",""PublishPortal"",""PutPortalProductSharingPolicy"",""UpdatePortal"",""UpdatePortalProduct"",""UpdateProductPage"",""UpdateProductRestEndpointPage"",""UpdateRoutingRule""]","arn:aws:apigateway:${Region}::${ApiGatewayResourcePath}","^arn:aws:apigateway:.+","[""apigateway:Request/AccessLoggingDestination"",""apigateway:Request/AccessLoggingFormat"",""apigateway:Request/ApiKeyRequired"",""apigateway:Request/ApiName"",""apigateway:Request/AuthorizerType"",""apigateway:Request/AuthorizerUri"",""apigateway:Request/CognitoUserPoolArn"",""apigateway:Request/ConditionBasePaths"",""apigateway:Request/DisableExecuteApiEndpoint"",""apigateway:Request/EndpointType"",""apigateway:Request/Method"",""apigateway:Request/MtlsTrustStoreUri"",""apigateway:Request/MtlsTrustStoreVersion"",""apigateway:Request/PortalDisplayName"",""apigateway:Request/PortalDomainName"",""apigateway:Request/PortalProductDisplayName"",""apigateway:Request/Priority"",""apigateway:Request/ProductPageTitle"",""apigateway:Request/ProductRestEndpointPageEndpointPrefix"",""apigateway:Request/RestApiId"",""apigateway:Request/RouteAuthorizationType"",""apigateway:Request/RoutingMode"",""apigateway:Request/SecurityPolicy"",""apigateway:Request/Stage"",""apigateway:Request/StageName"",""apigateway:Resource/AccessLoggingDestination"",""apigateway:Resource/AccessLoggingFormat"",""apigateway:Resource/ApiKeyRequired"",""apigateway:Resource/ApiName"",""apigateway:Resource/AuthorizerType"",""apigateway:Resource/AuthorizerUri"",""apigateway:Resource/CognitoUserPoolArn"",""apigateway:Resource/ConditionBasePaths"",""apigateway:Resource/DisableExecuteApiEndpoint"",""apigateway:Resource/EndpointType"",""apigateway:Resource/Method"",""apigateway:Resource/MtlsTrustStoreUri"",""apigateway:Resource/MtlsTrustStoreVersion"",""apigateway:Resource/PortalDisplayName"",""apigateway:Resource/PortalDomainName"",""apigateway:Resource/PortalProductDisplayName"",""apigateway:Resource/PortalPublishStatus"",""apigateway:Resource/Priority"",""apigateway:Resource/ProductPageTitle"",""apigateway:Resource/ProductRestEndpointPageEndpointPrefix"",""apigateway:Resource/RestApiId"",""apigateway:Resource/RouteAuthorizationType"",""apigateway:Resource/RoutingMode"",""apigateway:Resource/SecurityPolicy"",""apigateway:Resource/Stage"",""aws:RequestTag/${TagKey}"",""aws:ResourceTag/${TagKey}"",""aws:TagKeys""]","True","https://docs.aws.amazon.com/service-authorization/latest/reference/list_apigatewayv2.html"
"appflow","Amazon AppFlow","[""CancelFlowExecutions"",""CreateConnectorProfile"",""CreateFlow"",""DeleteConnectorProfile"",""DeleteFlow"",""DescribeConnector"",""DescribeConnectorEntity"",""DescribeConnectorFields"",""DescribeConnectorProfiles"",""DescribeConnectors"",""DescribeFlow"",""DescribeFlowExecution"",""DescribeFlowExecutionRecords"",""DescribeFlows"",""ListConnectorEntities"",""ListConnectorFields"",""ListConnectors"",""ListFlows"",""ListTagsForResource"",""RegisterConnector"",""ResetConnectorMetadataCache"",""RunFlow"",""StartFlow"",""StopFlow"",""TagResource"",""UnRegisterConnector"",""UntagResource"",""UpdateConnectorProfile"",""UpdateConnectorRegistration"",""UpdateFlow"",""UseConnectorProfile""]","arn:aws:appflow:${Region}:${Account}:${ResourceType}/${ResourceName}","^arn:aws:appflow:.+:.+:.+","[""aws:RequestTag/${TagKey}"",""aws:ResourceTag/${TagKey}"",""aws:TagKeys""]","True","https://docs.aws.amazon.com/service-authorization/latest/reference/list_appflow.html"
"app-integrations","Amazon AppIntegrations","[""CreateApplication"",""CreateApplicationAssociation"",""CreateDataIntegration"",""CreateDataIntegrationAssociation"",""CreateDataIntegrationSchedule"",""CreateEventIntegration"",""CreateEventIntegrationAssociation"",""DeleteApplication"",""DeleteApplicationAssociation"",""DeleteDataIntegration"",""DeleteDataIntegrationAssociation"",""DeleteEventIntegration"",""DeleteEventIntegrationAssociation"",""GetApplication"",""GetDataIntegration"",""GetDataIntegrationExecution"",""GetDataIntegrationSchedule"",""GetEventIntegration"",""ListApplicationAssociations"",""ListApplications"",""ListDataIntegrationAssociations"",""ListDataIntegrationExecutions"",""ListDataIntegrationSchedules"",""ListDataIntegrations"",""ListEventIntegrationAssociations"",""ListEventIntegrations"",""ListTagsForResource"",""StartDataIntegrationExecution"",""TagResource"",""UntagResource"",""UpdateApplication"",""UpdateDataIntegration"",""UpdateDataIntegrationAssociation"",""UpdateDataIntegrationSchedule"",""UpdateEventIntegration""]","arn:aws:app-integrations:${Region}:${Account}:${ResourceType}/${ResourceName}","^arn:aws:app-integrations:.+:.+:.+","[""aws:RequestTag/${TagKey}"",""aws:ResourceTag/${TagKey}"",""aws:TagKeys""]","True","https://docs.aws.amazon.com/service-authorization/latest/reference/list_appintegrations.html"
"arc-zonal-shift","Amazon Application Recovery Controller - Zonal Shift","[""CancelPracticeRun"",""CancelZonalShift"",""CreatePracticeRunConfiguration"",""DeletePracticeRunConfiguration"",""GetAutoshiftObserverNotificationStatus"",""GetManagedResource"",""ListAutoshifts"",""ListManagedResources"",""ListZonalShifts"",""StartPracticeRun"",""StartZonalShift"",""UpdateAutoshiftObserverNotificationStatus"",""UpdatePracticeRunConfiguration"",""UpdateZonalAutoshiftConfiguration"",""UpdateZonalShift""]","arn:aws:arc-zonal-shift:${Region}:${Account}:${ResourceType}/${ResourceName}","^arn:aws:arc-zonal-shift:.+:.+:.+","[""arc-zonal-shift:ResourceIdentifier"",""aws:ResourceTag/${TagKey}"",""elasticloadbalancing:ResourceTag/${TagKey}""]","True","https://docs.aws.amazon.com/service-authorization/latest/reference/list_arc-zonal-shift.html"
"appstream","Amazon AppStream 2.0","[""AssociateAppBlockBuilderAppBlock"",""AssociateApplicationFleet"",""AssociateApplicationToEntitlement"",""AssociateFleet"",""AssociateSoftwareToImageBuilder"",""BatchAssociateUserStack"",""BatchDisassociateUserStack"",""CopyImage"",""CreateAppBlock"",""CreateAppBlockBuilder"",""CreateAppBlockBuilderStreamingURL"",""CreateApplication"",""CreateDirectoryConfig"",""CreateEntitlement"",""CreateExportImageTask"",""CreateFleet"",""CreateImageBuilder"",""CreateImageBuilderStreamingURL"",""CreateImportedImage"",""CreateStack"",""CreateStreamingURL"",""CreateThemeForStack"",""CreateUpdatedImage"",""CreateUsageReportSubscription"",""CreateUser"",""DeleteAppBlock"",""DeleteAppBlockBuilder"",""DeleteApplication"",""DeleteDirectoryConfig"",""DeleteEntitlement"",""DeleteFleet"",""DeleteImage"",""DeleteImageBuilder"",""DeleteImagePermissions"",""DeleteStack"",""DeleteThemeForStack"",""DeleteUsageReportSubscription"",""DeleteUser"",""DescribeAppBlockBuilderAppBlockAssociations"",""DescribeAppBlockBuilders"",""DescribeAppBlocks"",""DescribeAppLicenseUsage"",""DescribeApplicationFleetAssociations"",""DescribeApplications"",""DescribeDirectoryConfigs"",""DescribeEntitlements"",""DescribeFleets"",""DescribeImageBuilders"",""DescribeImagePermissions"",""DescribeImages"",""DescribeSessions"",""DescribeSoftwareAssociations"",""DescribeStacks"",""DescribeThemeForStack"",""DescribeUsageReportSubscriptions"",""DescribeUserStackAssociations"",""DescribeUsers"",""DisableUser"",""DisassociateAppBlockBuilderAppBlock"",""DisassociateApplicationFleet"",""DisassociateApplicationFromEntitlement"",""DisassociateFleet"",""DisassociateSoftwareFromImageBuilder"",""EnableUser"",""ExpireSession"",""GetExportImageTask"",""ListAssociatedFleets"",""ListAssociatedStacks"",""ListEntitledApplications"",""ListExportImageTasks"",""ListTagsForResource"",""StartAppBlockBuilder"",""StartFleet"",""StartImageBuilder"",""StartSoftwareDeploymentToImageBuilder"",""StopAppBlockBuilder"",""StopFleet"",""StopImageBuilder"",""Stream"",""TagResource"",""UntagResource"",""UpdateAppBlockBuilder"",""UpdateApplication"",""UpdateDirectoryConfig"",""UpdateEntitlement"",""UpdateFleet"",""UpdateImagePermissions"",""UpdateStack"",""UpdateThemeForStack""]","arn:aws:appstream:${Region}:${Account}:${ResourceType}/${ResourcePath}","^arn:aws:appstream:.+","[""appstream:userId"",""aws:RequestTag/${TagKey}"",""aws:ResourceTag/${TagKey}"",""aws:TagKeys""]","True","https://docs.aws.amazon.com/service-authorization/latest/reference/list_appstream.html"
"arc-region-switch","Amazon ARC Region switch","[""ApprovePlanExecutionStep"",""CancelPlanExecution"",""CreatePlan"",""DeletePlan"",""DeleteResourcePolicy"",""GetPlan"",""GetPlanEvaluationStatus"",""GetPlanExecution"",""GetPlanInRegion"",""GetResourcePolicy"",""ListPlanExecutionEvents"",""ListPlanExecutions"",""ListPlans"",""ListPlansInRegion"",""ListRoute53HealthChecks"",""ListRoute53HealthChecksInRegion"",""ListServiceQuotaWarnings"",""ListTagsForResource"",""PutResourcePolicy"",""StartPlanExecution"",""TagResource"",""UntagResource"",""UpdatePlan"",""UpdatePlanExecution"",""UpdatePlanExecutionStep""]","arn:aws:arc-region-switch::${Account}:${ResourceType}","^arn:aws:arc-region-switch::.+:.+","[""aws:RequestTag/${TagKey}"",""aws:ResourceTag/${TagKey}"",""aws:TagKeys""]","True","https://docs.aws.amazon.com/service-authorization/latest/reference/list_arc-region-switch.html"
"athena","Amazon Athena","[""BatchGetNamedQuery"",""BatchGetPreparedStatement"",""BatchGetQueryExecution"",""CancelCapacityReservation"",""CancelQueryExecution"",""CreateCapacityReservation"",""CreateDataCatalog"",""CreateNamedQuery"",""CreateNotebook"",""CreatePreparedStatement"",""CreatePresignedNotebookUrl"",""CreateWorkGroup"",""DeleteCapacityReservation"",""DeleteDataCatalog"",""DeleteNamedQuery"",""DeleteNotebook"",""DeletePreparedStatement"",""DeleteWorkGroup"",""ExportNotebook"",""GetCalculationExecution"",""GetCalculationExecutionCode"",""GetCalculationExecutionStatus"",""GetCapacityAssignmentConfiguration"",""GetCapacityReservation"",""GetCatalogs"",""GetDataCatalog"",""GetDatabase"",""GetExecutionEngine"",""GetExecutionEngines"",""GetNamedQuery"",""GetNamespace"",""GetNamespaces"",""GetNotebookMetadata"",""GetPreparedStatement"",""GetQueryExecution"",""GetQueryExecutions"",""GetQueryResults"",""GetQueryResultsStream"",""GetQueryRuntimeStatistics"",""GetResourceDashboard"",""GetSession"",""GetSessionEndpoint"",""GetSessionStatus"",""GetTable"",""GetTableMetadata"",""GetTables"",""GetWorkGroup"",""ImportNotebook"",""ListApplicationDPUSizes"",""ListCalculationExecutions"",""ListCapacityReservations"",""ListDataCatalogs"",""ListDatabases"",""ListEngineVersions"",""ListExecutors"",""ListNamedQueries"",""ListNotebookMetadata"",""ListNotebookSessions"",""ListPreparedStatements"",""ListQueryExecutions"",""ListSessions"",""ListTableMetadata"",""ListTagsForResource"",""ListWorkGroups"",""PutCapacityAssignmentConfiguration"",""RunQuery"",""StartCalculationExecution"",""StartQueryExecution"",""StartSession"",""StopCalculationExecution"",""StopQueryExecution"",""TagResource"",""TerminateSession"",""UntagResource"",""UpdateCapacityReservation"",""UpdateDataCatalog"",""UpdateNamedQuery"",""UpdateNotebook"",""UpdateNotebookMetadata"",""UpdatePreparedStatement"",""UpdateWorkGroup""]","arn:aws:athena:${Region}:${Account}:${ResourceType}/${ResourcePath}","^arn:aws:athena:.+","[""aws:RequestTag/${TagKey}"",""aws:ResourceTag/${TagKey}"",""aws:TagKeys""]","True","https://docs.aws.amazon.com/service-authorization/latest/reference/list_athena.html"
"dsql","Amazon Aurora DSQL","[""AddPeerCluster"",""CreateCluster"",""CreateStream"",""DbConnect"",""DbConnectAdmin"",""DeleteCluster"",""DeleteClusterPolicy"",""DeleteStream"",""GetBackupJob"",""GetCluster"",""GetClusterPolicy"",""GetRestoreJob"",""GetStream"",""GetVpcEndpointServiceName"",""InjectError"",""ListClusters"",""ListStreams"",""ListTagsForResource"",""PutClusterPolicy"",""PutMultiRegionProperties"",""PutWitnessRegion"",""RemovePeerCluster"",""StartBackupJob"",""StartRestoreJob"",""StopBackupJob"",""StopRestoreJob"",""TagResource"",""UntagResource"",""UpdateCluster"",""UpdateStream""]","arn:aws:dsql:${Region}:${Account}:${ResourceType}/${ResourcePath}","^arn:aws:dsql:.+:.+:.+","[""aws:RequestTag/${TagKey}"",""aws:ResourceTag/${TagKey}"",""aws:TagKeys"",""dsql:FisActionId"",""dsql:FisTargetArns"",""dsql:WitnessRegion""]","True","https://docs.aws.amazon.com/service-authorization/latest/reference/list_dsql.html"
"bedrock","Amazon Bedrock","[""AgenticRetrieveStream"",""AllowVendedLogDeliveryForResource"",""ApplyGuardrail"",""AssociateAgentCollaborator"",""AssociateAgentKnowledgeBase"",""AssociateThirdPartyKnowledgeBase"",""BatchDeleteAdvancedPromptOptimizationJob"",""BatchDeleteEvaluationJob"",""CallWithBearerToken"",""CancelAutomatedReasoningPolicyBuildWorkflow"",""CancelInvoke"",""CheckIngestedDocumentAcl"",""CopyBlueprintStage"",""CountTokens"",""CreateAdvancedPromptOptimizationJob"",""CreateAgent"",""CreateAgentActionGroup"",""CreateAgentAlias"",""CreateAutomatedReasoningPolicy"",""CreateAutomatedReasoningPolicyTestCase"",""CreateAutomatedReasoningPolicyVersion"",""CreateBlueprint"",""CreateBlueprintVersion"",""CreateCustomModel"",""CreateCustomModelDeployment"",""CreateDataAutomationLibrary"",""CreateDataAutomationProject"",""CreateDataSource"",""CreateDataSourceToken"",""CreateEvaluationJob"",""CreateFlow"",""CreateFlowAlias"",""CreateFlowVersion"",""CreateFoundationModelAgreement"",""CreateGuardrail"",""CreateGuardrailVersion"",""CreateInferenceProfile"",""CreateInvocation"",""CreateKnowledgeBase"",""CreateMarketplaceModelEndpoint"",""CreateModelCopyJob"",""CreateModelCustomizationJob"",""CreateModelEvaluationJob"",""CreateModelImportJob"",""CreateModelInvocationJob"",""CreatePrompt"",""CreatePromptRouter"",""CreatePromptVersion"",""CreateProvisionedModelThroughput"",""CreateSession"",""DeleteAgent"",""DeleteAgentActionGroup"",""DeleteAgentAlias"",""DeleteAgentMemory"",""DeleteAgentVersion"",""DeleteAutomatedReasoningPolicy"",""DeleteAutomatedReasoningPolicyBuildWorkflow"",""DeleteAutomatedReasoningPolicyTestCase"",""DeleteBlueprint"",""DeleteCustomModel"",""DeleteCustomModelDeployment"",""DeleteDataAutomationLibrary"",""DeleteDataAutomationProject"",""DeleteDataSource"",""DeleteEnforcedGuardrailConfiguration"",""DeleteFlow"",""DeleteFlowAlias"",""DeleteFlowVersion"",""DeleteFoundationModelAgreement"",""DeleteGuardrail"",""DeleteImportedModel"",""DeleteInferenceProfile"",""DeleteInvoke"",""DeleteKnowledgeBase"",""DeleteKnowledgeBaseDocuments"",""DeleteMarketplaceModelAgreement"",""DeleteMarketplaceModelEndpoint"",""DeleteModelInvocationLoggingConfiguration"",""DeletePrompt"",""DeletePromptRouter"",""DeleteProvisionedModelThroughput"",""DeleteResourcePolicy"",""DeleteSession"",""DeregisterMarketplaceModelEndpoint"",""DetectGeneratedContent"",""DisassociateAgentCollaborator"",""DisassociateAgentKnowledgeBase"",""EndSession"",""ExportAutomatedReasoningPolicyVersion"",""GenerateQuery"",""GetAccountDataRetention"",""GetAdvancedPromptOptimizationJob"",""GetAgent"",""GetAgentActionGroup"",""GetAgentAlias"",""GetAgentCollaborator"",""GetAgentKnowledgeBase"",""GetAgentMemory"",""GetAgentVersion"",""GetAsyncInvoke"",""GetAutomatedReasoningPolicy"",""GetAutomatedReasoningPolicyAnnotations"",""GetAutomatedReasoningPolicyBuildWorkflow"",""GetAutomatedReasoningPolicyBuildWorkflowResultAssets"",""GetAutomatedReasoningPolicyNextScenario"",""GetAutomatedReasoningPolicyTestCase"",""GetAutomatedReasoningPolicyTestResult"",""GetBlueprint"",""GetBlueprintOptimizationStatus"",""GetBlueprintRecommendation"",""GetCustomModel"",""GetCustomModelDeployment"",""GetDataAutomationLibrary"",""GetDataAutomationLibraryEntity"",""GetDataAutomationLibraryIngestionJob"",""GetDataAutomationProject"",""GetDataAutomationStatus"",""GetDataSource"",""GetDataSourceAuthorizationUrl"",""GetDocumentContent"",""GetEvaluationJob"",""GetExecutionFlowSnapshot"",""GetFlow"",""GetFlowAlias"",""GetFlowExecution"",""GetFlowVersion"",""GetFoundationModel"",""GetFoundationModelAvailability"",""GetGuardrail"",""GetImportedModel"",""GetInferenceProfile"",""GetIngestedDocumentAcl"",""GetIngestionJob"",""GetInvocationStep"",""GetInvoke"",""GetKnowledgeBase"",""GetKnowledgeBaseDocuments"",""GetMarketplaceModelEndpoint"",""GetModelCopyJob"",""GetModelCustomizationJob"",""GetModelEvaluationJob"",""GetModelImportJob"",""GetModelInvocationJob"",""GetModelInvocationLoggingConfiguration"",""GetPrompt"",""GetPromptRouter"",""GetProvisionedModelThroughput"",""GetResourcePolicy"",""GetSession"",""GetUseCaseForModelAccess"",""IngestKnowledgeBaseDocuments"",""InvokeAgent"",""InvokeAutomatedReasoningPolicy"",""InvokeBlueprintOptimizationAsync"",""InvokeBlueprintRecommendationAsync"",""InvokeBuilder"",""InvokeDataAutomation"",""InvokeDataAutomationAsync"",""InvokeDataAutomationLibraryIngestionJob"",""InvokeFlow"",""InvokeGuardrailChecks"",""InvokeInlineAgent"",""InvokeModel"",""InvokeModelWithResponseStream"",""InvokeTool"",""ListAdvancedPromptOptimizationJobs"",""ListAgentActionGroups"",""ListAgentAliases"",""ListAgentCollaborators"",""ListAgentKnowledgeBases"",""ListAgentVersions"",""ListAgents"",""ListAsyncInvokes"",""ListAutomatedReasoningPolicies"",""ListAutomatedReasoningPolicyBuildWorkflows"",""ListAutomatedReasoningPolicyTestCases"",""ListAutomatedReasoningPolicyTestResults"",""ListBlueprints"",""ListCustomModelDeployments"",""ListCustomModels"",""ListDataAutomationLibraries"",""ListDataAutomationLibraryEntities"",""ListDataAutomationLibraryIngestionJobs"",""ListDataAutomationProjects"",""ListDataSources"",""ListEnforcedGuardrailsConfiguration"",""ListEvaluationJobs"",""ListFlowAliases"",""ListFlowExecutionEvents"",""ListFlowExecutions"",""ListFlowVersions"",""ListFlows"",""ListFoundationModelAgreementOffers"",""ListFoundationModels"",""ListGuardrails"",""ListImportedModels"",""ListInferenceProfiles"",""ListIngestionJobs"",""ListInvocationSteps"",""ListInvocations"",""ListKnowledgeBaseDocuments"",""ListKnowledgeBases"",""ListMarketplaceModelEndpoints"",""ListModelCopyJobs"",""ListModelCustomizationJobs"",""ListModelEvaluationJobs"",""ListModelImportJobs"",""ListModelInvocationJobs"",""ListPromptRouters"",""ListPrompts"",""ListProvisionedModelThroughputs"",""ListSessions"",""ListTagsForResource"",""OptimizePrompt"",""PrepareAgent"",""PrepareFlow"",""PutAccountDataRetention"",""PutEnforcedGuardrailConfiguration"",""PutFoundationModelEntitlement"",""PutInvocationStep"",""PutModelInvocationLoggingConfiguration"",""PutResourcePolicy"",""PutUseCaseForModelAccess"",""RegisterMarketplaceModelEndpoint"",""RenderPrompt"",""Rerank"",""Retrieve"",""RetrieveAndGenerate"",""StartAutomatedReasoningPolicyBuildWorkflow"",""StartAutomatedReasoningPolicyTestWorkflow"",""StartFlowExecution"",""StartIngestionJob"",""StopAdvancedPromptOptimizationJob"",""StopEvaluationJob"",""StopFlowExecution"",""StopIngestionJob"",""StopModelCustomizationJob"",""StopModelInvocationJob"",""TagResource"",""UntagResource"",""UpdateAgent"",""UpdateAgentActionGroup"",""UpdateAgentAlias"",""UpdateAgentCollaborator"",""UpdateAgentKnowledgeBase"",""UpdateAutomatedReasoningPolicy"",""UpdateAutomatedReasoningPolicyAnnotations"",""UpdateAutomatedReasoningPolicyTestCase"",""UpdateBlueprint"",""UpdateCustomModelDeployment"",""UpdateDataAutomationLibrary"",""UpdateDataAutomationProject"",""UpdateDataSource"",""UpdateFlow"",""UpdateFlowAlias"",""UpdateGuardrail"",""UpdateKnowledgeBase"",""UpdateMarketplaceModelEndpoint"",""UpdatePrompt"",""UpdateProvisionedModelThroughput"",""UpdateSession"",""ValidateFlowDefinition""]","arn:aws:bedrock:${Region}:${Account}:${ResourceType}/${ResourceId}","^arn:aws:bedrock:.*:.*:.+","[""aws:RequestTag/${TagKey}"",""aws:ResourceTag/${TagKey}"",""aws:TagKeys"",""bedrock:BearerTokenType"",""bedrock:DataRetentionMode"",""bedrock:GuardrailIdentifier"",""bedrock:InferenceProfileArn"",""bedrock:InlineAgentName"",""bedrock:ModelArn"",""bedrock:ProjectArn"",""bedrock:PromptRouterArn"",""bedrock:ServiceTier"",""bedrock:ThirdPartyKnowledgeBaseCredentialsSecretArn""]","True","https://docs.aws.amazon.com/service-authorization/latest/reference/list_bedrock.html"
"bedrock-agentcore","Amazon Bedrock Agentcore","[""AddDatasetExamples"",""AllowVendedLogDeliveryForResource"",""AuthorizeAction"",""BatchCreateMemoryRecords"",""BatchDeleteMemoryRecords"",""BatchPutGatewayRateLimits"",""BatchUpdateMemoryRecords"",""CompleteResourceTokenAuth"",""ConnectBrowserAutomationStream"",""ConnectBrowserLiveViewStream"",""CreateABTest"",""CreateAgentRuntime"",""CreateAgentRuntimeEndpoint"",""CreateApiKeyCredentialProvider"",""CreateBrowser"",""CreateBrowserProfile"",""CreateCapacityProvider"",""CreateCodeInterpreter"",""CreateConfigurationBundle"",""CreateConsentPortal"",""CreateDataset"",""CreateDatasetVersion"",""CreateEvaluator"",""CreateEvent"",""CreateGateway"",""CreateGatewayRateLimit"",""CreateGatewayRule"",""CreateGatewayTarget"",""CreateHarness"",""CreateHarnessEndpoint"",""CreateMemory"",""CreateOauth2CredentialProvider"",""CreateOnlineEvaluationConfig"",""CreatePaymentConnector"",""CreatePaymentCredentialProvider"",""CreatePaymentInstrument"",""CreatePaymentManager"",""CreatePaymentSession"",""CreatePolicy"",""CreatePolicyEngine"",""CreateRegistry"",""CreateRegistryRecord"",""CreateWorkloadIdentity"",""DeleteABTest"",""DeleteAgentRuntime"",""DeleteAgentRuntimeEndpoint"",""DeleteApiKeyCredentialProvider"",""DeleteBatchEvaluation"",""DeleteBrowser"",""DeleteBrowserProfile"",""DeleteCapacityProvider"",""DeleteCapacityProviderSession"",""DeleteCodeInterpreter"",""DeleteConfigurationBundle"",""DeleteConsentPortal"",""DeleteDataset"",""DeleteDatasetExamples"",""DeleteEvaluator"",""DeleteEvent"",""DeleteGateway"",""DeleteGatewayRateLimit"",""DeleteGatewayRule"",""DeleteGatewayTarget"",""DeleteHarness"",""DeleteHarnessEndpoint"",""DeleteMemory"",""DeleteMemoryRecord"",""DeleteOauth2CredentialProvider"",""DeleteOnlineEvaluationConfig"",""DeletePaymentConnector"",""DeletePaymentCredentialProvider"",""DeletePaymentInstrument"",""DeletePaymentManager"",""DeletePaymentSession"",""DeletePolicy"",""DeletePolicyEngine"",""DeleteRecommendation"",""DeleteRegistry"",""DeleteRegistryRecord"",""DeleteResourcePolicy"",""DeleteWorkloadIdentity"",""Evaluate"",""GatewayAssociateWebACL"",""GatewayDisassociateWebACL"",""GatewayGetWebACLForResource"",""GatewayListResourcesForWebACL"",""GetABTest"",""GetAgentCard"",""GetAgentRuntime"",""GetAgentRuntimeEndpoint"",""GetApiKeyCredentialProvider"",""GetBatchEvaluation"",""GetBrowser"",""GetBrowserProfile"",""GetBrowserSession"",""GetCapacityProvider"",""GetCodeInterpreter"",""GetCodeInterpreterSession"",""GetConfigurationBundle"",""GetConfigurationBundleVersion"",""GetConsentPortal"",""GetDataset"",""GetEvaluator"",""GetEvent"",""GetGateway"",""GetGatewayRateLimit"",""GetGatewayRule"",""GetGatewayTarget"",""GetHarness"",""GetHarnessEndpoint"",""GetMemory"",""GetMemoryRecord"",""GetOauth2CredentialProvider"",""GetOnlineEvaluationConfig"",""GetPaymentConnector"",""GetPaymentCredentialProvider"",""GetPaymentInstrument"",""GetPaymentInstrumentBalance"",""GetPaymentManager"",""GetPaymentSession"",""GetPolicy"",""GetPolicyEngine"",""GetPolicyEngineSummary"",""GetPolicyGeneration"",""GetPolicyGenerationSummary"",""GetPolicySummary"",""GetRecommendation"",""GetRegistry"",""GetRegistryRecord"",""GetResourceApiKey"",""GetResourceOauth2Token"",""GetResourcePaymentToken"",""GetResourcePolicy"",""GetTokenVault"",""GetWorkloadAccessToken"",""GetWorkloadAccessTokenForJWT"",""GetWorkloadAccessTokenForUserId"",""GetWorkloadIdentity"",""InvokeAgentRuntime"",""InvokeAgentRuntimeCommand"",""InvokeAgentRuntimeCommandShell"",""InvokeAgentRuntimeForUser"",""InvokeAgentRuntimeWithWebSocketStream"",""InvokeAgentRuntimeWithWebSocketStreamForUser"",""InvokeCodeInterpreter"",""InvokeGateway"",""InvokeHarness"",""InvokeRegistryMcp"",""InvokeWebSearch"",""ListABTests"",""ListActors"",""ListAgentRuntimeEndpoints"",""ListAgentRuntimeVersions"",""ListAgentRuntimeVersionsByCapacityProvider"",""ListAgentRuntimes"",""ListApiKeyCredentialProviders"",""ListBatchEvaluations"",""ListBrowserProfiles"",""ListBrowserSessions"",""ListBrowsers"",""ListCapacityProviders"",""ListCodeInterpreterSessions"",""ListCodeInterpreters"",""ListConfigurationBundleVersions"",""ListConfigurationBundles"",""ListConsentPortals"",""ListDatasetExamples"",""ListDatasetVersions"",""ListDatasets"",""ListEvaluators"",""ListEvents"",""ListGatewayRateLimits"",""ListGatewayRules"",""ListGatewayTargets"",""ListGateways"",""ListHarnessEndpoints"",""ListHarnessVersions"",""ListHarnesses"",""ListMemories"",""ListMemoryExtractionJobs"",""ListMemoryRecords"",""ListOauth2CredentialProviders"",""ListOnlineEvaluationConfigs"",""ListPaymentConnectors"",""ListPaymentCredentialProviders"",""ListPaymentInstruments"",""ListPaymentManagers"",""ListPaymentSessions"",""ListPolicies"",""ListPolicyEngineSummaries"",""ListPolicyEngines"",""ListPolicyGenerationAssets"",""ListPolicyGenerationSummaries"",""ListPolicyGenerations"",""ListPolicySummaries"",""ListRecommendations"",""ListRegistries"",""ListRegistryRecords"",""ListSessions"",""ListTagsForResource"",""ListWorkloadIdentities"",""ManageAdminPolicy"",""ManageResourceScopedPolicy"",""PartiallyAuthorizeActions"",""PassCapacityProvider"",""ProcessPayment"",""PutResourcePolicy"",""PutSystemLogEvents"",""RetrieveMemoryRecords"",""SaveBrowserSessionProfile"",""SearchRegistryRecords"",""SetTokenVaultCMK"",""StartBatchEvaluation"",""StartBrowserSession"",""StartCodeInterpreterSession"",""StartMemoryExtractionJob"",""StartPolicyGeneration"",""StartRecommendation"",""StopBatchEvaluation"",""StopBrowserSession"",""StopCodeInterpreterSession"",""StopRuntimeSession"",""SubmitRegistryRecordForApproval"",""SynchronizeGatewayTargets"",""TagResource"",""UntagResource"",""UpdateABTest"",""UpdateAgentRuntime"",""UpdateAgentRuntimeEndpoint"",""UpdateApiKeyCredentialProvider"",""UpdateBrowserStream"",""UpdateCapacityProvider"",""UpdateConfigurationBundle"",""UpdateConsentPortal"",""UpdateDataset"",""UpdateDatasetExamples"",""UpdateEvaluator"",""UpdateGateway"",""UpdateGatewayRateLimit"",""UpdateGatewayRule"",""UpdateGatewayTarget"",""UpdateHarness"",""UpdateHarnessEndpoint"",""UpdateMemory"",""UpdateOauth2CredentialProvider"",""UpdateOnlineEvaluationConfig"",""UpdatePaymentConnector"",""UpdatePaymentCredentialProvider"",""UpdatePaymentManager"",""UpdatePolicy"",""UpdatePolicyEngine"",""UpdateRegistry"",""UpdateRegistryRecord"",""UpdateRegistryRecordStatus"",""UpdateWorkloadIdentity""]","arn:aws:bedrock-agentcore:${Region}:${Account}:${ResourceType}/${ResourceId}","^arn:aws:bedrock-agentcore:.+:.+:.+","[""aws:RequestTag/${TagKey}"",""aws:ResourceTag/${TagKey}"",""aws:TagKeys"",""bedrock-agentcore:AllowedQueryParameters"",""bedrock-agentcore:AllowedRequestHeaders"",""bedrock-agentcore:AllowedResponseHeaders"",""bedrock-agentcore:CredentialProviderScope"",""bedrock-agentcore:CredentialProviderType"",""bedrock-agentcore:DiscoveryUrl"",""bedrock-agentcore:GatewayAuthorizerType"",""bedrock-agentcore:HttpTargetConfigurationType"",""bedrock-agentcore:InboundJwtClaim/aud"",""bedrock-agentcore:InboundJwtClaim/client_id"",""bedrock-agentcore:InboundJwtClaim/iss"",""bedrock-agentcore:InboundJwtClaim/scope"",""bedrock-agentcore:InboundJwtClaim/sub"",""bedrock-agentcore:InferenceTargetConfigurationType"",""bedrock-agentcore:KmsKeyArn"",""bedrock-agentcore:McpTargetConfigurationType"",""bedrock-agentcore:PolicyEngineArn"",""bedrock-agentcore:PolicyEngineMode"",""bedrock-agentcore:PrivateEndpointType"",""bedrock-agentcore:ProtocolType"",""bedrock-agentcore:ResourceConfigurationIdentifier"",""bedrock-agentcore:RuntimeAuthorizerType"",""bedrock-agentcore:actorId"",""bedrock-agentcore:namespace"",""bedrock-agentcore:runtimeSessionId"",""bedrock-agentcore:securityGroups"",""bedrock-agentcore:sessionId"",""bedrock-agentcore:strategyId"",""bedrock-agentcore:subnets"",""bedrock-agentcore:userid""]","True","https://docs.aws.amazon.com/service-authorization/latest/reference/list_bedrock-agentcore.html"
"bedrock-mantle","Amazon Bedrock Powered by AWS Mantle","[""ArchiveProject"",""AssociateCustomizedModel"",""CallWithBearerToken"",""CancelFineTuningJob"",""CancelInference"",""CountTokens"",""CreateCustomizedModel"",""CreateFile"",""CreateFineTuningJob"",""CreateInference"",""CreateProject"",""CreateReservation"",""DeleteCustomizedModel"",""DeleteFile"",""DeleteInference"",""DeleteReservation"",""DisassociateCustomizedModel"",""GetAccountDataRetention"",""GetCustomizedModel"",""GetFile"",""GetFineTuningJob"",""GetInference"",""GetModel"",""GetProject"",""GetReservation"",""ListCustomizedModelAssociations"",""ListCustomizedModels"",""ListFiles"",""ListFineTuningJobs"",""ListModels"",""ListProjects"",""ListReservations"",""ListTagsForResource"",""PutAccountDataRetention"",""TagResource"",""UntagResource"",""UpdateProject"",""UpdateReservation""]","arn:aws:bedrock-mantle:${Region}:${Account}:${ResourceType}/${ResourceName}","^arn:aws:bedrock-mantle:.+","[""aws:RequestTag/${TagKey}"",""aws:ResourceTag/${TagKey}"",""aws:TagKeys"",""bedrock-mantle:BearerTokenType"",""bedrock-mantle:CustomizedModelArn"",""bedrock-mantle:DataRetentionMode"",""bedrock-mantle:Files"",""bedrock-mantle:FineTuningJob"",""bedrock-mantle:Model"",""bedrock-mantle:ProjectArn"",""bedrock-mantle:ReservationArn"",""bedrock-mantle:ServiceTier""]","True","https://docs.aws.amazon.com/service-authorization/latest/reference/list_bedrock-mantle.html"
"bedrock-websearch","Amazon Bedrock Web Search","[""ExternalWebAccess"",""InvokeFetch"",""InvokeSearch""]","arn:aws:bedrock-websearch:${Region}:${Account}:${ResourceType}/${ResourceName}","^arn:aws:bedrock-websearch:.+","null","True","https://docs.aws.amazon.com/service-authorization/latest/reference/list_bedrock-websearch.html"
"researchstudio","Amazon Bio Discovery","[""AssignPrincipal"",""CreateApplication"",""DeleteApplication"",""DeletePrincipal"",""GetApplication"",""ListApplications""]","","^arn:${Partition}:researchstudio:.+:.+:.+","null","False","https://docs.aws.amazon.com/service-authorization/latest/reference/list_researchstudio.html"
"braket","Amazon Braket","[""AcceptUserAgreement"",""CancelJob"",""CancelQuantumTask"",""CreateJob"",""CreateQuantumTask"",""CreateSpendingLimit"",""DeleteSpendingLimit"",""GetDevice"",""GetJob"",""GetQuantumTask"",""GetServiceLinkedRoleStatus"",""GetUserAgreementStatus"",""ListTagsForResource"",""SearchDevices"",""SearchJobs"",""SearchQuantumTasks"",""SearchSpendingLimits"",""TagResource"",""UntagResource"",""UpdateSpendingLimit""]","arn:aws:braket:${Region}:${Account}:.+","^arn:aws:braket:${Region}:${Account}:.+","[""aws:RequestTag/${TagKey}"",""aws:ResourceTag/${TagKey}"",""aws:TagKeys""]","True","https://docs.aws.amazon.com/service-authorization/latest/reference/list_braket.html"
"chime","Amazon Chime","[""AcceptDelegate"",""ActivateUsers"",""AddDomain"",""AddOrUpdateGroups"",""AssociateChannelFlow"",""AssociatePhoneNumberWithUser"",""AssociatePhoneNumbersWithVoiceConnector"",""AssociatePhoneNumbersWithVoiceConnectorGroup"",""AssociateSigninDelegateGroupsWithAccount"",""AssociateVoiceConnectorConnect"",""AuthorizeDirectory"",""BatchCreateAttendee"",""BatchCreateChannelMembership"",""BatchCreateRoomMembership"",""BatchDeletePhoneNumber"",""BatchSuspendUser"",""BatchUnsuspendUser"",""BatchUpdateAttendeeCapabilitiesExcept"",""BatchUpdatePhoneNumber"",""BatchUpdateUser"",""ChannelFlowCallback"",""Connect"",""ConnectDirectory"",""CreateAccount"",""CreateApiKey"",""CreateAppInstance"",""CreateAppInstanceAdmin"",""CreateAppInstanceBot"",""CreateAppInstanceUser"",""CreateAttendee"",""CreateBot"",""CreateCDRBucket"",""CreateChannel"",""CreateChannelBan"",""CreateChannelFlow"",""CreateChannelMembership"",""CreateChannelModerator"",""CreateConnectAnalyticsConnector"",""CreateConnectCallTransferConnector"",""CreateMediaCapturePipeline"",""CreateMediaConcatenationPipeline"",""CreateMediaInsightsPipeline"",""CreateMediaInsightsPipelineConfiguration"",""CreateMediaLiveConnectorPipeline"",""CreateMediaPipelineKinesisVideoStreamPool"",""CreateMediaStreamPipeline"",""CreateMeeting"",""CreateMeetingDialOut"",""CreateMeetingWithAttendees"",""CreatePhoneNumberOrder"",""CreateProxySession"",""CreateRoom"",""CreateRoomMembership"",""CreateSipMediaApplication"",""CreateSipMediaApplicationCall"",""CreateSipRule"",""CreateUser"",""CreateVoiceConnector"",""CreateVoiceConnectorGroup"",""CreateVoiceProfile"",""CreateVoiceProfileDomain"",""DeleteAccount"",""DeleteAccountOpenIdConfig"",""DeleteApiKey"",""DeleteAppInstance"",""DeleteAppInstanceAdmin"",""DeleteAppInstanceBot"",""DeleteAppInstanceStreamingConfigurations"",""DeleteAppInstanceUser"",""DeleteAttendee"",""DeleteCDRBucket"",""DeleteChannel"",""DeleteChannelBan"",""DeleteChannelFlow"",""DeleteChannelMembership"",""DeleteChannelMessage"",""DeleteChannelModerator"",""DeleteDelegate"",""DeleteDomain"",""DeleteEventsConfiguration"",""DeleteGroups"",""DeleteMediaCapturePipeline"",""DeleteMediaInsightsPipelineConfiguration"",""DeleteMediaPipeline"",""DeleteMediaPipelineKinesisVideoStreamPool"",""DeleteMeeting"",""DeleteMessagingStreamingConfigurations"",""DeletePhoneNumber"",""DeleteProxySession"",""DeleteRoom"",""DeleteRoomMembership"",""DeleteSipMediaApplication"",""DeleteSipRule"",""DeleteVoiceConnector"",""DeleteVoiceConnectorEmergencyCallingConfiguration"",""DeleteVoiceConnectorExternalSystemsConfiguration"",""DeleteVoiceConnectorGroup"",""DeleteVoiceConnectorOrigination"",""DeleteVoiceConnectorProxy"",""DeleteVoiceConnectorStreamingConfiguration"",""DeleteVoiceConnectorTermination"",""DeleteVoiceConnectorTerminationCredentials"",""DeleteVoiceProfile"",""DeleteVoiceProfileDomain"",""DeregisterAppInstanceUserEndpoint"",""DescribeAppInstance"",""DescribeAppInstanceAdmin"",""DescribeAppInstanceBot"",""DescribeAppInstanceUser"",""DescribeAppInstanceUserEndpoint"",""DescribeChannel"",""DescribeChannelBan"",""DescribeChannelFlow"",""DescribeChannelMembership"",""DescribeChannelMembershipForAppInstanceUser"",""DescribeChannelModeratedByAppInstanceUser"",""DescribeChannelModerator"",""DisassociateChannelFlow"",""DisassociatePhoneNumberFromUser"",""DisassociatePhoneNumbersFromVoiceConnector"",""DisassociatePhoneNumbersFromVoiceConnectorGroup"",""DisassociateSigninDelegateGroupsFromAccount"",""DisassociateVoiceConnectorConnect"",""DisconnectDirectory"",""GetAccount"",""GetAccountResource"",""GetAccountSettings"",""GetAccountWithOpenIdConfig"",""GetAppInstanceRetentionSettings"",""GetAppInstanceStreamingConfigurations"",""GetAttendee"",""GetBot"",""GetCDRBucket"",""GetChannelMembershipPreferences"",""GetChannelMessage"",""GetChannelMessageStatus"",""GetDomain"",""GetEventsConfiguration"",""GetGlobalSettings"",""GetMediaCapturePipeline"",""GetMediaInsightsPipelineConfiguration"",""GetMediaPipeline"",""GetMediaPipelineKinesisVideoStreamPool"",""GetMeeting"",""GetMeetingDetail"",""GetMessagingSessionEndpoint"",""GetMessagingStreamingConfigurations"",""GetPhoneNumber"",""GetPhoneNumberOrder"",""GetPhoneNumberSettings"",""GetProxySession"",""GetRetentionSettings"",""GetRoom"",""GetSipMediaApplication"",""GetSipMediaApplicationAlexaSkillConfiguration"",""GetSipMediaApplicationLoggingConfiguration"",""GetSipRule"",""GetSpeakerSearchTask"",""GetTelephonyLimits"",""GetUser"",""GetUserActivityReportData"",""GetUserByEmail"",""GetUserSettings"",""GetVoiceConnector"",""GetVoiceConnectorEmergencyCallingConfiguration"",""GetVoiceConnectorExternalSystemsConfiguration"",""GetVoiceConnectorGroup"",""GetVoiceConnectorLoggingConfiguration"",""GetVoiceConnectorOrigination"",""GetVoiceConnectorProxy"",""GetVoiceConnectorStreamingConfiguration"",""GetVoiceConnectorTermination"",""GetVoiceConnectorTerminationHealth"",""GetVoiceProfile"",""GetVoiceProfileDomain"",""GetVoiceToneAnalysisTask"",""InviteDelegate"",""InviteUsers"",""InviteUsersFromProvider"",""ListAccountUsageReportData"",""ListAccounts"",""ListApiKeys"",""ListAppInstanceAdmins"",""ListAppInstanceBots"",""ListAppInstanceUserEndpoints"",""ListAppInstanceUsers"",""ListAppInstances"",""ListAttendeeTags"",""ListAttendees"",""ListAvailableVoiceConnectorRegions"",""ListBots"",""ListCDRBucket"",""ListCallingRegions"",""ListChannelBans"",""ListChannelFlows"",""ListChannelMemberships"",""ListChannelMembershipsForAppInstanceUser"",""ListChannelMessages"",""ListChannelModerators"",""ListChannels"",""ListChannelsAssociatedWithChannelFlow"",""ListChannelsModeratedByAppInstanceUser"",""ListDelegates"",""ListDirectories"",""ListDomains"",""ListGroups"",""ListMediaCapturePipelines"",""ListMediaInsightsPipelineConfigurations"",""ListMediaPipelineKinesisVideoStreamPools"",""ListMediaPipelines"",""ListMeetingEvents"",""ListMeetingTags"",""ListMeetings"",""ListMeetingsReportData"",""ListPhoneNumberOrders"",""ListPhoneNumbers"",""ListProxySessions"",""ListRoomMemberships"",""ListRooms"",""ListSipMediaApplications"",""ListSipRules"",""ListSubChannels"",""ListSupportedPhoneNumberCountries"",""ListTagsForResource"",""ListUsers"",""ListVoiceConnectorGroups"",""ListVoiceConnectorTerminationCredentials"",""ListVoiceConnectors"",""ListVoiceProfileDomains"",""ListVoiceProfiles"",""LogoutUser"",""PutAppInstanceRetentionSettings"",""PutAppInstanceStreamingConfigurations"",""PutAppInstanceUserExpirationSettings"",""PutChannelExpirationSettings"",""PutChannelMembershipPreferences"",""PutEventsConfiguration"",""PutMessagingStreamingConfigurations"",""PutRetentionSettings"",""PutSipMediaApplicationAlexaSkillConfiguration"",""PutSipMediaApplicationLoggingConfiguration"",""PutVoiceConnectorEmergencyCallingConfiguration"",""PutVoiceConnectorExternalSystemsConfiguration"",""PutVoiceConnectorLoggingConfiguration"",""PutVoiceConnectorOrigination"",""PutVoiceConnectorProxy"",""PutVoiceConnectorStreamingConfiguration"",""PutVoiceConnectorTermination"",""PutVoiceConnectorTerminationCredentials"",""RedactChannelMessage"",""RedactConversationMessage"",""RedactRoomMessage"",""RegenerateSecurityToken"",""RegisterAppInstanceUserEndpoint"",""RenameAccount"",""RenewDelegate"",""ResetAccountResource"",""ResetPersonalPIN"",""RestorePhoneNumber"",""RetrieveDataExports"",""SearchAvailablePhoneNumbers"",""SearchChannels"",""SendChannelMessage"",""StartDataExport"",""StartMeetingTranscription"",""StartSpeakerSearchTask"",""StartVoiceToneAnalysisTask"",""StopMeetingTranscription"",""StopSpeakerSearchTask"",""StopVoiceToneAnalysisTask"",""SubmitSupportRequest"",""SuspendUsers"",""TagAttendee"",""TagMeeting"",""TagResource"",""UnauthorizeDirectory"",""UntagAttendee"",""UntagMeeting"",""UntagResource"",""UpdateAccount"",""UpdateAccountOpenIdConfig"",""UpdateAccountResource"",""UpdateAccountSettings"",""UpdateAppInstance"",""UpdateAppInstanceBot"",""UpdateAppInstanceUser"",""UpdateAppInstanceUserEndpoint"",""UpdateAttendeeCapabilities"",""UpdateBot"",""UpdateCDRSettings"",""UpdateChannel"",""UpdateChannelFlow"",""UpdateChannelMessage"",""UpdateChannelReadMarker"",""UpdateGlobalSettings"",""UpdateMediaInsightsPipelineConfiguration"",""UpdateMediaInsightsPipelineStatus"",""UpdateMediaPipelineKinesisVideoStreamPool"",""UpdatePhoneNumber"",""UpdatePhoneNumberSettings"",""UpdateProxySession"",""UpdateRoom"",""UpdateRoomMembership"",""UpdateSipMediaApplication"",""UpdateSipMediaApplicationCall"",""UpdateSipRule"",""UpdateSupportedLicenses"",""UpdateUser"",""UpdateUserLicenses"",""UpdateUserSettings"",""UpdateVoiceConnector"",""UpdateVoiceConnectorGroup"",""UpdateVoiceProfile"",""UpdateVoiceProfileDomain"",""ValidateAccountResource"",""ValidateE911Address""]","arn:aws:chime:${Region}:${Account}:${ResourceType}/${ResourceID}","^arn:aws:chime:.+","[""aws:RequestTag/${TagKey}"",""aws:ResourceTag/${TagKey}"",""aws:TagKeys""]","True","https://docs.aws.amazon.com/service-authorization/latest/reference/list_chime.html"
"clouddirectory","Amazon Cloud Directory","[""AddFacetToObject"",""ApplySchema"",""AttachObject"",""AttachPolicy"",""AttachToIndex"",""AttachTypedLink"",""BatchRead"",""BatchWrite"",""CreateDirectory"",""CreateFacet"",""CreateIndex"",""CreateObject"",""CreateSchema"",""CreateTypedLinkFacet"",""DeleteDirectory"",""DeleteFacet"",""DeleteObject"",""DeleteSchema"",""DeleteTypedLinkFacet"",""DetachFromIndex"",""DetachObject"",""DetachPolicy"",""DetachTypedLink"",""DisableDirectory"",""EnableDirectory"",""GetAppliedSchemaVersion"",""GetDirectory"",""GetFacet"",""GetLinkAttributes"",""GetObjectAttributes"",""GetObjectInformation"",""GetSchemaAsJson"",""GetTypedLinkFacetInformation"",""ListAppliedSchemaArns"",""ListAttachedIndices"",""ListDevelopmentSchemaArns"",""ListDirectories"",""ListFacetAttributes"",""ListFacetNames"",""ListIncomingTypedLinks"",""ListIndex"",""ListManagedSchemaArns"",""ListObjectAttributes"",""ListObjectChildren"",""ListObjectParentPaths"",""ListObjectParents"",""ListObjectPolicies"",""ListOutgoingTypedLinks"",""ListPolicyAttachments"",""ListPublishedSchemaArns"",""ListTagsForResource"",""ListTypedLinkFacetAttributes"",""ListTypedLinkFacetNames"",""LookupPolicy"",""PublishSchema"",""PutSchemaFromJson"",""RemoveFacetFromObject"",""TagResource"",""UntagResource"",""UpdateFacet"",""UpdateLinkAttributes"",""UpdateObjectAttributes"",""UpdateSchema"",""UpdateTypedLinkFacet"",""UpgradeAppliedSchema"",""UpgradePublishedSchema""]","arn:aws:clouddirectory:${Region}:${Account}:${RelativeId}","^arn:aws:clouddirectory:.+:[0-9]+:(directory|schema)/.+","null","True","https://docs.aws.amazon.com/service-authorization/latest/reference/list_clouddirectory.html"
"cloudfront","Amazon CloudFront","[""AllowVendedLogDeliveryForResource"",""AssociateAlias"",""AssociateDistributionTenantWebACL"",""AssociateDistributionWebACL"",""CopyDistribution"",""CreateAnycastIpList"",""CreateCachePolicy"",""CreateCloudFrontOriginAccessIdentity"",""CreateConnectionFunction"",""CreateConnectionGroup"",""CreateContinuousDeploymentPolicy"",""CreateDistribution"",""CreateDistributionTenant"",""CreateFieldLevelEncryptionConfig"",""CreateFieldLevelEncryptionProfile"",""CreateFunction"",""CreateInvalidation"",""CreateInvalidationForDistributionTenant"",""CreateKeyGroup"",""CreateKeyValueStore"",""CreateMonitoringSubscription"",""CreateOriginAccessControl"",""CreateOriginRequestPolicy"",""CreatePublicKey"",""CreateRealtimeLogConfig"",""CreateResponseHeadersPolicy"",""CreateSavingsPlan"",""CreateStreamingDistribution"",""CreateStreamingDistributionWithTags"",""CreateTrustStore"",""CreateVpcOrigin"",""DeleteAnycastIpList"",""DeleteCachePolicy"",""DeleteCloudFrontOriginAccessIdentity"",""DeleteConnectionFunction"",""DeleteConnectionGroup"",""DeleteContinuousDeploymentPolicy"",""DeleteDistribution"",""DeleteDistributionTenant"",""DeleteFieldLevelEncryptionConfig"",""DeleteFieldLevelEncryptionProfile"",""DeleteFunction"",""DeleteKeyGroup"",""DeleteKeyValueStore"",""DeleteMonitoringSubscription"",""DeleteOriginAccessControl"",""DeleteOriginRequestPolicy"",""DeletePublicKey"",""DeleteRealtimeLogConfig"",""DeleteResourcePolicy"",""DeleteResponseHeadersPolicy"",""DeleteStreamingDistribution"",""DeleteTrustStore"",""DeleteVpcOrigin"",""DescribeConnectionFunction"",""DescribeFunction"",""DescribeKeyValueStore"",""DisassociateDistributionTenantWebACL"",""DisassociateDistributionWebACL"",""GetAnycastIpList"",""GetCachePolicy"",""GetCachePolicyConfig"",""GetCloudFrontOriginAccessIdentity"",""GetCloudFrontOriginAccessIdentityConfig"",""GetConnectionFunction"",""GetConnectionGroup"",""GetConnectionGroupByRoutingEndpoint"",""GetContinuousDeploymentPolicy"",""GetContinuousDeploymentPolicyConfig"",""GetDistribution"",""GetDistributionConfig"",""GetDistributionTenant"",""GetDistributionTenantByDomain"",""GetFieldLevelEncryption"",""GetFieldLevelEncryptionConfig"",""GetFieldLevelEncryptionProfile"",""GetFieldLevelEncryptionProfileConfig"",""GetFunction"",""GetInvalidation"",""GetInvalidationForDistributionTenant"",""GetKeyGroup"",""GetKeyGroupConfig"",""GetManagedCertificateDetails"",""GetMonitoringSubscription"",""GetOriginAccessControl"",""GetOriginAccessControlConfig"",""GetOriginRequestPolicy"",""GetOriginRequestPolicyConfig"",""GetPublicKey"",""GetPublicKeyConfig"",""GetRealtimeLogConfig"",""GetResourcePolicy"",""GetResponseHeadersPolicy"",""GetResponseHeadersPolicyConfig"",""GetSavingsPlan"",""GetStreamingDistribution"",""GetStreamingDistributionConfig"",""GetTrustStore"",""GetVpcOrigin"",""ListAnycastIpLists"",""ListCachePolicies"",""ListCloudFrontOriginAccessIdentities"",""ListConflictingAliases"",""ListConnectionFunctions"",""ListConnectionGroups"",""ListContinuousDeploymentPolicies"",""ListDistributionTenants"",""ListDistributionTenantsByCustomization"",""ListDistributions"",""ListDistributionsByAnycastIpListId"",""ListDistributionsByCachePolicyId"",""ListDistributionsByConnectionFunction"",""ListDistributionsByConnectionMode"",""ListDistributionsByKeyGroup"",""ListDistributionsByLambdaFunction"",""ListDistributionsByOriginRequestPolicyId"",""ListDistributionsByRealtimeLogConfig"",""ListDistributionsByResponseHeadersPolicyId"",""ListDistributionsByTrustStore"",""ListDistributionsByVpcOriginId"",""ListDistributionsByWebACLId"",""ListDomainConflicts"",""ListFieldLevelEncryptionConfigs"",""ListFieldLevelEncryptionProfiles"",""ListFunctions"",""ListInvalidations"",""ListInvalidationsForDistributionTenant"",""ListKeyGroups"",""ListKeyValueStores"",""ListOriginAccessControls"",""ListOriginRequestPolicies"",""ListPublicKeys"",""ListRateCards"",""ListRealtimeLogConfigs"",""ListResponseHeadersPolicies"",""ListSavingsPlans"",""ListStreamingDistributions"",""ListTagsForResource"",""ListTrustStores"",""ListUsages"",""ListVpcOrigins"",""PublishConnectionFunction"",""PublishFunction"",""PutResourcePolicy"",""TagResource"",""TestConnectionFunction"",""TestFunction"",""UntagResource"",""UpdateAnycastIpList"",""UpdateCachePolicy"",""UpdateCloudFrontOriginAccessIdentity"",""UpdateConnectionFunction"",""UpdateConnectionGroup"",""UpdateContinuousDeploymentPolicy"",""UpdateDistribution"",""UpdateDistributionTenant"",""UpdateDistributionWithStagingConfig"",""UpdateDomainAssociation"",""UpdateFieldLevelEncryptionConfig"",""UpdateFieldLevelEncryptionProfile"",""UpdateFunction"",""UpdateKeyGroup"",""UpdateKeyValueStore"",""UpdateOriginAccessControl"",""UpdateOriginRequestPolicy"",""UpdatePublicKey"",""UpdateRealtimeLogConfig"",""UpdateResponseHeadersPolicy"",""UpdateSavingsPlan"",""UpdateStreamingDistribution"",""UpdateTrustStore"",""UpdateVpcOrigin"",""VerifyDnsConfiguration""]","arn:aws:cloudfront:${Region}:${Account}:${ResourceType}/${ResourceId}","^arn:aws:cloudfront:.+:[0-9]+:.+","[""aws:RequestTag/${TagKey}"",""aws:ResourceTag/${TagKey}"",""aws:TagKeys""]","True","https://docs.aws.amazon.com/service-authorization/latest/reference/list_cloudfront.html"
"cloudfront-keyvaluestore","Amazon CloudFront KeyValueStore","[""DeleteKey"",""DescribeKeyValueStore"",""GetKey"",""ListKeys"",""PutKey"",""UpdateKeys""]","arn:aws:cloudfront:${Region}:${Account}:key-value-store/${ResourceId}","^arn:aws:cloudfront:.+:[0-9]+:.+","null","True","https://docs.aws.amazon.com/service-authorization/latest/reference/list_cloudfront-keyvaluestore.html"
"cloudsearch","Amazon CloudSearch","[""AddTags"",""BuildSuggesters"",""CreateDomain"",""DefineAnalysisScheme"",""DefineExpression"",""DefineIndexField"",""DefineSuggester"",""DeleteAnalysisScheme"",""DeleteDomain"",""DeleteExpression"",""DeleteIndexField"",""DeleteSuggester"",""DescribeAnalysisSchemes"",""DescribeAvailabilityOptions"",""DescribeDomainEndpointOptions"",""DescribeDomains"",""DescribeExpressions"",""DescribeIndexFields"",""DescribeScalingParameters"",""DescribeServiceAccessPolicies"",""DescribeSuggesters"",""IndexDocuments"",""ListDomainNames"",""ListTags"",""RemoveTags"",""UpdateAvailabilityOptions"",""UpdateDomainEndpointOptions"",""UpdateScalingParameters"",""UpdateServiceAccessPolicies"",""document"",""search"",""suggest""]","arn:aws:cloudsearch:${Region}:${Account}:${ResourceType}/${ResourceName}","^arn:aws:cloudsearch:.+:.+:.+","null","True","https://docs.aws.amazon.com/service-authorization/latest/reference/list_cloudsearch.html"
"cloudwatch","Amazon CloudWatch","[""AssumeAccessProfile"",""BatchGetServiceLevelIndicatorReport"",""BatchGetServiceLevelObjectiveBudgetReport"",""CallWithBearerToken"",""CreateAccessGrant"",""CreateAccessProfile"",""CreateAlert"",""CreateDomain"",""CreateDomainAccessGrantForOrganization"",""CreateDomainForOrganization"",""CreateIngestionEndpoint"",""CreateIntegration"",""CreateOmniDashboard"",""CreateOmniThread"",""CreateOneTimeDeepLinkCode"",""CreateServiceLevelObjective"",""CreateSpace"",""CreateView"",""DeleteAccessGrant"",""DeleteAccessProfile"",""DeleteAlarmMuteRule"",""DeleteAlarms"",""DeleteAlert"",""DeleteAnomalyDetector"",""DeleteDashboards"",""DeleteDomain"",""DeleteDomainAccessGrantForOrganization"",""DeleteDomainForOrganization"",""DeleteIngestionEndpoint"",""DeleteInsightRules"",""DeleteIntegration"",""DeleteMetricStream"",""DeleteOmniDashboard"",""DeleteOmniThread"",""DeletePipelineRule"",""DeleteServiceLevelObjective"",""DeleteSpace"",""DeleteView"",""DescribeAlarmHistory"",""DescribeAlarms"",""DescribeAlarmsForMetric"",""DescribeAnomalyDetectors"",""DescribeInsightRules"",""DisableAlarmActions"",""DisableInsightRules"",""EnableAlarmActions"",""EnableInsightRules"",""EnableTopologyDiscovery"",""GenerateQuery"",""GenerateQueryResultsSummary"",""GetAccessGrant"",""GetAccessProfile"",""GetAgentGraph"",""GetAlarmMuteRule"",""GetAlert"",""GetContextGraph"",""GetDashboard"",""GetDataset"",""GetDomain"",""GetDomainAccessGrantForOrganization"",""GetDomainForOrganization"",""GetIngestionEndpoint"",""GetInsightRuleReport"",""GetIntegration"",""GetIntelligenceConfiguration"",""GetMetricData"",""GetMetricStatistics"",""GetMetricStream"",""GetMetricWidgetImage"",""GetOTelEnrichment"",""GetOmniDashboard"",""GetOmniThread"",""GetPreferences"",""GetRecords"",""GetService"",""GetServiceData"",""GetServiceLevelObjective"",""GetSpace"",""GetSpaceCredentials"",""GetSpaceCredentialsForOrganization"",""GetTelemetryQueryResults"",""GetTopologyDiscoveryStatus"",""GetTopologyMap"",""GetView"",""InvokeIntegration"",""Link"",""ListAccessGrants"",""ListAccessProfiles"",""ListAlarmMuteRules"",""ListAlertContributors"",""ListAlerts"",""ListDashboards"",""ListDomainAccessGrantsForOrganization"",""ListDomains"",""ListEntitiesForMetric"",""ListIngestionEndpoints"",""ListIntegrations"",""ListManagedInsightRules"",""ListMetricStreams"",""ListMetrics"",""ListOmniDashboards"",""ListOmniThreads"",""ListServiceLevelObjectives"",""ListServices"",""ListSpaceAccess"",""ListSpaces"",""ListSpacesForOrganization"",""ListTagsForResource"",""ListTelemetryFields"",""ListTelemetryQuerySessions"",""ListViews"",""PutAlarmMuteRule"",""PutAnomalyDetector"",""PutCompositeAlarm"",""PutDashboard"",""PutInsightRule"",""PutIntelligenceConfiguration"",""PutLogAlarm"",""PutManagedInsightRules"",""PutMetricAlarm"",""PutMetricData"",""PutMetricStream"",""PutPipelineRule"",""QueryTraces"",""SearchPrincipals"",""SetAlarmState"",""StartMetricStreams"",""StartOTelEnrichment"",""StartOmniThreadSession"",""StartTelemetryQuery"",""StartTelemetryQuerySession"",""StopMetricStreams"",""StopOTelEnrichment"",""StopTelemetryQuery"",""StopTelemetryQuerySession"",""SubmitFeedback"",""TagResource"",""UntagResource"",""UpdateAccessProfile"",""UpdateAlert"",""UpdateDomain"",""UpdateDomainForOrganization"",""UpdateIngestionEndpoint"",""UpdateIntegration"",""UpdateOmniDashboard"",""UpdateOmniThread"",""UpdatePreferences"",""UpdateServiceLevelObjective"",""UpdateSpace"",""UpdateView""]","arn:aws:cloudwatch:${Region}:${Account}:${ResourceType}/${ResourcePath}","^arn:aws:cloudwatch:.+","[""aws:RequestTag/${TagKey}"",""aws:ResourceTag/${TagKey}"",""aws:TagKeys"",""cloudwatch:AlarmActions"",""cloudwatch:HasAccessGrant"",""cloudwatch:namespace"",""cloudwatch:requestInsightRuleLogGroups"",""cloudwatch:requestManagedResourceARNs""]","True","https://docs.aws.amazon.com/service-authorization/latest/reference/list_cloudwatch.html"
"applicationinsights","Amazon CloudWatch Application Insights","[""AddWorkload"",""CreateApplication"",""CreateComponent"",""CreateLogPattern"",""DeleteApplication"",""DeleteComponent"",""DeleteLogPattern"",""DescribeApplication"",""DescribeComponent"",""DescribeComponentConfiguration"",""DescribeComponentConfigurationRecommendation"",""DescribeLogPattern"",""DescribeObservation"",""DescribeProblem"",""DescribeProblemObservations"",""DescribeWorkload"",""Link"",""ListApplications"",""ListComponents"",""ListConfigurationHistory"",""ListLogPatternSets"",""ListLogPatterns"",""ListProblems"",""ListTagsForResource"",""ListWorkloads"",""RemoveWorkload"",""TagResource"",""UntagResource"",""UpdateApplication"",""UpdateComponent"",""UpdateComponentConfiguration"",""UpdateLogPattern"",""UpdateProblem"",""UpdateWorkload""]","","","[""aws:RequestTag/${TagKey}"",""aws:ResourceTag/${TagKey}"",""aws:TagKeys""]","False","https://docs.aws.amazon.com/service-authorization/latest/reference/list_application-insights.html"
"application-signals","Amazon CloudWatch Application Signals","[""BatchDeleteInstrumentationConfigurations"",""BatchGetServiceLevelObjectiveBudgetReport"",""BatchUpdateExclusionWindows"",""CreateInstrumentationConfiguration"",""CreateServiceLevelObjective"",""DeleteGroupingConfiguration"",""DeleteInstrumentationConfiguration"",""DeleteServiceLevelObjective"",""GetInstrumentationConfiguration"",""GetInstrumentationConfigurationStatus"",""GetService"",""GetServiceLevelObjective"",""Link"",""ListAuditFindings"",""ListEntityEvents"",""ListGroupingAttributeDefinitions"",""ListInstrumentationConfigurations"",""ListObservedEntities"",""ListServiceDependencies"",""ListServiceDependents"",""ListServiceLevelObjectiveExclusionWindows"",""ListServiceLevelObjectives"",""ListServiceOperations"",""ListServiceStates"",""ListServices"",""ListTagsForResource"",""PutGroupingConfiguration"",""ReportInstrumentationConfigurationStatus"",""StartDiscovery"",""TagResource"",""UntagResource"",""UpdateServiceLevelObjective""]","arn:aws:application-signals:${Region}:${Account}:slo/{ServiceLevelObjectivesName}","^arn:aws:application-signals:.+:.+:.+","[""aws:RequestTag/${TagKey}"",""aws:ResourceTag/${TagKey}"",""aws:TagKeys""]","True","https://docs.aws.amazon.com/service-authorization/latest/reference/list_application-signals.html"
"application-signals-mcp","Amazon CloudWatch Application Signals MCP Server","[""CallReadOnlyTool"",""InvokeMcp""]","arn:aws:application-signals-mcp:${Region}:${Account}:mcp-server/${ResourceId}","^arn:aws:application-signals-mcp:.+:.+:.+","""aws:ResourceTag/${TagKey}""","True","https://docs.aws.amazon.com/service-authorization/latest/reference/list_application-signals-mcp.html"
"internetmonitor","Amazon CloudWatch Internet Monitor","[""CreateMonitor"",""DeleteMonitor"",""GetHealthEvent"",""GetInternetEvent"",""GetMonitor"",""GetQueryResults"",""GetQueryStatus"",""Link"",""ListHealthEvents"",""ListInternetEvents"",""ListMonitors"",""ListTagsForResource"",""StartQuery"",""StopQuery"",""TagResource"",""UntagResource"",""UpdateMonitor""]","arn:aws:internetmonitor:${Region}:${Account}:${ResourceType}/${ResourcePath}","^arn:aws:internetmonitor:.+:.+:.+","[""aws:RequestTag/${TagKey}"",""aws:ResourceTag/${TagKey}"",""aws:TagKeys""]","True","https://docs.aws.amazon.com/service-authorization/latest/reference/list_internetmonitor.html"
"logs","Amazon CloudWatch Logs","[""AssociateKmsKey"",""AssociateSourceToS3TableIntegration"",""CallWithBearerToken"",""CancelExportTask"",""CancelImportTask"",""CreateDelivery"",""CreateExportTask"",""CreateImportTask"",""CreateLogAnomalyDetector"",""CreateLogDelivery"",""CreateLogGroup"",""CreateLogStream"",""CreateLookupTable"",""CreateScheduledQuery"",""DeleteAccountPolicy"",""DeleteDataProtectionPolicy"",""DeleteDelivery"",""DeleteDeliveryDestination"",""DeleteDeliveryDestinationPolicy"",""DeleteDeliverySource"",""DeleteDestination"",""DeleteIndexPolicy"",""DeleteIntegration"",""DeleteLogAnomalyDetector"",""DeleteLogDelivery"",""DeleteLogGroup"",""DeleteLogStream"",""DeleteLookupTable"",""DeleteMetricFilter"",""DeletePipelineRule"",""DeleteQueryDefinition"",""DeleteResourcePolicy"",""DeleteRetentionPolicy"",""DeleteScheduledQuery"",""DeleteSubscriptionFilter"",""DeleteSyslogConfiguration"",""DeleteTransformer"",""DescribeAccountPolicies"",""DescribeConfigurationTemplates"",""DescribeDeliveries"",""DescribeDeliveryDestinations"",""DescribeDeliverySources"",""DescribeDestinations"",""DescribeExportTasks"",""DescribeFieldIndexes"",""DescribeImportTaskBatches"",""DescribeImportTasks"",""DescribeIndexPolicies"",""DescribeLogGroups"",""DescribeLogStreams"",""DescribeLookupTables"",""DescribeMetricFilters"",""DescribeQueries"",""DescribeQueryDefinitions"",""DescribeResourcePolicies"",""DescribeSubscriptionFilters"",""DisassociateKmsKey"",""DisassociateSourceFromS3TableIntegration"",""FilterLogEvents"",""GetDataProtectionPolicy"",""GetDelivery"",""GetDeliveryDestination"",""GetDeliveryDestinationPolicy"",""GetDeliverySource"",""GetIntegration"",""GetLogAnomalyDetector"",""GetLogDelivery"",""GetLogEvents"",""GetLogFields"",""GetLogGroupFields"",""GetLogRecord"",""GetLookupTable"",""GetQueryResults"",""GetScheduledQuery"",""GetScheduledQueryHistory"",""GetStorageTierPolicy"",""GetTransformer"",""IntegrateWithDataset"",""IntegrateWithS3Table"",""Link"",""ListAggregateLogGroupSummaries"",""ListAnomalies"",""ListEntitiesForLogGroup"",""ListIntegrations"",""ListLogAnomalyDetectors"",""ListLogDeliveries"",""ListLogGroups"",""ListLogGroupsForEntity"",""ListLogGroupsForQuery"",""ListScheduledQueries"",""ListSourcesForS3TableIntegration"",""ListSyslogConfigurations"",""ListTagsForResource"",""ListTagsLogGroup"",""ProcessWithPipeline"",""PutAccountPolicy"",""PutBearerTokenAuthentication"",""PutDataProtectionPolicy"",""PutDeliveryDestination"",""PutDeliveryDestinationPolicy"",""PutDeliverySource"",""PutDestination"",""PutDestinationPolicy"",""PutIndexPolicy"",""PutIntegration"",""PutLogEvents"",""PutLogGroupDeletionProtection"",""PutMetricFilter"",""PutPipelineRule"",""PutQueryDefinition"",""PutResourcePolicy"",""PutRetentionPolicy"",""PutStorageTierPolicy"",""PutSubscriptionFilter"",""PutSyslogConfiguration"",""PutTransformer"",""StartLiveTail"",""StartQuery"",""StopLiveTail"",""StopQuery"",""TagLogGroup"",""TagResource"",""TestMetricFilter"",""TestTransformer"",""Unmask"",""UntagLogGroup"",""UntagResource"",""UpdateAnomaly"",""UpdateDeliveryConfiguration"",""UpdateLogAnomalyDetector"",""UpdateLogDelivery"",""UpdateLookupTable"",""UpdateScheduledQuery""]","arn:aws:logs:${Region}:${Account}:.+","^arn:aws:logs:.+","[""aws:RequestTag/${TagKey}"",""aws:ResourceTag/${TagKey}"",""aws:TagKeys"",""logs:DeliveryDestinationResourceArn"",""logs:LogGeneratingResourceArns"",""logs:data_source_name"",""logs:data_source_type""]","True","https://docs.aws.amazon.com/service-authorization/latest/reference/list_logs.html"
"networkmonitor","Amazon CloudWatch Network Synthetic Monitor","[""CreateMonitor"",""CreateProbe"",""DeleteMonitor"",""DeleteProbe"",""GetMonitor"",""GetProbe"",""ListMonitors"",""ListTagsForResource"",""TagResource"",""UntagResource"",""UpdateMonitor"",""UpdateProbe""]","arn:aws:networkmonitor:${Region}:${Account}:${ResourceType}/${ResourcePath}","^arn:aws:networkmonitor:.+:.+:.+","[""aws:RequestTag/${TagKey}"",""aws:ResourceTag/${TagKey}"",""aws:TagKeys""]","True","https://docs.aws.amazon.com/service-authorization/latest/reference/list_networkmonitor.html"
"oam","Amazon CloudWatch Observability Access Manager","[""CreateLink"",""CreateSink"",""DeleteLink"",""DeleteSink"",""GetLink"",""GetSink"",""GetSinkPolicy"",""ListAttachedLinks"",""ListLinks"",""ListSinks"",""ListTagsForResource"",""PutSinkPolicy"",""TagResource"",""UntagResource"",""UpdateLink""]","arn:aws:oam:${Region}:${Account}:${ResourceType}/${ResourceId}","^arn:aws:oam:.+:.+:.+","[""aws:RequestTag/${TagKey}"",""aws:ResourceTag/${TagKey}"",""aws:TagKeys"",""oam:ResourceTypes""]","True","https://docs.aws.amazon.com/service-authorization/latest/reference/list_oam.html"
"observabilityadmin","Amazon CloudWatch Observability Admin Service","[""CreateCentralizationRuleForOrganization"",""CreateDatasetIntegration"",""CreateS3TableIntegration"",""CreateTelemetryPipeline"",""CreateTelemetryRule"",""CreateTelemetryRuleForOrganization"",""DeleteCentralizationRuleForOrganization"",""DeleteDatasetIntegration"",""DeleteS3TableIntegration"",""DeleteTelemetryPipeline"",""DeleteTelemetryRule"",""DeleteTelemetryRuleForOrganization"",""GetCentralizationRuleForOrganization"",""GetDatasetIntegration"",""GetS3TableIntegration"",""GetTelemetryEnrichmentStatus"",""GetTelemetryEvaluationStatus"",""GetTelemetryEvaluationStatusForOrganization"",""GetTelemetryPipeline"",""GetTelemetryRule"",""GetTelemetryRuleForOrganization"",""ListCentralizationRulesForOrganization"",""ListDatasetIntegrations"",""ListResourceTelemetry"",""ListResourceTelemetryForOrganization"",""ListS3TableIntegrations"",""ListTagsForResource"",""ListTelemetryPipelines"",""ListTelemetryRules"",""ListTelemetryRulesForOrganization"",""StartTelemetryEnrichment"",""StartTelemetryEvaluation"",""StartTelemetryEvaluationForOrganization"",""StopTelemetryEnrichment"",""StopTelemetryEvaluation"",""StopTelemetryEvaluationForOrganization"",""TagResource"",""TestTelemetryPipeline"",""UntagResource"",""UpdateCentralizationRuleForOrganization"",""UpdateDatasetIntegration"",""UpdateTelemetryPipeline"",""UpdateTelemetryRule"",""UpdateTelemetryRuleForOrganization"",""ValidateTelemetryPipelineConfiguration""]","arn:aws:observabilityadmin:${Region}:${Account}:${ResourceType}","^arn:aws:observabilityadmin:.+:.+:.+","[""aws:RequestTag/${TagKey}"",""aws:ResourceTag/${TagKey}"",""aws:TagKeys"",""observabilityadmin:CentralizationBackupRegion"",""observabilityadmin:CentralizationDestinationAccount"",""observabilityadmin:CentralizationDestinationRegion"",""observabilityadmin:CentralizationRuleName"",""observabilityadmin:CentralizationSourceId"",""observabilityadmin:CentralizationSourceRegions"",""observabilityadmin:SourceType"",""observabilityadmin:TargetRegions""]","True","https://docs.aws.amazon.com/service-authorization/latest/reference/list_observabilityadmin.html"
"synthetics","Amazon CloudWatch Synthetics","[""AssociateResource"",""CreateCanary"",""CreateGroup"",""DeleteCanary"",""DeleteGroup"",""DescribeCanaries"",""DescribeCanariesLastRun"",""DescribeRuntimeVersions"",""DisassociateResource"",""GetCanary"",""GetCanaryRuns"",""GetGroup"",""ListAssociatedGroups"",""ListGroupResources"",""ListGroups"",""ListTagsForResource"",""StartCanary"",""StartCanaryDryRun"",""StopCanary"",""TagResource"",""UntagResource"",""UpdateCanary""]","arn:aws:synthetics:${Region}:${Account}:${ResourceType}:${ResourceName}","^arn:aws:synthetics:.+","[""aws:RequestTag/${TagKey}"",""aws:ResourceTag/${TagKey}"",""aws:TagKeys"",""synthetics:Names""]","True","https://docs.aws.amazon.com/service-authorization/latest/reference/list_synthetics.html"
"codecatalyst","Amazon CodeCatalyst","[""AcceptConnection"",""AssociateIamRoleToConnection"",""AssociateIdentityCenterApplicationToSpace"",""AssociateIdentityToIdentityCenterApplication"",""BatchAssociateIdentitiesToIdentityCenterApplication"",""BatchDisassociateIdentitiesFromIdentityCenterApplication"",""CreateIdentityCenterApplication"",""CreateSpace"",""CreateSpaceAdminRoleAssignment"",""DeleteConnection"",""DeleteIdentityCenterApplication"",""DisassociateIamRoleFromConnection"",""DisassociateIdentityCenterApplicationFromSpace"",""DisassociateIdentityFromIdentityCenterApplication"",""GetBillingAuthorization"",""GetConnection"",""GetIdentityCenterApplication"",""GetPendingConnection"",""ListConnections"",""ListIamRolesForConnection"",""ListIdentityCenterApplications"",""ListIdentityCenterApplicationsForSpace"",""ListSpacesForIdentityCenterApplication"",""ListTagsForResource"",""PutBillingAuthorization"",""RejectConnection"",""SynchronizeIdentityCenterApplication"",""TagResource"",""UntagResource"",""UpdateIdentityCenterApplication""]","arn:aws:codecatalyst:${Region}:${Account}:${RelativeId}","^arn:aws:codecatalyst:.+","[""aws:RequestTag/${TagKey}"",""aws:ResourceTag/${TagKey}"",""aws:TagKeys""]","True","https://docs.aws.amazon.com/service-authorization/latest/reference/list_codecatalyst.html"
"codeguru","Amazon CodeGuru","""GetCodeGuruFreeTrialSummary""","arn:${Partition}:codeguru:${Region}:${Account}:${ResourceType}/${ResourceName}","^arn:${Partition}:codeguru:.+:.+:.+","null","False","https://docs.aws.amazon.com/service-authorization/latest/reference/list_codeguru.html"
"codeguru-profiler","Amazon CodeGuru Profiler","[""AddNotificationChannels"",""BatchGetFrameMetricData"",""ConfigureAgent"",""CreateProfilingGroup"",""DeleteProfilingGroup"",""DescribeProfilingGroup"",""GetFindingsReportAccountSummary"",""GetNotificationConfiguration"",""GetPolicy"",""GetProfile"",""GetRecommendations"",""ListFindingsReports"",""ListProfileTimes"",""ListProfilingGroups"",""ListTagsForResource"",""PostAgentProfile"",""PutPermission"",""RemoveNotificationChannel"",""RemovePermission"",""SubmitFeedback"",""TagResource"",""UntagResource"",""UpdateProfilingGroup""]","arn:aws:codeguru-profiler:${Region}:${Account}:${ResourceType}/${ResourceName}","^arn:aws:codeguru-profiler:.+:.+:.+","[""aws:RequestTag/${TagKey}"",""aws:ResourceTag/${TagKey}"",""aws:TagKeys""]","True","https://docs.aws.amazon.com/service-authorization/latest/reference/list_codeguruprofiler.html"
"codeguru-reviewer","Amazon CodeGuru Reviewer","[""AssociateRepository"",""CreateCodeReview"",""CreateConnectionToken"",""DescribeCodeReview"",""DescribeRecommendationFeedback"",""DescribeRepositoryAssociation"",""DisassociateRepository"",""GetMetricsData"",""ListCodeReviews"",""ListRecommendationFeedback"",""ListRecommendations"",""ListRepositoryAssociations"",""ListTagsForResource"",""ListThirdPartyRepositories"",""PutRecommendationFeedback"",""TagResource"",""UnTagResource""]","arn:aws:codeguru-reviewer:${Region}:${Account}:${ResourceType}:${ResourceName}","^arn:aws:codeguru-reviewer:.+:.+:.+","[""aws:RequestTag/${TagKey}"",""aws:ResourceTag/${TagKey}"",""aws:TagKeys""]","True","https://docs.aws.amazon.com/service-authorization/latest/reference/list_codeguru-reviewer.html"
"codeguru-security","Amazon CodeGuru Security","[""BatchGetFindings"",""CreateScan"",""CreateUploadUrl"",""DeleteScansByCategory"",""GetAccountConfiguration"",""GetFindings"",""GetMetricsSummary"",""GetScan"",""ListFindings"",""ListFindingsMetrics"",""ListScans"",""ListTagsForResource"",""TagResource"",""UntagResource"",""UpdateAccountConfiguration""]","arn:aws:codeguru-security:${Region}:${Account}:*","^arn:aws:codeguru-security:.+:.+:.+","[""aws:RequestTag/${TagKey}"",""aws:ResourceTag/${TagKey}"",""aws:TagKeys""]","True","https://docs.aws.amazon.com/service-authorization/latest/reference/list_codeguru-security.html"
"codewhisperer","Amazon CodeWhisperer","[""AllowVendedLogDeliveryForResource"",""AssociateCustomizationPermission"",""CreateCustomization"",""CreateProfile"",""DeleteCustomization"",""DeleteProfile"",""DisassociateCustomizationPermission"",""GenerateRecommendations"",""GetCustomization"",""ListCustomizationPermissions"",""ListCustomizationVersions"",""ListCustomizations"",""ListProfiles"",""ListTagsForResource"",""TagResource"",""UntagResource"",""UpdateCustomization"",""UpdateProfile""]","arn:aws:codewhisperer:${Region}:${Account}:${ResourceType}/${ResourceId}","^arn:aws:codewhisperer:.+","[""aws:RequestTag/${TagKey}"",""aws:ResourceTag/${TagKey}"",""aws:TagKeys""]","True","https://docs.aws.amazon.com/service-authorization/latest/reference/list_codewhisperer.html"
"cognito-identity","Amazon Cognito Identity","[""CreateIdentityPool"",""DeleteIdentities"",""DeleteIdentityPool"",""DescribeIdentity"",""DescribeIdentityPool"",""GetCredentialsForIdentity"",""GetId"",""GetIdentityPoolAnalytics"",""GetIdentityPoolDailyAnalytics"",""GetIdentityPoolRoles"",""GetIdentityProviderDailyAnalytics"",""GetOpenIdToken"",""GetOpenIdTokenForDeveloperIdentity"",""GetPrincipalTagAttributeMap"",""ListIdentities"",""ListIdentityPools"",""ListTagsForResource"",""LookupDeveloperIdentity"",""MergeDeveloperIdentities"",""SetIdentityPoolRoles"",""SetPrincipalTagAttributeMap"",""TagResource"",""UnlinkDeveloperIdentity"",""UnlinkIdentity"",""UntagResource"",""UpdateIdentityPool""]","arn:aws:cognito-identity:${Region}:${Account}:${ResourceType}/${ResourcePath}","^arn:aws:cognito-identity:.+","[""aws:RequestTag/${TagKey}"",""aws:ResourceTag/${TagKey}"",""aws:TagKeys"",""cognito-identity-auth:AccountId"",""cognito-identity-auth:IdentityPoolArn"",""cognito-identity-unauth:AccountId"",""cognito-identity-unauth:IdentityPoolArn"",""cognito-identity:IdentityPoolArn""]","True","https://docs.aws.amazon.com/service-authorization/latest/reference/list_cognito-identity.html"
"cognito-sync","Amazon Cognito Sync","[""BulkPublish"",""DeleteDataset"",""DescribeDataset"",""DescribeIdentityPoolUsage"",""DescribeIdentityUsage"",""GetBulkPublishDetails"",""GetCognitoEvents"",""GetIdentityPoolConfiguration"",""ListDatasets"",""ListIdentityPoolUsage"",""ListRecords"",""QueryRecords"",""RegisterDevice"",""SetCognitoEvents"",""SetDatasetConfiguration"",""SetIdentityPoolConfiguration"",""SubscribeToDataset"",""UnsubscribeFromDataset"",""UpdateRecords""]","arn:aws:cognito-sync:${Region}:${Account}:${ResourceType}/${ResourcePath}:","^arn:aws:cognito-sync:.+","null","True","https://docs.aws.amazon.com/service-authorization/latest/reference/list_cognito-sync.html"
"cognito-idp","Amazon Cognito User Pools","[""AddCustomAttributes"",""AddUserPoolClientSecret"",""AdminAddUserToGroup"",""AdminConfirmSignUp"",""AdminCreateUser"",""AdminDeleteSoftwareToken"",""AdminDeleteUser"",""AdminDeleteUserAttributes"",""AdminDisableProviderForUser"",""AdminDisableUser"",""AdminEnableUser"",""AdminForgetDevice"",""AdminGetDevice"",""AdminGetUser"",""AdminGetUserAuthFactors"",""AdminInitiateAuth"",""AdminLinkProviderForUser"",""AdminListDevices"",""AdminListGroupsForUser"",""AdminListUserAuthEvents"",""AdminRemoveUserFromGroup"",""AdminResetUserPassword"",""AdminRespondToAuthChallenge"",""AdminSetUserMFAPreference"",""AdminSetUserPassword"",""AdminSetUserSettings"",""AdminUpdateAuthEventFeedback"",""AdminUpdateDeviceStatus"",""AdminUpdateUserAttributes"",""AdminUserGlobalSignOut"",""AssociateSoftwareToken"",""AssociateWebACL"",""ChangePassword"",""ConfirmDevice"",""ConfirmForgotPassword"",""ConfirmSignUp"",""CreateGroup"",""CreateIdentityProvider"",""CreateManagedLoginBranding"",""CreateResourceServer"",""CreateTerms"",""CreateUserImportJob"",""CreateUserPool"",""CreateUserPoolClient"",""CreateUserPoolDomain"",""CreateUserPoolReplica"",""DeleteGroup"",""DeleteIdentityProvider"",""DeleteManagedLoginBranding"",""DeleteResourceServer"",""DeleteTerms"",""DeleteUser"",""DeleteUserAttributes"",""DeleteUserPool"",""DeleteUserPoolClient"",""DeleteUserPoolClientSecret"",""DeleteUserPoolDomain"",""DeleteUserPoolReplica"",""DescribeIdentityProvider"",""DescribeManagedLoginBranding"",""DescribeManagedLoginBrandingByClient"",""DescribeResourceServer"",""DescribeRiskConfiguration"",""DescribeTerms"",""DescribeUserImportJob"",""DescribeUserPool"",""DescribeUserPoolClient"",""DescribeUserPoolDomain"",""DisassociateWebACL"",""ForgetDevice"",""ForgotPassword"",""GetCSVHeader"",""GetDevice"",""GetGroup"",""GetIdentityProviderByIdentifier"",""GetLogDeliveryConfiguration"",""GetProvisionedLimit"",""GetSigningCertificate"",""GetTokensFromRefreshToken"",""GetUICustomization"",""GetUser"",""GetUserAttributeVerificationCode"",""GetUserPoolMfaConfig"",""GetWebACLForResource"",""GlobalSignOut"",""InitiateAuth"",""ListDevices"",""ListGroups"",""ListIdentityProviders"",""ListResourceServers"",""ListResourcesForWebACL"",""ListTagsForResource"",""ListTerms"",""ListUserImportJobs"",""ListUserPoolClientSecrets"",""ListUserPoolClients"",""ListUserPoolReplicas"",""ListUserPools"",""ListUsers"",""ListUsersInGroup"",""ResendConfirmationCode"",""RespondToAuthChallenge"",""RevokeToken"",""SetLogDeliveryConfiguration"",""SetRiskConfiguration"",""SetUICustomization"",""SetUserMFAPreference"",""SetUserPoolMfaConfig"",""SetUserSettings"",""SignUp"",""StartUserImportJob"",""StopUserImportJob"",""TagResource"",""UntagResource"",""UpdateAuthEventFeedback"",""UpdateDeviceStatus"",""UpdateGroup"",""UpdateIdentityProvider"",""UpdateManagedLoginBranding"",""UpdateProvisionedLimit"",""UpdateResourceServer"",""UpdateTerms"",""UpdateUserAttributes"",""UpdateUserPool"",""UpdateUserPoolClient"",""UpdateUserPoolDomain"",""UpdateUserPoolReplica"",""VerifySoftwareToken"",""VerifyUserAttribute""]","arn:aws:cognito-idp:${Region}:${Account}:${ResourceType}/${ResourcePath}:","^arn:aws:cognito-idp:.+","[""aws:RequestTag/${TagKey}"",""aws:ResourceTag/${TagKey}"",""aws:TagKeys""]","True","https://docs.aws.amazon.com/service-authorization/latest/reference/list_cognito-idp.html"
"comprehend","Amazon Comprehend","[""BatchDetectDominantLanguage"",""BatchDetectEntities"",""BatchDetectKeyPhrases"",""BatchDetectSentiment"",""BatchDetectSyntax"",""BatchDetectTargetedSentiment"",""ClassifyDocument"",""ContainsPiiEntities"",""CreateDataset"",""CreateDocumentClassifier"",""CreateEndpoint"",""CreateEntityRecognizer"",""CreateFlywheel"",""DeleteDocumentClassifier"",""DeleteEndpoint"",""DeleteEntityRecognizer"",""DeleteFlywheel"",""DeleteResourcePolicy"",""DescribeDataset"",""DescribeDocumentClassificationJob"",""DescribeDocumentClassifier"",""DescribeDominantLanguageDetectionJob"",""DescribeEndpoint"",""DescribeEntitiesDetectionJob"",""DescribeEntityRecognizer"",""DescribeEventsDetectionJob"",""DescribeFlywheel"",""DescribeFlywheelIteration"",""DescribeKeyPhrasesDetectionJob"",""DescribePiiEntitiesDetectionJob"",""DescribeResourcePolicy"",""DescribeSentimentDetectionJob"",""DescribeTargetedSentimentDetectionJob"",""DescribeTopicsDetectionJob"",""DetectDominantLanguage"",""DetectEntities"",""DetectKeyPhrases"",""DetectPiiEntities"",""DetectSentiment"",""DetectSyntax"",""DetectTargetedSentiment"",""DetectToxicContent"",""ImportModel"",""ListDatasets"",""ListDocumentClassificationJobs"",""ListDocumentClassifierSummaries"",""ListDocumentClassifiers"",""ListDominantLanguageDetectionJobs"",""ListEndpoints"",""ListEntitiesDetectionJobs"",""ListEntityRecognizerSummaries"",""ListEntityRecognizers"",""ListEventsDetectionJobs"",""ListFlywheelIterationHistory"",""ListFlywheels"",""ListKeyPhrasesDetectionJobs"",""ListPiiEntitiesDetectionJobs"",""ListSentimentDetectionJobs"",""ListTagsForResource"",""ListTargetedSentimentDetectionJobs"",""ListTopicsDetectionJobs"",""PutResourcePolicy"",""StartDocumentClassificationJob"",""StartDominantLanguageDetectionJob"",""StartEntitiesDetectionJob"",""StartEventsDetectionJob"",""StartFlywheelIteration"",""StartKeyPhrasesDetectionJob"",""StartPiiEntitiesDetectionJob"",""StartSentimentDetectionJob"",""StartTargetedSentimentDetectionJob"",""StartTopicsDetectionJob"",""StopDominantLanguageDetectionJob"",""StopEntitiesDetectionJob"",""StopEventsDetectionJob"",""StopKeyPhrasesDetectionJob"",""StopPiiEntitiesDetectionJob"",""StopSentimentDetectionJob"",""StopTargetedSentimentDetectionJob"",""StopTrainingDocumentClassifier"",""StopTrainingEntityRecognizer"",""TagResource"",""UntagResource"",""UpdateEndpoint"",""UpdateFlywheel""]","arn:aws:comprehend:${Region}:${Account}:${ResourceType}/${ResourceName}","^arn:aws:comprehend:.+:.+:.+","[""aws:RequestTag/${TagKey}"",""aws:ResourceTag/${TagKey}"",""aws:TagKeys"",""comprehend:DataLakeKmsKey"",""comprehend:FlywheelIterationId"",""comprehend:ModelKmsKey"",""comprehend:OutputKmsKey"",""comprehend:VolumeKmsKey"",""comprehend:VpcSecurityGroupIds"",""comprehend:VpcSubnets""]","True","https://docs.aws.amazon.com/service-authorization/latest/reference/list_comprehend.html"
"comprehendmedical","Amazon Comprehend Medical","[""DescribeEntitiesDetectionV2Job"",""DescribeICD10CMInferenceJob"",""DescribePHIDetectionJob"",""DescribeRxNormInferenceJob"",""DescribeSNOMEDCTInferenceJob"",""DetectEntitiesV2"",""DetectPHI"",""InferICD10CM"",""InferRxNorm"",""InferSNOMEDCT"",""ListEntitiesDetectionV2Jobs"",""ListICD10CMInferenceJobs"",""ListPHIDetectionJobs"",""ListRxNormInferenceJobs"",""ListSNOMEDCTInferenceJobs"",""StartEntitiesDetectionV2Job"",""StartICD10CMInferenceJob"",""StartPHIDetectionJob"",""StartRxNormInferenceJob"",""StartSNOMEDCTInferenceJob"",""StopEntitiesDetectionV2Job"",""StopICD10CMInferenceJob"",""StopPHIDetectionJob"",""StopRxNormInferenceJob"",""StopSNOMEDCTInferenceJob""]","arn:${Partition}:comprehendmedical:${Region}:${Account}:${ResourceType}/${ResourceName}","^arn:${Partition}:comprehendmedical:.+:.+:.+","""aws:TagKeys""","False","https://docs.aws.amazon.com/service-authorization/latest/reference/list_comprehendmedical.html"
"connect","Amazon Connect","[""ActivateEvaluationForm"",""AdminGetEmergencyAccessToken"",""AssociateAnalyticsDataSet"",""AssociateApprovedOrigin"",""AssociateBot"",""AssociateContactWithUser"",""AssociateCustomerProfilesDomain"",""AssociateDefaultVocabulary"",""AssociateEmailAddressAlias"",""AssociateFlow"",""AssociateInstanceStorageConfig"",""AssociateLambdaFunction"",""AssociateLexBot"",""AssociatePhoneNumberContactFlow"",""AssociateQueueEmailAddresses"",""AssociateQueueQuickConnects"",""AssociateRoutingProfileQueues"",""AssociateSecurityKey"",""AssociateSecurityProfiles"",""AssociateTrafficDistributionGroupUser"",""AssociateUserProficiencies"",""AssociateWorkspace"",""BatchAssociateAnalyticsDataSet"",""BatchCreateDataTableValue"",""BatchDeleteDataTableValue"",""BatchDescribeDataTableValue"",""BatchDisassociateAnalyticsDataSet"",""BatchGetAttachedFileMetadata"",""BatchGetFlowAssociation"",""BatchPutContact"",""BatchUpdateDataTableValue"",""ClaimPhoneNumber"",""CompleteAttachedFileUpload"",""CreateAgentStatus"",""CreateAttachedFile"",""CreateAuthenticationProfile"",""CreateContact"",""CreateContactFlow"",""CreateContactFlowModule"",""CreateContactFlowModuleAlias"",""CreateContactFlowModuleVersion"",""CreateContactFlowVersion"",""CreateDataTable"",""CreateDataTableAttribute"",""CreateEmailAddress"",""CreateEvaluationForm"",""CreateExtractionDefinition"",""CreateHoursOfOperation"",""CreateHoursOfOperationOverride"",""CreateInstance"",""CreateIntegrationAssociation"",""CreateMetric"",""CreateNotification"",""CreateParticipant"",""CreatePersistentContactAssociation"",""CreatePredefinedAttribute"",""CreatePrompt"",""CreatePushNotificationRegistration"",""CreateQueue"",""CreateQuickConnect"",""CreateRoutingProfile"",""CreateRule"",""CreateSecurityProfile"",""CreateTaskTemplate"",""CreateTrafficDistributionGroup"",""CreateUseCase"",""CreateUser"",""CreateUserHierarchyGroup"",""CreateView"",""CreateViewVersion"",""CreateVocabulary"",""CreateWorkspace"",""CreateWorkspacePage"",""DeactivateEvaluationForm"",""DeleteAttachedFile"",""DeleteContactEvaluation"",""DeleteContactFlow"",""DeleteContactFlowModule"",""DeleteContactFlowModuleAlias"",""DeleteContactFlowModuleVersion"",""DeleteContactFlowVersion"",""DeleteDataTable"",""DeleteDataTableAttribute"",""DeleteEmailAddress"",""DeleteEvaluationForm"",""DeleteExtractionDefinition"",""DeleteHoursOfOperation"",""DeleteHoursOfOperationOverride"",""DeleteInstance"",""DeleteIntegrationAssociation"",""DeleteMetric"",""DeleteNotification"",""DeletePredefinedAttribute"",""DeletePrompt"",""DeletePushNotificationRegistration"",""DeleteQueue"",""DeleteQuickConnect"",""DeleteRoutingProfile"",""DeleteRule"",""DeleteSecurityProfile"",""DeleteTaskTemplate"",""DeleteTrafficDistributionGroup"",""DeleteUseCase"",""DeleteUser"",""DeleteUserHierarchyGroup"",""DeleteView"",""DeleteViewVersion"",""DeleteVocabulary"",""DeleteWorkspace"",""DeleteWorkspaceMedia"",""DeleteWorkspacePage"",""DescribeAgentStatus"",""DescribeAttachedFilesConfiguration"",""DescribeAuthenticationProfile"",""DescribeContact"",""DescribeContactEvaluation"",""DescribeContactFlow"",""DescribeContactFlowModule"",""DescribeContactFlowModuleAlias"",""DescribeDataTable"",""DescribeDataTableAttribute"",""DescribeEmailAddress"",""DescribeEvaluationForm"",""DescribeExtractionDefinition"",""DescribeForecastingPlanningSchedulingIntegration"",""DescribeHoursOfOperation"",""DescribeHoursOfOperationOverride"",""DescribeInstance"",""DescribeInstanceAttribute"",""DescribeInstanceStorageConfig"",""DescribeMetric"",""DescribeNotification"",""DescribePhoneNumber"",""DescribePredefinedAttribute"",""DescribePrompt"",""DescribeQueue"",""DescribeQuickConnect"",""DescribeRoutingProfile"",""DescribeRule"",""DescribeSecurityProfile"",""DescribeTrafficDistributionGroup"",""DescribeUser"",""DescribeUserHierarchyGroup"",""DescribeUserHierarchyStructure"",""DescribeView"",""DescribeVocabulary"",""DescribeWorkspace"",""DisassociateAnalyticsDataSet"",""DisassociateApprovedOrigin"",""DisassociateBot"",""DisassociateCustomerProfilesDomain"",""DisassociateEmailAddressAlias"",""DisassociateFlow"",""DisassociateInstanceStorageConfig"",""DisassociateLambdaFunction"",""DisassociateLexBot"",""DisassociatePhoneNumberContactFlow"",""DisassociateQueueEmailAddresses"",""DisassociateQueueQuickConnects"",""DisassociateRoutingProfileQueues"",""DisassociateSecurityKey"",""DisassociateSecurityProfiles"",""DisassociateTrafficDistributionGroupUser"",""DisassociateUserProficiencies"",""DisassociateWorkspace"",""DismissUserContact"",""EvaluateDataTableValues"",""GetAttachedFile"",""GetContactAttributes"",""GetContactMetrics"",""GetCrossRegionRouting"",""GetCurrentMetricData"",""GetCurrentUserData"",""GetEffectiveHoursOfOperations"",""GetEvaluationFormValidation"",""GetFederationToken"",""GetFlowAssociation"",""GetMetricData"",""GetMetricDataV2"",""GetPromptFile"",""GetTaskTemplate"",""GetTrafficDistribution"",""ImportPhoneNumber"",""ImportWorkspaceMedia"",""ListAgentStatuses"",""ListAnalyticsDataAssociations"",""ListAnalyticsDataLakeDataSets"",""ListApprovedOrigins"",""ListAssociatedContacts"",""ListAttachedFilesConfigurations"",""ListAuthenticationProfiles"",""ListBots"",""ListContactEvaluations"",""ListContactFlowModuleAliases"",""ListContactFlowModuleVersions"",""ListContactFlowModules"",""ListContactFlowVersions"",""ListContactFlows"",""ListContactReferences"",""ListDataTableAttributes"",""ListDataTablePrimaryValues"",""ListDataTableValues"",""ListDataTables"",""ListDefaultVocabularies"",""ListEntitySecurityProfiles"",""ListEvaluationFormAIVersions"",""ListEvaluationFormVersions"",""ListEvaluationForms"",""ListExtractionDefinitions"",""ListFlowAssociations"",""ListHoursOfOperationOverrides"",""ListHoursOfOperations"",""ListInstanceAttributes"",""ListInstanceStorageConfigs"",""ListInstances"",""ListIntegrationAssociations"",""ListLambdaFunctions"",""ListLexBots"",""ListMetrics"",""ListNotifications"",""ListPhoneNumbers"",""ListPhoneNumbersV2"",""ListPredefinedAttributes"",""ListPrompts"",""ListQueueEmailAddresses"",""ListQueueQuickConnects"",""ListQueues"",""ListQuickConnects"",""ListRealtimeContactAnalysisSegments"",""ListRealtimeContactAnalysisSegmentsV2"",""ListRoutingProfileManualAssignmentQueues"",""ListRoutingProfileQueues"",""ListRoutingProfiles"",""ListRules"",""ListSecurityKeys"",""ListSecurityProfileAIAgents"",""ListSecurityProfileApplications"",""ListSecurityProfileFlowModules"",""ListSecurityProfilePermissions"",""ListSecurityProfiles"",""ListTagsForResource"",""ListTaskTemplates"",""ListTrafficDistributionGroupUsers"",""ListTrafficDistributionGroups"",""ListUseCases"",""ListUserHierarchyGroups"",""ListUserNotifications"",""ListUserProficiencies"",""ListUsers"",""ListViewVersions"",""ListViews"",""ListWorkspaceMedia"",""ListWorkspacePages"",""ListWorkspaces"",""MonitorContact"",""PauseContact"",""PutUserStatus"",""ReleasePhoneNumber"",""ReplicateInstance"",""ResumeContact"",""ResumeContactRecording"",""SearchAgentStatuses"",""SearchAvailablePhoneNumbers"",""SearchContactEvaluations"",""SearchContactFlowModules"",""SearchContactFlows"",""SearchContacts"",""SearchDataTables"",""SearchEmailAddresses"",""SearchEvaluationForms"",""SearchHoursOfOperationOverrides"",""SearchHoursOfOperations"",""SearchMetrics"",""SearchNotifications"",""SearchPredefinedAttributes"",""SearchPrompts"",""SearchQueues"",""SearchQuickConnects"",""SearchResourceTags"",""SearchRoutingProfiles"",""SearchRules"",""SearchSecurityProfiles"",""SearchUserHierarchyGroups"",""SearchUsers"",""SearchViews"",""SearchVocabularies"",""SearchWorkspaceAssociations"",""SearchWorkspaces"",""SendChatIntegrationEvent"",""SendIntegrationEvent"",""SendOutboundChatMessage"",""SendOutboundEmail"",""SendOutboundWebNotification"",""StartAttachedFileUpload"",""StartChatContact"",""StartContactConversationalAnalyticsJob"",""StartContactEvaluation"",""StartContactMediaProcessing"",""StartContactRecording"",""StartContactStreaming"",""StartEmailContact"",""StartEvaluationFormValidation"",""StartForecastingPlanningSchedulingIntegration"",""StartOutboundChatContact"",""StartOutboundEmailContact"",""StartOutboundVoiceContact"",""StartScreenSharing"",""StartTaskContact"",""StartWebRTCContact"",""StopContact"",""StopContactMediaProcessing"",""StopContactRecording"",""StopContactStreaming"",""StopForecastingPlanningSchedulingIntegration"",""SubmitContactEvaluation"",""SuspendContactRecording"",""TagContact"",""TagResource"",""TransferContact"",""UntagContact"",""UntagResource"",""UpdateAgentStatus"",""UpdateAttachedFilesConfiguration"",""UpdateAuthenticationProfile"",""UpdateContact"",""UpdateContactAttributes"",""UpdateContactEvaluation"",""UpdateContactFlowContent"",""UpdateContactFlowMetadata"",""UpdateContactFlowModuleAlias"",""UpdateContactFlowModuleContent"",""UpdateContactFlowModuleMetadata"",""UpdateContactFlowName"",""UpdateContactRoutingData"",""UpdateContactSchedule"",""UpdateCrossRegionRouting"",""UpdateDataTableAttribute"",""UpdateDataTableMetadata"",""UpdateDataTablePrimaryValues"",""UpdateEmailAddressMetadata"",""UpdateEvaluationForm"",""UpdateExtractionDefinition"",""UpdateHoursOfOperation"",""UpdateHoursOfOperationOverride"",""UpdateInstanceAttribute"",""UpdateInstanceStorageConfig"",""UpdateMetricContent"",""UpdateMetricMetadata"",""UpdateNotificationContent"",""UpdateParticipantAuthentication"",""UpdateParticipantRoleConfig"",""UpdatePhoneNumber"",""UpdatePhoneNumberMetadata"",""UpdatePredefinedAttribute"",""UpdatePrompt"",""UpdateQueueHoursOfOperation"",""UpdateQueueMaxContacts"",""UpdateQueueName"",""UpdateQueueOutboundCallerConfig"",""UpdateQueueOutboundEmailConfig"",""UpdateQueueStatus"",""UpdateQuickConnectConfig"",""UpdateQuickConnectName"",""UpdateRoutingProfileAgentAvailabilityTimer"",""UpdateRoutingProfileConcurrency"",""UpdateRoutingProfileDefaultOutboundQueue"",""UpdateRoutingProfileName"",""UpdateRoutingProfileQueues"",""UpdateRule"",""UpdateSecurityProfile"",""UpdateTaskTemplate"",""UpdateTrafficDistribution"",""UpdateUserHierarchy"",""UpdateUserHierarchyGroupName"",""UpdateUserHierarchyStructure"",""UpdateUserIdentityInfo"",""UpdateUserNotificationStatus"",""UpdateUserPhoneConfig"",""UpdateUserProficiencies"",""UpdateUserRoutingProfile"",""UpdateUserSecurityProfiles"",""UpdateViewContent"",""UpdateViewMetadata"",""UpdateWorkspaceMetadata"",""UpdateWorkspacePage"",""UpdateWorkspaceTheme"",""UpdateWorkspaceVisibility""]","arn:aws:connect:${Region}:${Account}:instance/${InstanceId}","^arn:aws:connect:.+:.+:instance/.+","[""aws:RequestTag/${TagKey}"",""aws:ResourceTag/${TagKey}"",""aws:TagKeys"",""connect:AssignmentType"",""connect:AttributeType"",""connect:Channel"",""connect:ContactAssociationId"",""connect:ContactInitiationMethod"",""connect:ExpressionValue"",""connect:FlowType"",""connect:InstanceId"",""connect:ListRealtimeContactAnalysisSegmentsByOutputType"",""connect:ListRealtimeContactAnalysisSegmentsBySegmentType"",""connect:MonitorCapabilities"",""connect:PreferredUserArn"",""connect:PrimaryAttribute/${PrimaryAttribute}"",""connect:SearchContactsByContactAnalysis"",""connect:SearchTag/${TagKey}"",""connect:StorageResourceType"",""connect:Subtype"",""connect:UserArn""]","True","https://docs.aws.amazon.com/service-authorization/latest/reference/list_connect.html"
"cases","Amazon Connect Cases","[""BatchGetCaseRule"",""BatchGetField"",""BatchPutFieldOptions"",""CreateCase"",""CreateCaseRule"",""CreateDomain"",""CreateField"",""CreateLayout"",""CreateRelatedItem"",""CreateTemplate"",""DeleteCase"",""DeleteCaseRule"",""DeleteDomain"",""DeleteField"",""DeleteLayout"",""DeleteRelatedItem"",""DeleteTemplate"",""GetCase"",""GetCaseAuditEvents"",""GetCaseEventConfiguration"",""GetDomain"",""GetLayout"",""GetTemplate"",""ListCaseRules"",""ListCasesForContact"",""ListDomains"",""ListFieldOptions"",""ListFields"",""ListLayouts"",""ListTagsForResource"",""ListTemplates"",""PutCaseEventConfiguration"",""SearchAllRelatedItems"",""SearchCases"",""SearchRelatedItems"",""TagResource"",""UntagResource"",""UpdateCase"",""UpdateCaseRule"",""UpdateField"",""UpdateLayout"",""UpdateRelatedItem"",""UpdateTemplate""]","arn:aws:cases:${Region}:${Account}:domain/${DomainId}","^arn:aws:cases:.+","[""aws:RequestTag/${TagKey}"",""aws:ResourceTag/${TagKey}"",""aws:TagKeys"",""cases:CreatedBy"",""cases:RelatedItemType"",""connect:UserArn""]","True","https://docs.aws.amazon.com/service-authorization/latest/reference/list_connectcases.html"
"profile","Amazon Connect Customer Profiles","[""AddProfileKey"",""AssociateStreamForSegments"",""BatchGetCalculatedAttributeForProfile"",""BatchGetProfile"",""CreateCalculatedAttributeDefinition"",""CreateDomain"",""CreateDomainLayout"",""CreateEventStream"",""CreateEventTrigger"",""CreateIntegrationWorkflow"",""CreateProfile"",""CreateRecommender"",""CreateRecommenderFilter"",""CreateRecommenderSchema"",""CreateSegmentDefinition"",""CreateSegmentEstimate"",""CreateSegmentSnapshot"",""CreateSnapshot"",""CreateUploadJob"",""DeleteCalculatedAttributeDefinition"",""DeleteDomain"",""DeleteDomainLayout"",""DeleteDomainObjectType"",""DeleteEventStream"",""DeleteEventTrigger"",""DeleteIntegration"",""DeleteProfile"",""DeleteProfileKey"",""DeleteProfileObject"",""DeleteProfileObjectType"",""DeleteRecommender"",""DeleteRecommenderFilter"",""DeleteRecommenderSchema"",""DeleteSegmentDefinition"",""DeleteSegmentSubscription"",""DeleteWorkflow"",""DetectProfileObjectType"",""DisassociateStreamForSegments"",""GetAutoMergingPreview"",""GetCalculatedAttributeDefinition"",""GetCalculatedAttributeForProfile"",""GetDomain"",""GetDomainLayout"",""GetDomainObjectType"",""GetEventStream"",""GetEventTrigger"",""GetIdentityResolutionJob"",""GetIntegration"",""GetMatches"",""GetObjectTypeAttributeStatistics"",""GetProfileHistoryRecord"",""GetProfileInsights"",""GetProfileObjectType"",""GetProfileObjectTypeTemplate"",""GetProfileRecommendations"",""GetRecommender"",""GetRecommenderFilter"",""GetRecommenderSchema"",""GetSegmentDefinition"",""GetSegmentEstimate"",""GetSegmentMembership"",""GetSegmentSnapshot"",""GetSegmentSubscription"",""GetSimilarProfiles"",""GetSnapshot"",""GetStreamForSegments"",""GetUploadJob"",""GetUploadJobPath"",""GetWorkflow"",""GetWorkflowSteps"",""ListAccountIntegrations"",""ListCalculatedAttributeDefinitions"",""ListCalculatedAttributesForProfile"",""ListDomainLayouts"",""ListDomainObjectTypes"",""ListDomainObjects"",""ListDomains"",""ListEventStreams"",""ListEventTriggers"",""ListIdentityResolutionJobs"",""ListIntegrations"",""ListObjectTypeAttributeValues"",""ListObjectTypeAttributes"",""ListProfileAttributeValues"",""ListProfileHistoryRecords"",""ListProfileObjectTypeTemplates"",""ListProfileObjectTypes"",""ListProfileObjects"",""ListRecommenderFilters"",""ListRecommenderRecipes"",""ListRecommenderSchemas"",""ListRecommenders"",""ListRuleBasedMatches"",""ListSegmentDefinitions"",""ListSegmentSubscriptionEvents"",""ListTagsForResource"",""ListUploadJobs"",""ListWorkflows"",""MergeProfiles"",""PutDomainObjectType"",""PutIntegration"",""PutProfileObject"",""PutProfileObjectType"",""PutSegmentSubscription"",""SearchProfiles"",""StartRecommender"",""StartUploadJob"",""StopRecommender"",""StopUploadJob"",""TagResource"",""UntagResource"",""UpdateCalculatedAttributeDefinition"",""UpdateDomain"",""UpdateDomainLayout"",""UpdateEventTrigger"",""UpdateProfile"",""UpdateRecommender""]","arn:aws:profile:${Region}:${Account}:${ResourceType}/${ResourceName}","^arn:aws:profile:.+:.+:.+","[""aws:RequestTag/${TagKey}"",""aws:ResourceTag/${TagKey}"",""aws:TagKeys""]","True","https://docs.aws.amazon.com/service-authorization/latest/reference/list_customer-profiles.html"
"health-agent","Amazon Connect Health","[""ActivateSubscription"",""CancelAppointment"",""CreateAgent"",""CreateDomain"",""CreateIntegration"",""CreateSession"",""CreateSubscription"",""DeactivateSubscription"",""DeleteAgent"",""DeleteDomain"",""DeleteIntegration"",""GetAgent"",""GetCareTeamProvider"",""GetDomain"",""GetDomainAnalytics"",""GetIntegration"",""GetMedicalScribeListeningSession"",""GetPatient"",""GetPatientInsightsJob"",""GetPractitioner"",""GetSessionContext"",""GetSubscription"",""InvokeAgent"",""ListAgents"",""ListAppointmentSlots"",""ListDomains"",""ListIntegrations"",""ListPatientAppointments"",""ListPatientInsuranceCoverages"",""ListPatientMedications"",""ListProviders"",""ListSessionRecords"",""ListSubscriptions"",""ListTagsForResource"",""MatchPatient"",""PublishAgent"",""RescheduleAppointment"",""ResetPassword"",""ScheduleAppointment"",""StartMedicalScribeListeningSession"",""StartPatientInsightsJob"",""SubmitMedicationRenewal"",""TagResource"",""UntagResource"",""UpdateAgent"",""UpdateIntegration"",""UpdateSession""]","arn:aws:health-agent:${Region}:${Account}:${ResourceType}","^arn:aws:health-agent:.+:.+:.+","[""aws:RequestTag/${TagKey}"",""aws:ResourceTag/${TagKey}"",""aws:TagKeys""]","True","https://docs.aws.amazon.com/service-authorization/latest/reference/list_connecthealth.html"
"connect-campaigns","Amazon Connect Outbound Campaigns","[""CreateCampaign"",""DeleteCampaign"",""DeleteCampaignChannelSubtypeConfig"",""DeleteCampaignCommunicationLimits"",""DeleteCampaignCommunicationTime"",""DeleteCampaignEntryLimits"",""DeleteConnectInstanceConfig"",""DeleteConnectInstanceIntegration"",""DeleteInstanceOnboardingJob"",""DescribeCampaign"",""GetCampaignState"",""GetCampaignStateBatch"",""GetConnectInstanceConfig"",""GetInstanceCommunicationLimits"",""GetInstanceOnboardingJobStatus"",""ListCampaigns"",""ListConnectInstanceIntegrations"",""ListTagsForResource"",""PauseCampaign"",""PutConnectInstanceIntegration"",""PutDialRequestBatch"",""PutInstanceCommunicationLimits"",""PutOutboundRequestBatch"",""PutProfileOutboundRequestBatch"",""ResumeCampaign"",""StartCampaign"",""StartInstanceOnboardingJob"",""StopCampaign"",""TagResource"",""UntagResource"",""UpdateCampaignChannelSubtypeConfig"",""UpdateCampaignCommunicationLimits"",""UpdateCampaignCommunicationTime"",""UpdateCampaignDialerConfig"",""UpdateCampaignEntryLimits"",""UpdateCampaignFlowAssociation"",""UpdateCampaignName"",""UpdateCampaignOutboundCallConfig"",""UpdateCampaignSchedule"",""UpdateCampaignSource""]","arn:aws:connect-campaigns:${Region}:${Account}:campaign/${CampaignId}","^arn:aws:connect-campaigns:.+:.*:campaign/.*","[""aws:RequestTag/${TagKey}"",""aws:ResourceTag/${TagKey}"",""aws:TagKeys""]","True","https://docs.aws.amazon.com/service-authorization/latest/reference/list_connect-outbound-campaigns.html"
"voiceid","Amazon Connect Voice ID","[""AssociateFraudster"",""CreateDomain"",""CreateWatchlist"",""DeleteDomain"",""DeleteFraudster"",""DeleteSpeaker"",""DeleteWatchlist"",""DescribeComplianceConsent"",""DescribeDomain"",""DescribeFraudster"",""DescribeFraudsterRegistrationJob"",""DescribeSpeaker"",""DescribeSpeakerEnrollmentJob"",""DescribeWatchlist"",""DisassociateFraudster"",""EvaluateSession"",""ListDomains"",""ListFraudsterRegistrationJobs"",""ListFraudsters"",""ListSpeakerEnrollmentJobs"",""ListSpeakers"",""ListTagsForResource"",""ListWatchlists"",""OptOutSpeaker"",""RegisterComplianceConsent"",""StartFraudsterRegistrationJob"",""StartSpeakerEnrollmentJob"",""TagResource"",""UntagResource"",""UpdateDomain"",""UpdateWatchlist""]","arn:aws:voiceid:${Region}:${Account}:${ResourceType}/${ResourceId}","^arn:aws:voiceid:.+","[""aws:RequestTag/${TagKey}"",""aws:ResourceTag/${TagKey}"",""aws:TagKeys""]","True","https://docs.aws.amazon.com/service-authorization/latest/reference/list_voice-id.html"
"dlm","Amazon Data Lifecycle Manager","[""CreateLifecyclePolicy"",""DeleteLifecyclePolicy"",""GetLifecyclePolicies"",""GetLifecyclePolicy"",""ListTagsForResource"",""TagResource"",""UntagResource"",""UpdateLifecyclePolicy""]","arn:aws:dlm:${Region}:${Account}:policy/${ResourceName}","^arn:aws:dlm:.+:.+:.+","[""aws:RequestTag/${TagKey}"",""aws:ResourceTag/${TagKey}"",""aws:TagKeys""]","True","https://docs.aws.amazon.com/service-authorization/latest/reference/list_dlm.html"
"datazone","Amazon DataZone","[""AcceptPredictions"",""AcceptSubscriptionRequest"",""AddEntityOwner"",""AddPolicyGrant"",""AssociateEnvironmentRole"",""AssociateGovernedTerms"",""BatchDeleteLinkedTypes"",""BatchGetAttributesMetadata"",""BatchGetCell"",""BatchGetCellRun"",""BatchPutAttributesMetadata"",""BatchPutLinkedTypes"",""BatchUpdateNotifications"",""CancelMessage"",""CancelMetadataGenerationRun"",""CancelSubscription"",""CreateAccountPool"",""CreateAsset"",""CreateAssetFilter"",""CreateAssetRevision"",""CreateAssetType"",""CreateCell"",""CreateCellRun"",""CreateConnection"",""CreateDataProduct"",""CreateDataProductRevision"",""CreateDataSource"",""CreateDesignation"",""CreateDomain"",""CreateDomainUnit"",""CreateEnvironment"",""CreateEnvironmentAction"",""CreateEnvironmentBlueprint"",""CreateEnvironmentProfile"",""CreateFormType"",""CreateGlossary"",""CreateGlossaryTerm"",""CreateGroupProfile"",""CreateListingChangeSet"",""CreateNotebook"",""CreateProject"",""CreateProjectMembership"",""CreateProjectProfile"",""CreateRule"",""CreateSubscriptionGrant"",""CreateSubscriptionRequest"",""CreateSubscriptionTarget"",""CreateUserProfile"",""DeleteAccountPool"",""DeleteAsset"",""DeleteAssetFilter"",""DeleteAssetType"",""DeleteCell"",""DeleteCellRun"",""DeleteConnection"",""DeleteDataExportConfiguration"",""DeleteDataProduct"",""DeleteDataSource"",""DeleteDesignation"",""DeleteDomain"",""DeleteDomainSharingPolicy"",""DeleteDomainUnit"",""DeleteEnvironment"",""DeleteEnvironmentAction"",""DeleteEnvironmentBlueprint"",""DeleteEnvironmentBlueprintConfiguration"",""DeleteEnvironmentProfile"",""DeleteFormType"",""DeleteGlossary"",""DeleteGlossaryTerm"",""DeleteLineageEvent"",""DeleteListing"",""DeleteNotebook"",""DeleteProject"",""DeleteProjectMembership"",""DeleteProjectProfile"",""DeleteRule"",""DeleteSubscriptionGrant"",""DeleteSubscriptionRequest"",""DeleteSubscriptionTarget"",""DeleteTimeSeriesDataPoints"",""DisassociateEnvironmentRole"",""DisassociateGovernedTerms"",""GenerateCode"",""GetAccountPool"",""GetAsset"",""GetAssetFilter"",""GetAssetType"",""GetCell"",""GetCellRun"",""GetCellRunResult"",""GetCompute"",""GetConnection"",""GetConversation"",""GetCurrentEffectivePolicy"",""GetDataExportConfiguration"",""GetDataProduct"",""GetDataSource"",""GetDataSourceRun"",""GetDesignation"",""GetDomain"",""GetDomainExecutionRoleCredentials"",""GetDomainSharingPolicy"",""GetDomainUnit"",""GetEnvironment"",""GetEnvironmentAction"",""GetEnvironmentActionLink"",""GetEnvironmentBlueprint"",""GetEnvironmentBlueprintConfiguration"",""GetEnvironmentCredentials"",""GetEnvironmentProfile"",""GetFormType"",""GetGlossary"",""GetGlossaryTerm"",""GetGroupProfile"",""GetIamPortalLoginUrl"",""GetJobRun"",""GetLineageEvent"",""GetLineageNode"",""GetListing"",""GetMetadataGenerationRun"",""GetNotebook"",""GetNotebookCompute"",""GetNotebookExport"",""GetNotebookRun"",""GetProject"",""GetProjectProfile"",""GetRule"",""GetSubscription"",""GetSubscriptionEligibility"",""GetSubscriptionGrant"",""GetSubscriptionRequestDetails"",""GetSubscriptionTarget"",""GetTimeSeriesDataPoint"",""GetUpdateEligibility"",""GetUserProfile"",""ListAccountEnvironments"",""ListAccountPools"",""ListAccountsInAccountPool"",""ListAssetFilters"",""ListAssetRevisions"",""ListCellRuns"",""ListConnections"",""ListConversations"",""ListDataProductRevisions"",""ListDataSourceRunActivities"",""ListDataSourceRuns"",""ListDataSources"",""ListDesignations"",""ListDomainUnitsForParent"",""ListDomains"",""ListEntityOwners"",""ListEnvironmentActions"",""ListEnvironmentBlueprintConfigurationSummaries"",""ListEnvironmentBlueprintConfigurations"",""ListEnvironmentBlueprints"",""ListEnvironmentProfiles"",""ListEnvironments"",""ListGroupsForUser"",""ListJobRuns"",""ListLineageEvents"",""ListLineageNodeHistory"",""ListLinkedTypes"",""ListMetadataGenerationRuns"",""ListNotebookRuns"",""ListNotebooks"",""ListNotifications"",""ListPolicyGrants"",""ListProjectMemberships"",""ListProjectProfiles"",""ListProjects"",""ListRules"",""ListSubscriptionGrants"",""ListSubscriptionRequests"",""ListSubscriptionTargets"",""ListSubscriptions"",""ListTagsForResource"",""ListTimeSeriesDataPoints"",""ListWarehouseMetadata"",""PostLineageEvent"",""PostTimeSeriesDataPoints"",""ProvisionDomain"",""PutCellRunResult"",""PutDataExportConfiguration"",""PutDomainSharingPolicy"",""PutEnvironmentBlueprintConfiguration"",""QueryGraph"",""RefreshToken"",""RejectPredictions"",""RejectSubscriptionRequest"",""RemoveEntityOwner"",""RemovePolicyGrant"",""RevokeSubscription"",""Search"",""SearchGroupProfiles"",""SearchListings"",""SearchRules"",""SearchTypes"",""SearchUserProfiles"",""SendMessage"",""SsoLogin"",""SsoLogout"",""StartAccountBootstrapAction"",""StartCompute"",""StartConversation"",""StartDataSourceRun"",""StartMetadataGenerationRun"",""StartNotebookCompute"",""StartNotebookExport"",""StartNotebookImport"",""StartNotebookRun"",""StartNotebookSync"",""StopCompute"",""StopMetadataGenerationRun"",""StopNotebookCompute"",""StopNotebookRun"",""TagResource"",""UntagResource"",""UpdateAccountPool"",""UpdateAssetFilter"",""UpdateCell"",""UpdateCellRun"",""UpdateConnection"",""UpdateDataSource"",""UpdateDataSourceRunActivities"",""UpdateDesignation"",""UpdateDomain"",""UpdateDomainUnit"",""UpdateEnvironment"",""UpdateEnvironmentAction"",""UpdateEnvironmentBlueprint"",""UpdateEnvironmentConfiguration"",""UpdateEnvironmentDeploymentStatus"",""UpdateEnvironmentProfile"",""UpdateGlossary"",""UpdateGlossaryTerm"",""UpdateGroupProfile"",""UpdateNotebook"",""UpdateProject"",""UpdateProjectProfile"",""UpdateRule"",""UpdateSubscriptionGrantStatus"",""UpdateSubscriptionRequest"",""UpdateSubscriptionTarget"",""UpdateUserProfile"",""ValidatePassRole"",""ValidatePolicy""]","arn:aws:datazone:${Region}:${Account}:${ResourceType}/${ResourceName}","^arn:aws:datazone:. :. :. ","[""aws:RequestTag/${TagKey}"",""aws:ResourceTag/${TagKey}"",""aws:TagKeys"",""datazone:domainId"",""datazone:projectId"",""datazone:userId""]","True","https://docs.aws.amazon.com/service-authorization/latest/reference/list_datazone.html"
"detective","Amazon Detective","[""AcceptInvitation"",""BatchGetGraphMemberDatasources"",""BatchGetMembershipDatasources"",""CreateGraph"",""CreateMembers"",""DeleteGraph"",""DeleteMembers"",""DescribeOrganizationConfiguration"",""DisableOrganizationAdminAccount"",""DisassociateMembership"",""EnableOrganizationAdminAccount"",""GetFreeTrialEligibility"",""GetGraphIngestState"",""GetInvestigation"",""GetMembers"",""GetPricingInformation"",""GetUsageInformation"",""InvokeAssistant"",""ListDatasourcePackages"",""ListGraphs"",""ListHighDegreeEntities"",""ListIndicators"",""ListInvestigations"",""ListInvitations"",""ListMembers"",""ListOrganizationAdminAccount"",""ListTagsForResource"",""RejectInvitation"",""SearchGraph"",""StartInvestigation"",""StartMonitoringMember"",""TagResource"",""UntagResource"",""UpdateDatasourcePackages"",""UpdateInvestigationState"",""UpdateOrganizationConfiguration""]","arn:aws:detective:${Region}:${Account}:graph:${GraphId}","^arn:aws:detective:.+","[""aws:RequestTag/${TagKey}"",""aws:ResourceTag/${TagKey}"",""aws:TagKeys""]","True","https://docs.aws.amazon.com/service-authorization/latest/reference/list_detective.html"
"devops-guru","Amazon DevOps Guru","[""AddNotificationChannel"",""DeleteInsight"",""DescribeAccountHealth"",""DescribeAccountOverview"",""DescribeAnomaly"",""DescribeEventSourcesConfig"",""DescribeFeedback"",""DescribeInsight"",""DescribeOrganizationHealth"",""DescribeOrganizationOverview"",""DescribeOrganizationResourceCollectionHealth"",""DescribeResourceCollectionHealth"",""DescribeServiceIntegration"",""GetCostEstimation"",""GetResourceCollection"",""ListAnomaliesForInsight"",""ListAnomalousLogGroups"",""ListEvents"",""ListInsights"",""ListMonitoredResources"",""ListNotificationChannels"",""ListOrganizationInsights"",""ListRecommendations"",""PutFeedback"",""RemoveNotificationChannel"",""SearchInsights"",""SearchOrganizationInsights"",""StartCostEstimation"",""UpdateEventSourcesConfig"",""UpdateResourceCollection"",""UpdateServiceIntegration""]","arn:aws:devops-guru:${Region}:${Account}:${ResourceType}/${ResourceName}","^arn:aws:devops-guru:.+:.+:.+/.+","""devops-guru:ServiceNames""","True","https://docs.aws.amazon.com/service-authorization/latest/reference/list_devops-guru.html"
"docdb-elastic","Amazon DocumentDB Elastic Clusters","[""ApplyPendingMaintenanceAction"",""CopyClusterSnapshot"",""CreateCluster"",""CreateClusterSnapshot"",""DeleteCluster"",""DeleteClusterSnapshot"",""GetCluster"",""GetClusterSnapshot"",""GetPendingMaintenanceAction"",""ListClusterSnapshots"",""ListClusters"",""ListPendingMaintenanceActions"",""ListTagsForResource"",""RestoreClusterFromSnapshot"",""StartCluster"",""StopCluster"",""TagResource"",""UntagResource"",""UpdateCluster""]","arn:aws:docdb-elastic:${Region}:${Account}:${ResourceType}/${ResourceId}","^arn:aws:docdb-elastic:.+:.+:.+","[""aws:RequestTag/${TagKey}"",""aws:ResourceTag/${TagKey}"",""aws:TagKeys""]","True","https://docs.aws.amazon.com/service-authorization/latest/reference/list_docdb-elastic.html"
"dynamodb","Amazon DynamoDB","[""AssociateTableReplica"",""BatchGetItem"",""BatchWriteItem"",""ConditionCheckItem"",""CreateBackup"",""CreateGlobalTable"",""CreateGlobalTableWitness"",""CreateTable"",""CreateTableReplica"",""DeleteBackup"",""DeleteGlobalTableWitness"",""DeleteItem"",""DeleteResourcePolicy"",""DeleteTable"",""DeleteTableReplica"",""DescribeBackup"",""DescribeContinuousBackups"",""DescribeContributorInsights"",""DescribeEndpoints"",""DescribeExport"",""DescribeGlobalTable"",""DescribeGlobalTableSettings"",""DescribeImport"",""DescribeKinesisStreamingDestination"",""DescribeLimits"",""DescribeReservedCapacity"",""DescribeReservedCapacityOfferings"",""DescribeStream"",""DescribeTable"",""DescribeTableReplicaAutoScaling"",""DescribeTimeToLive"",""DisableKinesisStreamingDestination"",""EnableKinesisStreamingDestination"",""ExportTableToPointInTime"",""GetAbacStatus"",""GetItem"",""GetRecords"",""GetResourcePolicy"",""GetShardIterator"",""ImportTable"",""InjectError"",""ListBackups"",""ListContributorInsights"",""ListExports"",""ListGlobalTables"",""ListImports"",""ListStreams"",""ListTables"",""ListTagsOfResource"",""PartiQLDelete"",""PartiQLInsert"",""PartiQLSelect"",""PartiQLUpdate"",""PurchaseReservedCapacityOfferings"",""PutItem"",""PutResourcePolicy"",""Query"",""ReadDataForReplication"",""ReplicateSettings"",""RestoreTableFromAwsBackup"",""RestoreTableFromBackup"",""RestoreTableToPointInTime"",""Scan"",""SearchVectors"",""StartAwsBackupJob"",""TagResource"",""UntagResource"",""UpdateAbacStatus"",""UpdateContinuousBackups"",""UpdateContributorInsights"",""UpdateGlobalTable"",""UpdateGlobalTableSettings"",""UpdateGlobalTableVersion"",""UpdateItem"",""UpdateKinesisStreamingDestination"",""UpdateTable"",""UpdateTableReplicaAutoScaling"",""UpdateTimeToLive"",""WriteDataForReplication""]","arn:aws:dynamodb:${Region}:${Account}:${ResourceType}/${ResourcePath}","^arn:aws:dynamodb:.+:.+","[""aws:RequestTag/${TagKey}"",""aws:ResourceTag/${TagKey}"",""aws:TagKeys"",""dynamodb:Attributes"",""dynamodb:EnclosingOperation"",""dynamodb:FirstPartitionKeyValues"",""dynamodb:FisActionId"",""dynamodb:FisTargetArns"",""dynamodb:FourthPartitionKeyValues"",""dynamodb:FullTableScan"",""dynamodb:LeadingKeys"",""dynamodb:ReturnConsumedCapacity"",""dynamodb:ReturnValues"",""dynamodb:SecondPartitionKeyValues"",""dynamodb:Select"",""dynamodb:ThirdPartitionKeyValues""]","True","https://docs.aws.amazon.com/service-authorization/latest/reference/list_dynamodb.html"
"dax","Amazon DynamoDB Accelerator (DAX)","[""BatchGetItem"",""BatchWriteItem"",""ConditionCheckItem"",""CreateCluster"",""CreateParameterGroup"",""CreateSubnetGroup"",""DecreaseReplicationFactor"",""DeleteCluster"",""DeleteItem"",""DeleteParameterGroup"",""DeleteSubnetGroup"",""DescribeClusters"",""DescribeDefaultParameters"",""DescribeEvents"",""DescribeParameterGroups"",""DescribeParameters"",""DescribeSubnetGroups"",""GetItem"",""IncreaseReplicationFactor"",""ListTags"",""PutItem"",""Query"",""RebootNode"",""Scan"",""TagResource"",""UntagResource"",""UpdateCluster"",""UpdateItem"",""UpdateParameterGroup"",""UpdateSubnetGroup""]","arn:aws:dax:${Region}:${Account}:cache/${ClusterName}","^arn:aws:dax:.+:[0-9]+:cache/[a-zA-Z0-9_.-]+","""dax:EnclosingOperation""","True","https://docs.aws.amazon.com/service-authorization/latest/reference/list_dax.html"
"ec2","Amazon EC2","[""AcceptAddressTransfer"",""AcceptCapacityReservationBillingOwnership"",""AcceptReservedInstancesExchangeQuote"",""AcceptTransitGatewayClientVpnAttachment"",""AcceptTransitGatewayMulticastDomainAssociations"",""AcceptTransitGatewayPeeringAttachment"",""AcceptTransitGatewayVpcAttachment"",""AcceptVpcEndpointConnections"",""AcceptVpcPeeringConnection"",""AdvertiseByoipCidr"",""AllocateAddress"",""AllocateHosts"",""AllocateIpamPoolCidr"",""ApplySecurityGroupsToClientVpnTargetNetwork"",""AssignIpv6Addresses"",""AssignPrivateIpAddresses"",""AssignPrivateNatGatewayAddress"",""AssociateAddress"",""AssociateApplicationStatusCheck"",""AssociateCapacityReservationBillingOwner"",""AssociateClientVpnTargetNetwork"",""AssociateDhcpOptions"",""AssociateEnclaveCertificateIamRole"",""AssociateIamInstanceProfile"",""AssociateInstanceEventWindow"",""AssociateIpamByoasn"",""AssociateIpamResourceDiscovery"",""AssociateNatGatewayAddress"",""AssociateRouteServer"",""AssociateRouteTable"",""AssociateSecurityGroupVpc"",""AssociateSubnetCidrBlock"",""AssociateTransitGatewayMulticastDomain"",""AssociateTransitGatewayPolicyTable"",""AssociateTransitGatewayRouteTable"",""AssociateTrunkInterface"",""AssociateVerifiedAccessInstanceWebAcl"",""AssociateVpcCidrBlock"",""AttachApplianceToNatGateway"",""AttachClassicLinkVpc"",""AttachImageWatermark"",""AttachInternetGateway"",""AttachNetworkInterface"",""AttachResourcesToPlacementGroup"",""AttachVerifiedAccessTrustProvider"",""AttachVolume"",""AttachVpnGateway"",""AuthorizeClientVpnIngress"",""AuthorizeSecurityGroupEgress"",""AuthorizeSecurityGroupIngress"",""BatchModifyIpamRoutingPolicyRegistrations"",""BundleInstance"",""CancelBundleTask"",""CancelCapacityReservation"",""CancelCapacityReservationFleets"",""CancelConversionTask"",""CancelDeclarativePoliciesReport"",""CancelExportTask"",""CancelImageLaunchPermission"",""CancelImportTask"",""CancelReservedInstancesListing"",""CancelSpotFleetRequests"",""CancelSpotInstanceRequests"",""ConfirmProductInstance"",""CopyFpgaImage"",""CopyImage"",""CopySnapshot"",""CopyVolumes"",""CreateApplicationStatusCheck"",""CreateCapacityManagerDataExport"",""CreateCapacityReservation"",""CreateCapacityReservationBySplitting"",""CreateCapacityReservationCancellationQuote"",""CreateCapacityReservationFleet"",""CreateCarrierGateway"",""CreateClientVpnEndpoint"",""CreateClientVpnRoute"",""CreateCoipCidr"",""CreateCoipPool"",""CreateCoipPoolPermission"",""CreateCustomerGateway"",""CreateDefaultSubnet"",""CreateDefaultVpc"",""CreateDelegateMacVolumeOwnershipTask"",""CreateDhcpOptions"",""CreateEgressOnlyInternetGateway"",""CreateFleet"",""CreateFlowLogs"",""CreateFpgaImage"",""CreateImage"",""CreateImageUsageReport"",""CreateInstanceConnectEndpoint"",""CreateInstanceEventWindow"",""CreateInstanceExportTask"",""CreateInternetGateway"",""CreateInterruptibleCapacityReservationAllocation"",""CreateIpam"",""CreateIpamExternalResourceVerificationToken"",""CreateIpamInternetRegistryAssociation"",""CreateIpamPolicy"",""CreateIpamPool"",""CreateIpamPrefixListResolver"",""CreateIpamPrefixListResolverTarget"",""CreateIpamResourceDiscovery"",""CreateIpamRoutingPolicyRegistration"",""CreateIpamScope"",""CreateKeyPair"",""CreateLaunchTemplate"",""CreateLaunchTemplateVersion"",""CreateLocalGatewayRoute"",""CreateLocalGatewayRouteTable"",""CreateLocalGatewayRouteTablePermission"",""CreateLocalGatewayRouteTableVirtualInterfaceGroupAssociation"",""CreateLocalGatewayRouteTableVpcAssociation"",""CreateLocalGatewayVirtualInterface"",""CreateLocalGatewayVirtualInterfaceGroup"",""CreateMacSystemIntegrityProtectionModificationTask"",""CreateManagedPrefixList"",""CreateNatGateway"",""CreateNetworkAcl"",""CreateNetworkAclEntry"",""CreateNetworkInsightsAccessScope"",""CreateNetworkInsightsPath"",""CreateNetworkInterface"",""CreateNetworkInterfacePermission"",""CreateOdbNetworkPeering"",""CreatePlacementGroup"",""CreatePublicIpv4Pool"",""CreateReplaceRootVolumeTask"",""CreateReservedInstancesListing"",""CreateRestoreImageTask"",""CreateRoute"",""CreateRouteServer"",""CreateRouteServerEndpoint"",""CreateRouteServerPeer"",""CreateRouteTable"",""CreateSecondaryNetwork"",""CreateSecondarySubnet"",""CreateSecurityGroup"",""CreateSnapshot"",""CreateSnapshots"",""CreateSpotDatafeedSubscription"",""CreateStoreImageTask"",""CreateSubnet"",""CreateSubnetCidrReservation"",""CreateTags"",""CreateTrafficMirrorFilter"",""CreateTrafficMirrorFilterRule"",""CreateTrafficMirrorSession"",""CreateTrafficMirrorTarget"",""CreateTransitGateway"",""CreateTransitGatewayConnect"",""CreateTransitGatewayConnectPeer"",""CreateTransitGatewayMeteringPolicy"",""CreateTransitGatewayMeteringPolicyEntry"",""CreateTransitGatewayMulticastDomain"",""CreateTransitGatewayPeeringAttachment"",""CreateTransitGatewayPolicyTable"",""CreateTransitGatewayPolicyTableEntry"",""CreateTransitGatewayPrefixListReference"",""CreateTransitGatewayRoute"",""CreateTransitGatewayRouteTable"",""CreateTransitGatewayRouteTableAnnouncement"",""CreateTransitGatewayVpcAttachment"",""CreateVerifiedAccessEndpoint"",""CreateVerifiedAccessGroup"",""CreateVerifiedAccessInstance"",""CreateVerifiedAccessTrustProvider"",""CreateVolume"",""CreateVpc"",""CreateVpcBlockPublicAccessExclusion"",""CreateVpcEncryptionControl"",""CreateVpcEndpoint"",""CreateVpcEndpointConnectionNotification"",""CreateVpcEndpointServiceConfiguration"",""CreateVpcPeeringConnection"",""CreateVpnConcentrator"",""CreateVpnConnection"",""CreateVpnConnectionRoute"",""CreateVpnGateway"",""DeleteApplicationStatusCheck"",""DeleteCapacityManagerDataExport"",""DeleteCarrierGateway"",""DeleteClientVpnEndpoint"",""DeleteClientVpnRoute"",""DeleteCoipCidr"",""DeleteCoipPool"",""DeleteCoipPoolPermission"",""DeleteCustomerGateway"",""DeleteDhcpOptions"",""DeleteEgressOnlyInternetGateway"",""DeleteFleets"",""DeleteFlowLogs"",""DeleteFpgaImage"",""DeleteImageUsageReport"",""DeleteInstanceConnectEndpoint"",""DeleteInstanceEventWindow"",""DeleteInternetGateway"",""DeleteIpam"",""DeleteIpamExternalResourceVerificationToken"",""DeleteIpamInternetRegistryAssociation"",""DeleteIpamPolicy"",""DeleteIpamPool"",""DeleteIpamPrefixListResolver"",""DeleteIpamPrefixListResolverTarget"",""DeleteIpamResourceDiscovery"",""DeleteIpamRoutingPolicyRegistration"",""DeleteIpamScope"",""DeleteKeyPair"",""DeleteLaunchTemplate"",""DeleteLaunchTemplateVersions"",""DeleteLocalGatewayRoute"",""DeleteLocalGatewayRouteTable"",""DeleteLocalGatewayRouteTablePermission"",""DeleteLocalGatewayRouteTableVirtualInterfaceGroupAssociation"",""DeleteLocalGatewayRouteTableVpcAssociation"",""DeleteLocalGatewayVirtualInterface"",""DeleteLocalGatewayVirtualInterfaceGroup"",""DeleteManagedPrefixList"",""DeleteNatGateway"",""DeleteNetworkAcl"",""DeleteNetworkAclEntry"",""DeleteNetworkInsightsAccessScope"",""DeleteNetworkInsightsAccessScopeAnalysis"",""DeleteNetworkInsightsAnalysis"",""DeleteNetworkInsightsPath"",""DeleteNetworkInterface"",""DeleteNetworkInterfacePermission"",""DeleteOdbNetworkPeering"",""DeletePlacementGroup"",""DeletePublicIpv4Pool"",""DeleteQueuedReservedInstances"",""DeleteResourcePolicy"",""DeleteRoute"",""DeleteRouteServer"",""DeleteRouteServerEndpoint"",""DeleteRouteServerPeer"",""DeleteRouteTable"",""DeleteSecondaryNetwork"",""DeleteSecondarySubnet"",""DeleteSecurityGroup"",""DeleteSnapshot"",""DeleteSpotDatafeedSubscription"",""DeleteSubnet"",""DeleteSubnetCidrReservation"",""DeleteTags"",""DeleteTrafficMirrorFilter"",""DeleteTrafficMirrorFilterRule"",""DeleteTrafficMirrorSession"",""DeleteTrafficMirrorTarget"",""DeleteTransitGateway"",""DeleteTransitGatewayClientVpnAttachment"",""DeleteTransitGatewayConnect"",""DeleteTransitGatewayConnectPeer"",""DeleteTransitGatewayMeteringPolicy"",""DeleteTransitGatewayMeteringPolicyEntry"",""DeleteTransitGatewayMulticastDomain"",""DeleteTransitGatewayPeeringAttachment"",""DeleteTransitGatewayPolicyTable"",""DeleteTransitGatewayPolicyTableEntry"",""DeleteTransitGatewayPrefixListReference"",""DeleteTransitGatewayRoute"",""DeleteTransitGatewayRouteTable"",""DeleteTransitGatewayRouteTableAnnouncement"",""DeleteTransitGatewayVpcAttachment"",""DeleteVerifiedAccessEndpoint"",""DeleteVerifiedAccessGroup"",""DeleteVerifiedAccessInstance"",""DeleteVerifiedAccessTrustProvider"",""DeleteVolume"",""DeleteVpc"",""DeleteVpcBlockPublicAccessExclusion"",""DeleteVpcEncryptionControl"",""DeleteVpcEndpointConnectionNotifications"",""DeleteVpcEndpointServiceConfigurations"",""DeleteVpcEndpoints"",""DeleteVpcPeeringConnection"",""DeleteVpnConcentrator"",""DeleteVpnConnection"",""DeleteVpnConnectionRoute"",""DeleteVpnGateway"",""DeprovisionByoipCidr"",""DeprovisionIpamByoasn"",""DeprovisionIpamPoolCidr"",""DeprovisionPublicIpv4PoolCidr"",""DeregisterImage"",""DeregisterInstanceEventNotificationAttributes"",""DeregisterTransitGatewayMulticastGroupMembers"",""DeregisterTransitGatewayMulticastGroupSources"",""DescribeAccountAttributes"",""DescribeAccountVpcEncryptionControl"",""DescribeAddressTransfers"",""DescribeAddresses"",""DescribeAddressesAttribute"",""DescribeAggregateIdFormat"",""DescribeApplicationStatus"",""DescribeApplicationStatusCheckAssociations"",""DescribeApplicationStatusChecks"",""DescribeAvailabilityZones"",""DescribeAwsNetworkPerformanceMetricSubscriptions"",""DescribeBundleTasks"",""DescribeByoipCidrs"",""DescribeCapacityBlockExtensionHistory"",""DescribeCapacityBlockExtensionOfferings"",""DescribeCapacityBlockOfferings"",""DescribeCapacityBlockStatus"",""DescribeCapacityBlocks"",""DescribeCapacityManagerDataExports"",""DescribeCapacityReservationBillingRequests"",""DescribeCapacityReservationCancellationQuotes"",""DescribeCapacityReservationFleets"",""DescribeCapacityReservationTopology"",""DescribeCapacityReservations"",""DescribeCarrierGateways"",""DescribeClassicLinkInstances"",""DescribeClientVpnAuthorizationRules"",""DescribeClientVpnConnections"",""DescribeClientVpnEndpoints"",""DescribeClientVpnRoutes"",""DescribeClientVpnTargetNetworks"",""DescribeCoipPools"",""DescribeConversionTasks"",""DescribeCustomerGateways"",""DescribeDeclarativePoliciesReports"",""DescribeDhcpOptions"",""DescribeEgressOnlyInternetGateways"",""DescribeElasticGpus"",""DescribeExportImageTasks"",""DescribeExportTasks"",""DescribeFastLaunchImages"",""DescribeFastSnapshotRestores"",""DescribeFleetHistory"",""DescribeFleetInstances"",""DescribeFleets"",""DescribeFlowLogs"",""DescribeFpgaImageAttribute"",""DescribeFpgaImages"",""DescribeHostReservationOfferings"",""DescribeHostReservations"",""DescribeHosts"",""DescribeIamInstanceProfileAssociations"",""DescribeIdFormat"",""DescribeIdentityIdFormat"",""DescribeImageAttribute"",""DescribeImageReferences"",""DescribeImageUsageReportEntries"",""DescribeImageUsageReports"",""DescribeImages"",""DescribeImportImageTasks"",""DescribeImportSnapshotTasks"",""DescribeInstanceAttribute"",""DescribeInstanceConnectEndpoints"",""DescribeInstanceCreditSpecifications"",""DescribeInstanceEventNotificationAttributes"",""DescribeInstanceEventWindows"",""DescribeInstanceImageMetadata"",""DescribeInstanceSqlHaHistoryStates"",""DescribeInstanceSqlHaStates"",""DescribeInstanceStatus"",""DescribeInstanceTopology"",""DescribeInstanceTypeOfferings"",""DescribeInstanceTypes"",""DescribeInstances"",""DescribeInternetGateways"",""DescribeIpamByoasn"",""DescribeIpamExternalResourceVerificationTokens"",""DescribeIpamInternetRegistryAssociations"",""DescribeIpamPolicies"",""DescribeIpamPoolAllocations"",""DescribeIpamPools"",""DescribeIpamPrefixListResolverTargets"",""DescribeIpamPrefixListResolvers"",""DescribeIpamResourceDiscoveries"",""DescribeIpamResourceDiscoveryAssociations"",""DescribeIpamScopes"",""DescribeIpams"",""DescribeIpv6Pools"",""DescribeKeyPairs"",""DescribeLaunchTemplateVersions"",""DescribeLaunchTemplates"",""DescribeLocalGatewayRouteTablePermissions"",""DescribeLocalGatewayRouteTableVirtualInterfaceGroupAssociations"",""DescribeLocalGatewayRouteTableVpcAssociations"",""DescribeLocalGatewayRouteTables"",""DescribeLocalGatewayVirtualInterfaceGroups"",""DescribeLocalGatewayVirtualInterfaces"",""DescribeLocalGateways"",""DescribeLockedSnapshots"",""DescribeMacHosts"",""DescribeMacModificationTasks"",""DescribeManagedPrefixLists"",""DescribeMovingAddresses"",""DescribeNatGateways"",""DescribeNetworkAcls"",""DescribeNetworkInsightsAccessScopeAnalyses"",""DescribeNetworkInsightsAccessScopes"",""DescribeNetworkInsightsAnalyses"",""DescribeNetworkInsightsPaths"",""DescribeNetworkInterfaceAttribute"",""DescribeNetworkInterfacePermissions"",""DescribeNetworkInterfaces"",""DescribeOutpostLags"",""DescribePlacementGroups"",""DescribePrefixLists"",""DescribePrincipalIdFormat"",""DescribePublicIpv4Pools"",""DescribeRegions"",""DescribeReplaceRootVolumeTasks"",""DescribeReservedInstances"",""DescribeReservedInstancesListings"",""DescribeReservedInstancesModifications"",""DescribeReservedInstancesOfferings"",""DescribeRouteServerEndpoints"",""DescribeRouteServerPeers"",""DescribeRouteServers"",""DescribeRouteTables"",""DescribeScheduledInstanceAvailability"",""DescribeScheduledInstances"",""DescribeSecondaryInterfaces"",""DescribeSecondaryNetworks"",""DescribeSecondarySubnets"",""DescribeSecurityGroupReferences"",""DescribeSecurityGroupRules"",""DescribeSecurityGroupVpcAssociations"",""DescribeSecurityGroups"",""DescribeServiceLinkVirtualInterfaces"",""DescribeSnapshotAttribute"",""DescribeSnapshotTierStatus"",""DescribeSnapshots"",""DescribeSpotDatafeedSubscription"",""DescribeSpotFleetInstances"",""DescribeSpotFleetRequestHistory"",""DescribeSpotFleetRequests"",""DescribeSpotInstanceRequests"",""DescribeSpotPriceHistory"",""DescribeStaleSecurityGroups"",""DescribeStoreImageTasks"",""DescribeSubnets"",""DescribeTags"",""DescribeTrafficMirrorFilterRules"",""DescribeTrafficMirrorFilters"",""DescribeTrafficMirrorSessions"",""DescribeTrafficMirrorTargets"",""DescribeTransitGatewayAttachments"",""DescribeTransitGatewayConnectPeers"",""DescribeTransitGatewayConnects"",""DescribeTransitGatewayMeteringPolicies"",""DescribeTransitGatewayMulticastDomains"",""DescribeTransitGatewayPeeringAttachments"",""DescribeTransitGatewayPolicyTables"",""DescribeTransitGatewayRouteTableAnnouncements"",""DescribeTransitGatewayRouteTables"",""DescribeTransitGatewayVpcAttachments"",""DescribeTransitGateways"",""DescribeTrunkInterfaceAssociations"",""DescribeVerifiedAccessEndpoints"",""DescribeVerifiedAccessGroups"",""DescribeVerifiedAccessInstanceLoggingConfigurations"",""DescribeVerifiedAccessInstanceWebAclAssociations"",""DescribeVerifiedAccessInstances"",""DescribeVerifiedAccessTrustProviders"",""DescribeVolumeAttribute"",""DescribeVolumeStatus"",""DescribeVolumes"",""DescribeVolumesModifications"",""DescribeVpcAttribute"",""DescribeVpcBlockPublicAccessExclusions"",""DescribeVpcBlockPublicAccessOptions"",""DescribeVpcClassicLink"",""DescribeVpcClassicLinkDnsSupport"",""DescribeVpcEncryptionControls"",""DescribeVpcEndpointAssociations"",""DescribeVpcEndpointConnectionNotifications"",""DescribeVpcEndpointConnections"",""DescribeVpcEndpointServiceConfigurations"",""DescribeVpcEndpointServicePermissions"",""DescribeVpcEndpointServices"",""DescribeVpcEndpoints"",""DescribeVpcPeeringConnections"",""DescribeVpcs"",""DescribeVpnConcentrators"",""DescribeVpnConnections"",""DescribeVpnGateways"",""DetachApplianceFromNatGateway"",""DetachClassicLinkVpc"",""DetachImageWatermark"",""DetachInternetGateway"",""DetachNetworkInterface"",""DetachResourcesFromPlacementGroup"",""DetachVerifiedAccessTrustProvider"",""DetachVolume"",""DetachVpnGateway"",""DisableAddressTransfer"",""DisableAllowedImagesSettings"",""DisableApplicationStatusCheckSuppression"",""DisableAwsNetworkPerformanceMetricSubscription"",""DisableCapacityManager"",""DisableEbsEncryptionByDefault"",""DisableFastLaunch"",""DisableFastSnapshotRestores"",""DisableImage"",""DisableImageBlockPublicAccess"",""DisableImageDeprecation"",""DisableImageDeregistrationProtection"",""DisableInstanceSqlHaStandbyDetections"",""DisableIpamOrganizationAdminAccount"",""DisableIpamPolicy"",""DisableRouteServerPropagation"",""DisableSerialConsoleAccess"",""DisableSnapshotBlockPublicAccess"",""DisableTransitGatewayRouteTablePropagation"",""DisableVgwRoutePropagation"",""DisableVpcClassicLink"",""DisableVpcClassicLinkDnsSupport"",""DisassociateAddress"",""DisassociateApplicationStatusCheck"",""DisassociateCapacityReservationBillingOwner"",""DisassociateClientVpnTargetNetwork"",""DisassociateEnclaveCertificateIamRole"",""DisassociateIamInstanceProfile"",""DisassociateInstanceEventWindow"",""DisassociateIpamByoasn"",""DisassociateIpamResourceDiscovery"",""DisassociateNatGatewayAddress"",""DisassociateRouteServer"",""DisassociateRouteTable"",""DisassociateSecurityGroupVpc"",""DisassociateSubnetCidrBlock"",""DisassociateTransitGatewayMulticastDomain"",""DisassociateTransitGatewayPolicyTable"",""DisassociateTransitGatewayRouteTable"",""DisassociateTrunkInterface"",""DisassociateVerifiedAccessInstanceWebAcl"",""DisassociateVpcCidrBlock"",""EnableAddressTransfer"",""EnableAllowedImagesSettings"",""EnableApplicationStatusCheckSuppression"",""EnableAwsNetworkPerformanceMetricSubscription"",""EnableCapacityManager"",""EnableEbsEncryptionByDefault"",""EnableFastLaunch"",""EnableFastSnapshotRestores"",""EnableImage"",""EnableImageBlockPublicAccess"",""EnableImageDeprecation"",""EnableImageDeregistrationProtection"",""EnableInstanceSqlHaStandbyDetections"",""EnableIpamInternetRegistryAssociation"",""EnableIpamOrganizationAdminAccount"",""EnableIpamPolicy"",""EnableReachabilityAnalyzerOrganizationSharing"",""EnableRouteServerPropagation"",""EnableSerialConsoleAccess"",""EnableSnapshotBlockPublicAccess"",""EnableTransitGatewayRouteTablePropagation"",""EnableVgwRoutePropagation"",""EnableVolumeIO"",""EnableVpcClassicLink"",""EnableVpcClassicLinkDnsSupport"",""ExportClientVpnClientCertificateRevocationList"",""ExportClientVpnClientConfiguration"",""ExportImage"",""ExportTransitGatewayRoutes"",""ExportVerifiedAccessInstanceClientConfiguration"",""GetActiveVpnTunnelStatus"",""GetAllowedImagesSettings"",""GetAssociatedEnclaveCertificateIamRoles"",""GetAssociatedIpv6PoolCidrs"",""GetAwsNetworkPerformanceData"",""GetCapacityManagerAttributes"",""GetCapacityManagerMetricData"",""GetCapacityManagerMetricDimensions"",""GetCapacityManagerMonitoredTagKeys"",""GetCapacityReservationUsage"",""GetCoipPoolUsage"",""GetConsoleOutput"",""GetConsoleScreenshot"",""GetDeclarativePoliciesReportSummary"",""GetDefaultCreditSpecification"",""GetEbsDefaultKmsKeyId"",""GetEbsEncryptionByDefault"",""GetEnabledIpamPolicy"",""GetFlowLogsIntegrationTemplate"",""GetGroupsForCapacityReservation"",""GetHostReservationPurchasePreview"",""GetImageAncestry"",""GetImageBlockPublicAccessState"",""GetInstanceMetadataDefaults"",""GetInstanceTpmEkPub"",""GetInstanceTypesFromInstanceRequirements"",""GetInstanceUefiData"",""GetIpamAddressHistory"",""GetIpamDiscoveredAccounts"",""GetIpamDiscoveredPublicAddresses"",""GetIpamDiscoveredResourceCidrs"",""GetIpamDiscoveredRoutes"",""GetIpamInternetRegistryAssociationAsns"",""GetIpamInternetRegistryAssociationCidrs"",""GetIpamPolicyAllocationRules"",""GetIpamPolicyOrganizationTargets"",""GetIpamPoolAllocations"",""GetIpamPoolCidrs"",""GetIpamPrefixListResolverRules"",""GetIpamPrefixListResolverVersionEntries"",""GetIpamPrefixListResolverVersions"",""GetIpamResourceCidrs"",""GetIpamRouteOriginAuthorizations"",""GetIpamRouteProtectionFindings"",""GetIpamRoutingPolicyRegistrationDeltas"",""GetIpamRoutingPolicyRegistrations"",""GetLaunchTemplateData"",""GetManagedPrefixListAssociations"",""GetManagedPrefixListEntries"",""GetManagedResourceVisibility"",""GetNetworkInsightsAccessScopeAnalysisFindings"",""GetNetworkInsightsAccessScopeContent"",""GetPasswordData"",""GetReservedInstancesExchangeQuote"",""GetResourcePolicy"",""GetRouteServerAssociations"",""GetRouteServerPropagations"",""GetRouteServerRoutingDatabase"",""GetSecurityGroupsForVpc"",""GetSerialConsoleAccessStatus"",""GetSnapshotBlockPublicAccessState"",""GetSpotPlacementScores"",""GetSubnetCidrReservations"",""GetTransitGatewayAttachmentPropagations"",""GetTransitGatewayMeteringPolicyEntries"",""GetTransitGatewayMulticastDomainAssociations"",""GetTransitGatewayPolicyTableAssociations"",""GetTransitGatewayPolicyTableEntries"",""GetTransitGatewayPrefixListReferences"",""GetTransitGatewayRouteTableAssociations"",""GetTransitGatewayRouteTablePropagations"",""GetVerifiedAccessEndpointPolicy"",""GetVerifiedAccessEndpointTargets"",""GetVerifiedAccessGroupPolicy"",""GetVerifiedAccessInstanceWebAcl"",""GetVpcResourcesBlockingEncryptionEnforcement"",""GetVpnConnectionDeviceSampleConfiguration"",""GetVpnConnectionDeviceTypes"",""GetVpnTunnelReplacementStatus"",""ImportByoipCidrToIpam"",""ImportClientVpnClientCertificateRevocationList"",""ImportImage"",""ImportInstance"",""ImportKeyPair"",""ImportSnapshot"",""ImportVolume"",""InjectApiError"",""InjectVolumeIOLatency"",""ListImagesInRecycleBin"",""ListSnapshotsInRecycleBin"",""ListVolumesInRecycleBin"",""LockSnapshot"",""ModifyAccountVpcEncryptionControl"",""ModifyAddressAttribute"",""ModifyApplicationStatusCheck"",""ModifyAvailabilityZoneGroup"",""ModifyCapacityReservation"",""ModifyCapacityReservationFleet"",""ModifyClientVpnEndpoint"",""ModifyDefaultCreditSpecification"",""ModifyEbsDefaultKmsKeyId"",""ModifyFleet"",""ModifyFpgaImageAttribute"",""ModifyHosts"",""ModifyIdFormat"",""ModifyIdentityIdFormat"",""ModifyImageAttribute"",""ModifyInstanceAttribute"",""ModifyInstanceCapacityReservationAttributes"",""ModifyInstanceConnectEndpoint"",""ModifyInstanceCpuOptions"",""ModifyInstanceCreditSpecification"",""ModifyInstanceEventStartTime"",""ModifyInstanceEventWindow"",""ModifyInstanceMaintenanceOptions"",""ModifyInstanceMetadataDefaults"",""ModifyInstanceMetadataOptions"",""ModifyInstanceNetworkPerformanceOptions"",""ModifyInstancePlacement"",""ModifyIpam"",""ModifyIpamPolicyAllocationRules"",""ModifyIpamPool"",""ModifyIpamPoolAllocation"",""ModifyIpamPrefixListResolver"",""ModifyIpamPrefixListResolverTarget"",""ModifyIpamResourceCidr"",""ModifyIpamResourceDiscovery"",""ModifyIpamRoutingPolicyRegistration"",""ModifyIpamScope"",""ModifyLaunchTemplate"",""ModifyLocalGatewayRoute"",""ModifyManagedPrefixList"",""ModifyManagedResourceVisibility"",""ModifyNetworkInterfaceAttribute"",""ModifyOdbNetworkPeering"",""ModifyPrivateDnsNameOptions"",""ModifyPublicIpDnsNameOptions"",""ModifyReservedInstances"",""ModifyRouteServer"",""ModifySecurityGroupRules"",""ModifySnapshotAttribute"",""ModifySnapshotTier"",""ModifySpotFleetRequest"",""ModifySubnetAttribute"",""ModifyTrafficMirrorFilterNetworkServices"",""ModifyTrafficMirrorFilterRule"",""ModifyTrafficMirrorSession"",""ModifyTransitGateway"",""ModifyTransitGatewayMeteringPolicy"",""ModifyTransitGatewayPolicyTableEntry"",""ModifyTransitGatewayPrefixListReference"",""ModifyTransitGatewayVpcAttachment"",""ModifyVerifiedAccessEndpoint"",""ModifyVerifiedAccessEndpointPolicy"",""ModifyVerifiedAccessGroup"",""ModifyVerifiedAccessGroupPolicy"",""ModifyVerifiedAccessInstance"",""ModifyVerifiedAccessInstanceLoggingConfiguration"",""ModifyVerifiedAccessTrustProvider"",""ModifyVolume"",""ModifyVolumeAttribute"",""ModifyVpcAttribute"",""ModifyVpcBlockPublicAccessExclusion"",""ModifyVpcBlockPublicAccessOptions"",""ModifyVpcEncryptionControl"",""ModifyVpcEndpoint"",""ModifyVpcEndpointConnectionNotification"",""ModifyVpcEndpointPayerResponsibility"",""ModifyVpcEndpointServiceConfiguration"",""ModifyVpcEndpointServicePayerResponsibility"",""ModifyVpcEndpointServicePermissions"",""ModifyVpcPeeringConnectionOptions"",""ModifyVpcTenancy"",""ModifyVpnConnection"",""ModifyVpnConnectionOptions"",""ModifyVpnTunnelCertificate"",""ModifyVpnTunnelOptions"",""MonitorInstances"",""MoveAddressToVpc"",""MoveByoipCidrToIpam"",""MoveCapacityReservationInstances"",""PauseVolumeIO"",""ProvisionByoipCidr"",""ProvisionIpamByoasn"",""ProvisionIpamPoolCidr"",""ProvisionPublicIpv4PoolCidr"",""PurchaseCapacityBlock"",""PurchaseCapacityBlockExtension"",""PurchaseHostReservation"",""PurchaseReservedInstancesOffering"",""PurchaseScheduledInstances"",""PutResourcePolicy"",""RebootInstances"",""RegisterImage"",""RegisterInstanceEventNotificationAttributes"",""RegisterTransitGatewayMulticastGroupMembers"",""RegisterTransitGatewayMulticastGroupSources"",""RejectCapacityReservationBillingOwnership"",""RejectTransitGatewayClientVpnAttachment"",""RejectTransitGatewayMulticastDomainAssociations"",""RejectTransitGatewayPeeringAttachment"",""RejectTransitGatewayVpcAttachment"",""RejectVpcEndpointConnections"",""RejectVpcPeeringConnection"",""ReleaseAddress"",""ReleaseHosts"",""ReleaseIpamPoolAllocation"",""ReplaceIamInstanceProfileAssociation"",""ReplaceImageCriteriaInAllowedImagesSettings"",""ReplaceImageInstanceTypeSpecification"",""ReplaceNetworkAclAssociation"",""ReplaceNetworkAclEntry"",""ReplaceRoute"",""ReplaceRouteTableAssociation"",""ReplaceTransitGatewayRoute"",""ReplaceVpnTunnel"",""ReportInstanceStatus"",""RequestSpotFleet"",""RequestSpotInstances"",""ResetAddressAttribute"",""ResetEbsDefaultKmsKeyId"",""ResetFpgaImageAttribute"",""ResetImageAttribute"",""ResetInstanceAttribute"",""ResetNetworkInterfaceAttribute"",""ResetSnapshotAttribute"",""RestoreAddressToClassic"",""RestoreImageFromRecycleBin"",""RestoreManagedPrefixListVersion"",""RestoreSnapshotFromRecycleBin"",""RestoreSnapshotTier"",""RestoreVolumeFromRecycleBin"",""RevokeClientVpnIngress"",""RevokeSecurityGroupEgress"",""RevokeSecurityGroupIngress"",""RunInstances"",""RunScheduledInstances"",""SearchLocalGatewayRoutes"",""SearchTransitGatewayMulticastGroups"",""SearchTransitGatewayRoutes"",""SendDiagnosticInterrupt"",""SendSpotInstanceInterruptions"",""StartDeclarativePoliciesReport"",""StartInstances"",""StartNetworkInsightsAccessScopeAnalysis"",""StartNetworkInsightsAnalysis"",""StartVpcEndpointServicePrivateDnsVerification"",""StopInstances"",""TerminateClientVpnConnections"",""TerminateInstances"",""UnassignIpv6Addresses"",""UnassignPrivateIpAddresses"",""UnassignPrivateNatGatewayAddress"",""UnlockSnapshot"",""UnmonitorInstances"",""UpdateCapacityManagerMonitoredTagKeys"",""UpdateCapacityManagerOrganizationsAccess"",""UpdateInterruptibleCapacityReservationAllocation"",""UpdateSecurityGroupRuleDescriptionsEgress"",""UpdateSecurityGroupRuleDescriptionsIngress"",""ValidateSecurityGroupQuotasForInterface"",""WithdrawByoipCidr""]","arn:aws:ec2:${Region}:${Account}:${ResourceType}/${ResourcePath}","^arn:aws:ec2:.+","[""aws:RequestTag/${TagKey}"",""aws:ResourceTag/${TagKey}"",""aws:TagKeys"",""ec2:AccepterVpc"",""ec2:Add/group"",""ec2:Add/userId"",""ec2:AllocationId"",""ec2:AssociatePublicIpAddress"",""ec2:Attribute"",""ec2:Attribute/${AttributeName}"",""ec2:AuthenticationType"",""ec2:AuthorizedService"",""ec2:AuthorizedUser"",""ec2:AutoPlacement"",""ec2:AvailabilityZone"",""ec2:AvailabilityZoneId"",""ec2:BootModeOverride"",""ec2:CapacityReservationFleet"",""ec2:ClientRootCertificateChainArn"",""ec2:CloudwatchLogGroupArn"",""ec2:CloudwatchLogStreamArn"",""ec2:CommitmentDuration"",""ec2:CpuOptionsAmdSevSnp"",""ec2:CreateAction"",""ec2:CreateDate"",""ec2:DPDTimeoutSeconds"",""ec2:DestinationCapacityReservationId"",""ec2:DhcpOptionsID"",""ec2:DirectoryArn"",""ec2:Domain"",""ec2:EbsOptimized"",""ec2:ElasticGpuType"",""ec2:Encrypted"",""ec2:EndDate"",""ec2:EndDateType"",""ec2:EphemeralStorage"",""ec2:FisActionId"",""ec2:FisTargetArns"",""ec2:GatewayType"",""ec2:HostRecovery"",""ec2:IKEVersions"",""ec2:ImageID"",""ec2:ImageType"",""ec2:InsideTunnelCidr"",""ec2:InsideTunnelIpv6Cidr"",""ec2:InstanceAutoRecovery"",""ec2:InstanceBandwidthWeighting"",""ec2:InstanceCount"",""ec2:InstanceID"",""ec2:InstanceMarketType"",""ec2:InstanceMatchCriteria"",""ec2:InstanceMetadataTags"",""ec2:InstancePlatform"",""ec2:InstanceProfile"",""ec2:InstanceType"",""ec2:InternetGatewayID"",""ec2:InterruptibleCapacityReservationId"",""ec2:InterruptionType"",""ec2:IpamPrefixListResolverTargetId"",""ec2:Ipv4IpamPoolId"",""ec2:Ipv6IpamPoolId"",""ec2:IsInterruptible"",""ec2:IsLaunchTemplateResource"",""ec2:KeyPairName"",""ec2:KeyPairType"",""ec2:KmsKeyId"",""ec2:LaunchTemplate"",""ec2:Location"",""ec2:ManagedResourceOperator"",""ec2:MetadataHttpEndpoint"",""ec2:MetadataHttpPutResponseHopLimit"",""ec2:MetadataHttpTokens"",""ec2:NetworkAclID"",""ec2:NetworkInterfaceID"",""ec2:NewInstanceProfile"",""ec2:OutpostArn"",""ec2:Owner"",""ec2:ParentSnapshot"",""ec2:ParentVolume"",""ec2:Permission"",""ec2:Phase1DHGroup"",""ec2:Phase1EncryptionAlgorithms"",""ec2:Phase1IntegrityAlgorithms"",""ec2:Phase1LifetimeSeconds"",""ec2:Phase2DHGroup"",""ec2:Phase2EncryptionAlgorithms"",""ec2:Phase2IntegrityAlgorithms"",""ec2:Phase2LifetimeSeconds"",""ec2:PlacementGroup"",""ec2:PlacementGroupName"",""ec2:PlacementGroupStrategy"",""ec2:ProductCode"",""ec2:Public"",""ec2:PublicIpAddress"",""ec2:Quantity"",""ec2:Region"",""ec2:RekeyFuzzPercentage"",""ec2:RekeyMarginTimeSeconds"",""ec2:Remove/group"",""ec2:Remove/userId"",""ec2:ReplayWindowSizePackets"",""ec2:RequesterVpc"",""ec2:ReservedInstancesOfferingType"",""ec2:ResourceTag/${TagKey}"",""ec2:RoleDelivery"",""ec2:RootDeviceType"",""ec2:RouteTableID"",""ec2:RoutingType"",""ec2:SamlProviderArn"",""ec2:SecurityGroupID"",""ec2:ServerCertificateArn"",""ec2:SnapshotCoolOffPeriod"",""ec2:SnapshotID"",""ec2:SnapshotLockDuration"",""ec2:SnapshotTime"",""ec2:SourceAvailabilityZone"",""ec2:SourceCapacityReservationId"",""ec2:SourceInstanceARN"",""ec2:SourceOutpostArn"",""ec2:Subnet"",""ec2:SubnetID"",""ec2:TargetInstanceCount"",""ec2:Tenancy"",""ec2:VolumeID"",""ec2:VolumeInitializationRate"",""ec2:VolumeIops"",""ec2:VolumeSize"",""ec2:VolumeThroughput"",""ec2:VolumeType"",""ec2:Vpc"",""ec2:VpcID"",""ec2:VpcPeeringConnectionID"",""ec2:VpceMultiRegion"",""ec2:VpcePrivateDnsPreference"",""ec2:VpcePrivateDnsSpecifiedDomains"",""ec2:VpceServiceName"",""ec2:VpceServiceOwner"",""ec2:VpceServicePrivateDnsName"",""ec2:VpceServiceRegion"",""ec2:VpceSupportedRegion"",""ec2:transitGatewayAttachmentId"",""ec2:transitGatewayConnectPeerId"",""ec2:transitGatewayId"",""ec2:transitGatewayMeteringPolicyId"",""ec2:transitGatewayMulticastDomainId"",""ec2:transitGatewayPolicyTableId"",""ec2:transitGatewayRouteTableAnnouncementId"",""ec2:transitGatewayRouteTableId""]","True","https://docs.aws.amazon.com/service-authorization/latest/reference/list_ec2.html"
"autoscaling","Amazon EC2 Auto Scaling","[""AttachInstances"",""AttachLoadBalancerTargetGroups"",""AttachLoadBalancers"",""AttachTrafficSources"",""BatchDeleteScheduledAction"",""BatchPutScheduledUpdateGroupAction"",""CancelInstanceRefresh"",""CompleteLifecycleAction"",""CreateAutoScalingGroup"",""CreateLaunchConfiguration"",""CreateOrUpdateTags"",""DeleteAutoScalingGroup"",""DeleteLaunchConfiguration"",""DeleteLifecycleHook"",""DeleteNotificationConfiguration"",""DeletePolicy"",""DeleteScheduledAction"",""DeleteTags"",""DeleteWarmPool"",""DescribeAccountLimits"",""DescribeAccountSettings"",""DescribeAdjustmentTypes"",""DescribeAutoScalingGroups"",""DescribeAutoScalingInstances"",""DescribeAutoScalingNotificationTypes"",""DescribeInstanceRefreshes"",""DescribeLaunchConfigurations"",""DescribeLifecycleHookTypes"",""DescribeLifecycleHooks"",""DescribeLoadBalancerTargetGroups"",""DescribeLoadBalancers"",""DescribeMetricCollectionTypes"",""DescribeNotificationConfigurations"",""DescribePolicies"",""DescribeScalingActivities"",""DescribeScalingProcessTypes"",""DescribeScheduledActions"",""DescribeTags"",""DescribeTerminationPolicyTypes"",""DescribeTrafficSources"",""DescribeWarmPool"",""DetachInstances"",""DetachLoadBalancerTargetGroups"",""DetachLoadBalancers"",""DetachTrafficSources"",""DisableMetricsCollection"",""EnableMetricsCollection"",""EnterStandby"",""ExecutePolicy"",""ExitStandby"",""GetPredictiveScalingForecast"",""LaunchInstances"",""PutAccountSetting"",""PutLifecycleHook"",""PutNotificationConfiguration"",""PutScalingPolicy"",""PutScheduledUpdateGroupAction"",""PutWarmPool"",""RecordLifecycleActionHeartbeat"",""ResumeProcesses"",""RollbackInstanceRefresh"",""SetDesiredCapacity"",""SetInstanceHealth"",""SetInstanceProtection"",""StartInstanceRefresh"",""SuspendProcesses"",""TerminateInstanceInAutoScalingGroup"",""UpdateAutoScalingGroup""]","arn:aws:autoscaling:${Region}:${Account}:${RelativeId}","^arn:aws:autoscaling:.+:.+:.+","[""autoscaling:CapacityReservationIds"",""autoscaling:CapacityReservationResourceGroupArns"",""autoscaling:ForceDelete"",""autoscaling:ImageId"",""autoscaling:InstanceType"",""autoscaling:InstanceTypes"",""autoscaling:LaunchConfigurationName"",""autoscaling:LaunchTemplateVersionSpecified"",""autoscaling:LoadBalancerNames"",""autoscaling:MaxSize"",""autoscaling:MetadataHttpEndpoint"",""autoscaling:MetadataHttpPutResponseHopLimit"",""autoscaling:MetadataHttpTokens"",""autoscaling:MinSize"",""autoscaling:OperatorPrincipal"",""autoscaling:ResourceTag/${TagKey}"",""autoscaling:SpotPrice"",""autoscaling:TargetCapacityTypes"",""autoscaling:TargetGroupARNs"",""autoscaling:TrafficSourceIdentifiers"",""autoscaling:VPCZoneIdentifiers"",""aws:RequestTag/${TagKey}"",""aws:ResourceTag/${TagKey}"",""aws:TagKeys""]","True","https://docs.aws.amazon.com/service-authorization/latest/reference/list_autoscaling.html"
"imagebuilder","Amazon EC2 Image Builder","[""CancelImageCreation"",""CancelLifecycleExecution"",""CreateComponent"",""CreateContainerRecipe"",""CreateDistributionConfiguration"",""CreateImage"",""CreateImagePipeline"",""CreateImageRecipe"",""CreateInfrastructureConfiguration"",""CreateLifecyclePolicy"",""CreateWorkflow"",""DeleteComponent"",""DeleteContainerRecipe"",""DeleteDistributionConfiguration"",""DeleteImage"",""DeleteImagePipeline"",""DeleteImageRecipe"",""DeleteInfrastructureConfiguration"",""DeleteLifecyclePolicy"",""DeleteWorkflow"",""DistributeImage"",""GetComponent"",""GetComponentPolicy"",""GetContainerRecipe"",""GetContainerRecipePolicy"",""GetDistributionConfiguration"",""GetImage"",""GetImagePipeline"",""GetImagePolicy"",""GetImageRecipe"",""GetImageRecipePolicy"",""GetInfrastructureConfiguration"",""GetLifecycleExecution"",""GetLifecyclePolicy"",""GetMarketplaceResource"",""GetWorkflow"",""GetWorkflowExecution"",""GetWorkflowStepExecution"",""ImportComponent"",""ImportDiskImage"",""ImportVmImage"",""ListComponentBuildVersions"",""ListComponents"",""ListContainerRecipes"",""ListDistributionConfigurations"",""ListImageBuildVersions"",""ListImagePackages"",""ListImagePipelineImages"",""ListImagePipelines"",""ListImageRecipes"",""ListImageScanFindingAggregations"",""ListImageScanFindings"",""ListImages"",""ListInfrastructureConfigurations"",""ListLifecycleExecutionResources"",""ListLifecycleExecutions"",""ListLifecyclePolicies"",""ListTagsForResource"",""ListWaitingWorkflowSteps"",""ListWorkflowBuildVersions"",""ListWorkflowExecutions"",""ListWorkflowStepExecutions"",""ListWorkflows"",""PutComponentPolicy"",""PutContainerRecipePolicy"",""PutImagePolicy"",""PutImageRecipePolicy"",""RetryImage"",""SendWorkflowStepAction"",""StartImagePipelineExecution"",""StartResourceStateUpdate"",""TagResource"",""UntagResource"",""UpdateDistributionConfiguration"",""UpdateImagePipeline"",""UpdateInfrastructureConfiguration"",""UpdateLifecyclePolicy""]","arn:aws:imagebuilder:${Region}:${Account}:${ResourceType}/${ResourceName}","^arn:aws:imagebuilder:.+:.+:.+","[""aws:RequestTag/${TagKey}"",""aws:ResourceTag/${TagKey}"",""aws:TagKeys"",""imagebuilder:CreatedResourceTag/${TagKey}"",""imagebuilder:CreatedResourceTagKeys"",""imagebuilder:Ec2MetadataHttpTokens"",""imagebuilder:LifecyclePolicyResourceType"",""imagebuilder:StatusTopicArn""]","True","https://docs.aws.amazon.com/service-authorization/latest/reference/list_imagebuilder.html"
"ec2-instance-connect","Amazon EC2 Instance Connect","[""OpenTunnel"",""SendSSHPublicKey"",""SendSerialConsoleSSHPublicKey""]","arn:aws:ec2:${Region}:${Account}:${ResourceType}/${ResourcePath}","^arn:aws:ec2:.+","[""aws:ResourceTag/${TagKey}"",""ec2-instance-connect:maxTunnelDuration"",""ec2-instance-connect:privateIpAddress"",""ec2-instance-connect:remotePort"",""ec2:ResourceTag/${TagKey}"",""ec2:osuser""]","True","https://docs.aws.amazon.com/service-authorization/latest/reference/list_ec2-instance-connect.html"
"ecs-mcp","Amazon ECS MCP Service","[""InvokeReadOnlyTools"",""UseMcp""]","","","null","False","https://docs.aws.amazon.com/service-authorization/latest/reference/list_ecs-mcp.html"
"eks-auth","Amazon EKS Auth","""AssumeRoleForPodIdentity""","arn:aws:eks:${Region}:${Account}:${ResourceType}/${RelativeId}","^arn:aws:eks:.+","""aws:ResourceTag/${TagKey}""","True","https://docs.aws.amazon.com/service-authorization/latest/reference/list_eks-auth.html"
"eks-mcp","Amazon EKS MCP Server","[""CallPrivilegedTool"",""CallReadOnlyTool"",""InvokeMcp""]","arn:${Partition}:eks-mcp:${Region}:${Account}:${ResourceType}/${ResourcePath}","^arn:${Partition}:eks:.","null","False","https://docs.aws.amazon.com/service-authorization/latest/reference/list_eks-mcp.html"
"ebs","Amazon Elastic Block Store","[""CompleteSnapshot"",""GetSnapshotBlock"",""ListChangedBlocks"",""ListSnapshotBlocks"",""PutSnapshotBlock"",""StartSnapshot""]","arn:aws:ebs:${Region}:${Account}:${ResourceType}/${ResourcePath}","^arn:aws:ebs:.+","[""aws:RequestTag/${TagKey}"",""aws:ResourceTag/${TagKey}"",""aws:TagKeys"",""ebs:Description"",""ebs:ParentSnapshot"",""ebs:VolumeSize""]","True","https://docs.aws.amazon.com/service-authorization/latest/reference/list_ebs.html"
"ecr","Amazon Elastic Container Registry","[""BatchCheckLayerAvailability"",""BatchDeleteImage"",""BatchGetImage"",""BatchGetRepositoryScanningConfiguration"",""BatchImportUpstreamImage"",""CompleteLayerUpload"",""CreatePullThroughCacheRule"",""CreateRepository"",""CreateRepositoryCreationTemplate"",""DeleteLifecyclePolicy"",""DeletePullThroughCacheRule"",""DeleteRegistryPolicy"",""DeleteRepository"",""DeleteRepositoryCreationTemplate"",""DeleteRepositoryPolicy"",""DeleteSigningConfiguration"",""DeregisterPullTimeUpdateExclusion"",""DescribeImageReplicationStatus"",""DescribeImageScanFindings"",""DescribeImageSigningStatus"",""DescribeImages"",""DescribePullThroughCacheRules"",""DescribeRegistry"",""DescribeRepositories"",""DescribeRepositoryCreationTemplates"",""GetAccountSetting"",""GetAuthorizationToken"",""GetDownloadUrlForLayer"",""GetImageCopyStatus"",""GetLifecyclePolicy"",""GetLifecyclePolicyPreview"",""GetRegistryPolicy"",""GetRegistryScanningConfiguration"",""GetRepositoryPolicy"",""GetSigningConfiguration"",""InitiateLayerUpload"",""ListImages"",""ListPullTimeUpdateExclusions"",""ListTagsForResource"",""PutAccountSetting"",""PutImage"",""PutImageScanningConfiguration"",""PutImageTagMutability"",""PutLifecyclePolicy"",""PutRegistryPolicy"",""PutRegistryScanningConfiguration"",""PutReplicationConfiguration"",""PutSigningConfiguration"",""RegisterPullTimeUpdateExclusion"",""ReplicateImage"",""SetRepositoryPolicy"",""StartImageScan"",""StartLifecyclePolicyPreview"",""TagResource"",""UntagResource"",""UpdateImageStorageClass"",""UpdatePullThroughCacheRule"",""UpdateRepositoryCreationTemplate"",""UploadLayerPart"",""ValidatePullThroughCacheRule""]","arn:aws:ecr:${Region}:${Account}:repository/${RepositoryName}","^arn:aws:ecr:.+","[""aws:RequestTag/${TagKey}"",""aws:ResourceTag/${TagKey}"",""aws:TagKeys"",""ecr:AccountSetting"",""ecr:ResourceTag/${TagKey}""]","True","https://docs.aws.amazon.com/service-authorization/latest/reference/list_ecr.html"
"ecr-public","Amazon Elastic Container Registry Public","[""BatchCheckLayerAvailability"",""BatchDeleteImage"",""CompleteLayerUpload"",""CreateRepository"",""DeleteRepository"",""DeleteRepositoryPolicy"",""DescribeImageTags"",""DescribeImages"",""DescribeRegistries"",""DescribeRepositories"",""GetAuthorizationToken"",""GetRegistryCatalogData"",""GetRepositoryCatalogData"",""GetRepositoryPolicy"",""InitiateLayerUpload"",""ListTagsForResource"",""PutImage"",""PutRegistryCatalogData"",""PutRepositoryCatalogData"",""SetRepositoryPolicy"",""TagResource"",""UntagResource"",""UploadLayerPart""]","arn:aws:ecr-public::${Account}:${RepositoryOrRegistry}/${RepositoryNameOrAccountId}","^arn:aws:ecr-public::.+","[""aws:RequestTag/${TagKey}"",""aws:ResourceTag/${TagKey}"",""aws:TagKeys"",""ecr-public:ResourceTag/${TagKey}""]","True","https://docs.aws.amazon.com/service-authorization/latest/reference/list_ecr-public.html"
"ecs","Amazon Elastic Container Service","[""AllowVendedLogDeliveryForResource"",""ContinueServiceDeployment"",""CreateCapacityProvider"",""CreateCluster"",""CreateDaemon"",""CreateExpressGatewayService"",""CreateService"",""CreateTaskSet"",""DeleteAccountSetting"",""DeleteAttributes"",""DeleteCapacityProvider"",""DeleteCluster"",""DeleteDaemon"",""DeleteDaemonTaskDefinition"",""DeleteExpressGatewayService"",""DeleteService"",""DeleteTaskDefinitions"",""DeleteTaskSet"",""DeregisterContainerInstance"",""DeregisterTaskDefinition"",""DescribeCapacityProviders"",""DescribeClusters"",""DescribeContainerInstances"",""DescribeDaemon"",""DescribeDaemonDeployments"",""DescribeDaemonRevisions"",""DescribeDaemonTaskDefinition"",""DescribeExpressGatewayService"",""DescribeServiceDeployments"",""DescribeServiceRevisions"",""DescribeServices"",""DescribeTaskDefinition"",""DescribeTaskSets"",""DescribeTasks"",""DiscoverPollEndpoint"",""ExecuteCommand"",""GetTaskProtection"",""ListAccountSettings"",""ListAttributes"",""ListClusters"",""ListContainerInstances"",""ListDaemonDeployments"",""ListDaemonTaskDefinitions"",""ListDaemons"",""ListServiceDeployments"",""ListServices"",""ListServicesByNamespace"",""ListTagsForResource"",""ListTaskDefinitionFamilies"",""ListTaskDefinitions"",""ListTasks"",""Poll"",""PutAccountSetting"",""PutAccountSettingDefault"",""PutAttributes"",""PutClusterCapacityProviders"",""PutSystemLogEvents"",""RegisterContainerInstance"",""RegisterDaemonTaskDefinition"",""RegisterTaskDefinition"",""RunTask"",""StartTask"",""StartTelemetrySession"",""StopServiceDeployment"",""StopTask"",""SubmitAttachmentStateChanges"",""SubmitContainerStateChange"",""SubmitTaskStateChange"",""TagResource"",""UntagResource"",""UpdateCapacityProvider"",""UpdateCluster"",""UpdateClusterSettings"",""UpdateContainerAgent"",""UpdateContainerInstancesState"",""UpdateDaemon"",""UpdateExpressGatewayService"",""UpdateService"",""UpdateServicePrimaryTaskSet"",""UpdateTaskProtection"",""UpdateTaskSet""]","arn:aws:ecs:${Region}:${Account}:${ResourceType}/${ResourcePath}","^arn:aws:ecs:.+:.+:.+","[""aws:RequestTag/${TagKey}"",""aws:ResourceTag/${TagKey}"",""aws:TagKeys"",""ecs:CreateAction"",""ecs:ResourceTag/${TagKey}"",""ecs:account-setting"",""ecs:auto-assign-public-ip"",""ecs:capacity-provider"",""ecs:cluster"",""ecs:compute-compatibility"",""ecs:container-instances"",""ecs:container-name"",""ecs:daemon"",""ecs:daemon-task-definition"",""ecs:enable-ebs-volumes"",""ecs:enable-ecs-managed-tags"",""ecs:enable-execute-command"",""ecs:enable-service-connect"",""ecs:enable-vpc-lattice"",""ecs:fargate-ephemeral-storage-kms-key"",""ecs:gateway"",""ecs:instance-metadata-tags-propagation"",""ecs:namespace"",""ecs:privileged"",""ecs:propagate-tags"",""ecs:service"",""ecs:subnet"",""ecs:task"",""ecs:task-cpu"",""ecs:task-definition"",""ecs:task-memory""]","True","https://docs.aws.amazon.com/service-authorization/latest/reference/list_ecs.html"
"elasticfilesystem","Amazon Elastic File System","[""Backup"",""ClientMount"",""ClientRootAccess"",""ClientWrite"",""CreateAccessPoint"",""CreateFileSystem"",""CreateMountTarget"",""CreateReplicationConfiguration"",""CreateTags"",""DeleteAccessPoint"",""DeleteFileSystem"",""DeleteFileSystemPolicy"",""DeleteMountTarget"",""DeleteReplicationConfiguration"",""DeleteTags"",""DescribeAccessPoints"",""DescribeAccountPreferences"",""DescribeBackupPolicy"",""DescribeFileSystemPolicy"",""DescribeFileSystems"",""DescribeLifecycleConfiguration"",""DescribeMountTargetSecurityGroups"",""DescribeMountTargets"",""DescribeReplicationConfigurations"",""DescribeTags"",""ListTagsForResource"",""ModifyMountTargetSecurityGroups"",""PutAccountPreferences"",""PutBackupPolicy"",""PutFileSystemPolicy"",""PutLifecycleConfiguration"",""ReplicationRead"",""ReplicationWrite"",""Restore"",""TagResource"",""UntagResource"",""UpdateFileSystem"",""UpdateFileSystemProtection""]","arn:aws:elasticfilesystem:${Region}:${Account}:${ResourceType}/${ResourcePath}","^arn:aws:elasticfilesystem:.+","[""aws:RequestTag/${TagKey}"",""aws:ResourceTag/${TagKey}"",""aws:TagKeys"",""elasticfilesystem:AccessPointArn"",""elasticfilesystem:AccessedViaMountTarget"",""elasticfilesystem:CreateAction"",""elasticfilesystem:Encrypted""]","True","https://docs.aws.amazon.com/service-authorization/latest/reference/list_efs.html"
"eks","Amazon Elastic Kubernetes Service","[""AccessKubernetesApi"",""ActivateCertificateAuthority"",""AssociateAccessPolicy"",""AssociateEncryptionConfig"",""AssociateIdentityProviderConfig"",""CancelUpdate"",""CreateAccessEntry"",""CreateAddon"",""CreateCapability"",""CreateCertificateAuthority"",""CreateCluster"",""CreateEksAnywhereSubscription"",""CreateFargateProfile"",""CreateNodegroup"",""CreatePodIdentityAssociation"",""DeleteAccessEntry"",""DeleteAddon"",""DeleteCapability"",""DeleteCertificateAuthority"",""DeleteCluster"",""DeleteEksAnywhereSubscription"",""DeleteFargateProfile"",""DeleteNodegroup"",""DeletePodIdentityAssociation"",""DeregisterCluster"",""DescribeAccessEntry"",""DescribeAddon"",""DescribeAddonConfiguration"",""DescribeAddonVersions"",""DescribeCapability"",""DescribeCertificateAuthority"",""DescribeCluster"",""DescribeClusterVersions"",""DescribeEksAnywhereSubscription"",""DescribeFargateProfile"",""DescribeIdentityProviderConfig"",""DescribeInsight"",""DescribeInsightsRefresh"",""DescribeNodegroup"",""DescribePodIdentityAssociation"",""DescribeUpdate"",""DisassociateAccessPolicy"",""DisassociateIdentityProviderConfig"",""ListAccessEntries"",""ListAccessPolicies"",""ListAddons"",""ListAssociatedAccessPolicies"",""ListCapabilities"",""ListCertificateAuthorities"",""ListClusters"",""ListDashboardData"",""ListDashboardResources"",""ListEksAnywhereSubscriptions"",""ListFargateProfiles"",""ListIdentityProviderConfigs"",""ListInsights"",""ListNodegroups"",""ListPodIdentityAssociations"",""ListTagsForResource"",""ListUpdates"",""MutateViaKubernetesApi"",""RegisterCluster"",""StartInsightsRefresh"",""TagResource"",""UntagResource"",""UpdateAccessEntry"",""UpdateAddon"",""UpdateCapability"",""UpdateClusterConfig"",""UpdateClusterVersion"",""UpdateEksAnywhereSubscription"",""UpdateNodegroupConfig"",""UpdateNodegroupVersion"",""UpdatePodIdentityAssociation""]","arn:aws:eks:${Region}:${Account}:${ResourceType}/${RelativeId}","^arn:aws:eks:.+","[""aws:RequestTag/${TagKey}"",""aws:ResourceTag/${TagKey}"",""aws:TagKeys"",""eks:accessEntryType"",""eks:accessScope"",""eks:authenticationMode"",""eks:blockStorageEnabled"",""eks:bootstrapClusterCreatorAdminPermissions"",""eks:bootstrapSelfManagedAddons"",""eks:clientId"",""eks:clusterName"",""eks:computeConfigEnabled"",""eks:controlPlaneEgressMode"",""eks:controlPlaneScalingTier"",""eks:deletionProtection"",""eks:elasticLoadBalancingEnabled"",""eks:encryptionConfigProviderKeyArns"",""eks:endpointPrivateAccess"",""eks:endpointPublicAccess"",""eks:issuerUrl"",""eks:kubeApiServerConfig"",""eks:kubeControllerManagerConfig"",""eks:kubeSchedulerConfig"",""eks:kubernetesGroups"",""eks:kubernetesVersion"",""eks:loggingType/${type}"",""eks:namespaces"",""eks:policyArn"",""eks:principalArn"",""eks:supportType"",""eks:username"",""eks:zonalShiftEnabled""]","True","https://docs.aws.amazon.com/service-authorization/latest/reference/list_eks.html"
"elasticmapreduce","Amazon Elastic MapReduce","[""AccessAllEventLogs"",""AddInstanceFleet"",""AddInstanceGroups"",""AddJobFlowSteps"",""AddTags"",""AttachEditor"",""CancelSteps"",""CreateEditor"",""CreatePersistentAppUI"",""CreateRepository"",""CreateSecurityConfiguration"",""CreateStudio"",""CreateStudioPresignedUrl"",""CreateStudioSessionMapping"",""DeleteEditor"",""DeleteRepository"",""DeleteSecurityConfiguration"",""DeleteStudio"",""DeleteStudioSessionMapping"",""DeleteWorkspaceAccess"",""DescribeCluster"",""DescribeEditor"",""DescribeJobFlows"",""DescribeNotebookExecution"",""DescribePersistentAppUI"",""DescribeReleaseLabel"",""DescribeRepository"",""DescribeSecurityConfiguration"",""DescribeStep"",""DescribeStudio"",""DetachEditor"",""GetAutoTerminationPolicy"",""GetBlockPublicAccessConfiguration"",""GetClusterSessionCredentials"",""GetManagedScalingPolicy"",""GetOnClusterAppUIPresignedURL"",""GetPersistentAppUIPresignedURL"",""GetSession"",""GetSessionEndpoint"",""GetStudioSessionMapping"",""LinkRepository"",""ListBootstrapActions"",""ListClusters"",""ListEditors"",""ListInstanceFleets"",""ListInstanceGroups"",""ListInstances"",""ListNotebookExecutions"",""ListReleaseLabels"",""ListRepositories"",""ListSecurityConfigurations"",""ListSessions"",""ListSteps"",""ListStudioSessionMappings"",""ListStudios"",""ListSupportedInstanceTypes"",""ListWorkspaceAccessIdentities"",""ModifyCluster"",""ModifyInstanceFleet"",""ModifyInstanceGroups"",""OpenEditorInConsole"",""PutAutoScalingPolicy"",""PutAutoTerminationPolicy"",""PutBlockPublicAccessConfiguration"",""PutManagedScalingPolicy"",""PutWorkspaceAccess"",""RemoveAutoScalingPolicy"",""RemoveAutoTerminationPolicy"",""RemoveManagedScalingPolicy"",""RemoveTags"",""RunJobFlow"",""SetKeepJobFlowAliveWhenNoSteps"",""SetTerminationProtection"",""SetUnhealthyNodeReplacement"",""SetVisibleToAllUsers"",""StartEditor"",""StartNotebookExecution"",""StartSession"",""StopEditor"",""StopNotebookExecution"",""TerminateJobFlows"",""TerminateSession"",""UnlinkRepository"",""UpdateEditor"",""UpdateRepository"",""UpdateStudio"",""UpdateStudioSessionMapping"",""ViewEventsFromAllClustersInConsole""]","arn:aws:elasticmapreduce:${Region}:${Account}:${ResourceType}/${ResourceId}","^arn:aws:elasticmapreduce:.+","[""aws:RequestTag/${TagKey}"",""aws:ResourceTag/${TagKey}"",""aws:TagKeys"",""elasticmapreduce:ExecutionRoleArn"",""elasticmapreduce:RequestTag/${TagKey}"",""elasticmapreduce:ResourceTag/${TagKey}""]","True","https://docs.aws.amazon.com/service-authorization/latest/reference/list_emr.html"
"elastictranscoder","Amazon Elastic Transcoder","[""CancelJob"",""CreateJob"",""CreatePipeline"",""CreatePreset"",""DeletePipeline"",""DeletePreset"",""ListJobsByPipeline"",""ListJobsByStatus"",""ListPipelines"",""ListPresets"",""ReadJob"",""ReadPipeline"",""ReadPreset"",""TestRole"",""UpdatePipeline"",""UpdatePipelineNotifications"",""UpdatePipelineStatus""]","arn:aws:elastictranscoder:${Region}:${Account}:${ResourceType}/${ResourceId}","^arn:aws:elastictranscoder:.+","null","True","https://docs.aws.amazon.com/service-authorization/latest/reference/list_elastictranscoder.html"
"evs","Amazon Elastic VMware Service","[""AssociateEipToVlan"",""CreateEntitlement"",""CreateEnvironment"",""CreateEnvironmentConnector"",""CreateEnvironmentHost"",""DeleteEntitlement"",""DeleteEnvironment"",""DeleteEnvironmentConnector"",""DeleteEnvironmentHost"",""DisassociateEipFromVlan"",""GetAccountSettings"",""GetDepotUrl"",""GetEnvironment"",""GetVersions"",""ListEnvironmentConnectors"",""ListEnvironmentHosts"",""ListEnvironmentVlans"",""ListEnvironments"",""ListTagsForResource"",""ListVmEntitlements"",""PutAccountSettings"",""TagResource"",""UntagResource"",""UpdateEnvironmentConnector""]","arn:aws:evs:${Region}:${Account}:${ResourceType}/${ResourcePath}","^arn:aws:evs:.+:.+:.+","[""aws:RequestTag/${TagKey}"",""aws:ResourceTag/${TagKey}"",""aws:TagKeys""]","True","https://docs.aws.amazon.com/service-authorization/latest/reference/list_evs.html"
"elasticache","Amazon ElastiCache","[""AddTagsToResource"",""AuthorizeCacheSecurityGroupIngress"",""BatchApplyUpdateAction"",""BatchStopUpdateAction"",""CompleteMigration"",""Connect"",""CopyServerlessCacheSnapshot"",""CopySnapshot"",""CreateCacheCluster"",""CreateCacheParameterGroup"",""CreateCacheSecurityGroup"",""CreateCacheSubnetGroup"",""CreateGlobalReplicationGroup"",""CreateReplicationGroup"",""CreateServerlessCache"",""CreateServerlessCacheSnapshot"",""CreateSnapshot"",""CreateUser"",""CreateUserGroup"",""DecreaseNodeGroupsInGlobalReplicationGroup"",""DecreaseReplicaCount"",""DeleteCacheCluster"",""DeleteCacheParameterGroup"",""DeleteCacheSecurityGroup"",""DeleteCacheSubnetGroup"",""DeleteGlobalReplicationGroup"",""DeleteReplicationGroup"",""DeleteServerlessCache"",""DeleteServerlessCacheSnapshot"",""DeleteSnapshot"",""DeleteUser"",""DeleteUserGroup"",""DescribeCacheClusters"",""DescribeCacheEngineVersions"",""DescribeCacheParameterGroups"",""DescribeCacheParameters"",""DescribeCacheSecurityGroups"",""DescribeCacheSubnetGroups"",""DescribeEngineDefaultParameters"",""DescribeEvents"",""DescribeGlobalReplicationGroups"",""DescribeReplicationGroups"",""DescribeReservedCacheNodes"",""DescribeReservedCacheNodesOfferings"",""DescribeServerlessCacheSnapshots"",""DescribeServerlessCaches"",""DescribeServiceUpdates"",""DescribeSnapshots"",""DescribeUpdateActions"",""DescribeUserGroups"",""DescribeUsers"",""DisassociateGlobalReplicationGroup"",""ExportServerlessCacheSnapshot"",""FailoverGlobalReplicationGroup"",""IncreaseNodeGroupsInGlobalReplicationGroup"",""IncreaseReplicaCount"",""InterruptClusterAzPower"",""ListAllowedNodeTypeModifications"",""ListTagsForResource"",""ModifyCacheCluster"",""ModifyCacheParameterGroup"",""ModifyCacheSubnetGroup"",""ModifyGlobalReplicationGroup"",""ModifyReplicationGroup"",""ModifyReplicationGroupShardConfiguration"",""ModifyServerlessCache"",""ModifyUser"",""ModifyUserGroup"",""PurchaseReservedCacheNodesOffering"",""RebalanceSlotsInGlobalReplicationGroup"",""RebootCacheCluster"",""RemoveTagsFromResource"",""ResetCacheParameterGroup"",""RevokeCacheSecurityGroupIngress"",""StartMigration"",""TestFailover"",""TestMigration""]","arn:aws:elasticache:${Region}:${Account}:${ResourceType}:${ResourceName}","^arn:aws:elasticache:.+:.+:.+","[""aws:RequestTag/${TagKey}"",""aws:ResourceTag/${TagKey}"",""aws:TagKeys"",""elasticache:AtRestEncryptionEnabled"",""elasticache:AuthTokenEnabled"",""elasticache:AutomaticFailoverEnabled"",""elasticache:CacheNodeType"",""elasticache:CacheParameterGroupName"",""elasticache:ClusterModeEnabled"",""elasticache:ConnectionType"",""elasticache:DataStorageUnit"",""elasticache:Durability"",""elasticache:EngineType"",""elasticache:EngineVersion"",""elasticache:KmsKeyId"",""elasticache:MaximumDataStorage"",""elasticache:MaximumECPUPerSecond"",""elasticache:MinimumDataStorage"",""elasticache:MinimumECPUPerSecond"",""elasticache:MultiAZEnabled"",""elasticache:NumNodeGroups"",""elasticache:ReplicasPerNodeGroup"",""elasticache:SnapshotRetentionLimit"",""elasticache:TransitEncryptionEnabled"",""elasticache:UserAuthenticationMode""]","True","https://docs.aws.amazon.com/service-authorization/latest/reference/list_elasticache.html"
"emr-containers","Amazon EMR on EKS (EMR Containers)","[""CancelJobRun"",""CreateCertificate"",""CreateJobTemplate"",""CreateManagedEndpoint"",""CreateSecurityConfiguration"",""CreateVirtualCluster"",""DeleteJobTemplate"",""DeleteManagedEndpoint"",""DeleteSecurityConfiguration"",""DeleteVirtualCluster"",""DescribeJobRun"",""DescribeJobTemplate"",""DescribeManagedEndpoint"",""DescribeSecurityConfiguration"",""DescribeVirtualCluster"",""GetManagedEndpointSessionCredentials"",""ListJobRuns"",""ListJobTemplates"",""ListManagedEndpoints"",""ListSecurityConfigurations"",""ListTagsForResource"",""ListVirtualClusters"",""StartJobRun"",""TagResource"",""UntagResource""]","arn:aws:emr-containers:${Region}:${Account}:/${ResourceType}/${ResourcePath}","^arn:aws:emr-containers:.+","[""aws:RequestTag/${TagKey}"",""aws:ResourceTag/${TagKey}"",""aws:TagKeys"",""emr-containers:ExecutionRoleArn"",""emr-containers:JobTemplateArn""]","True","https://docs.aws.amazon.com/service-authorization/latest/reference/list_emr-containers.html"
"emr-serverless","Amazon EMR Serverless","[""AccessInteractiveEndpoints"",""AccessLivyEndpoints"",""AccessSystemProfileLogs"",""CancelJobRun"",""CreateApplication"",""DeleteApplication"",""GetApplication"",""GetDashboardForJobRun"",""GetJobRun"",""GetResourceDashboard"",""GetSession"",""GetSessionEndpoint"",""ListApplications"",""ListJobRunAttempts"",""ListJobRuns"",""ListSessions"",""ListTagsForResource"",""StartApplication"",""StartJobRun"",""StartSession"",""StopApplication"",""TagResource"",""TerminateSession"",""UntagResource"",""UpdateApplication""]","arn:aws:emr-serverless:${Region}:${Account}:/${ResourceType}/${ResourcePath}","^arn:aws:emr-serverless:.+","[""aws:RequestTag/${TagKey}"",""aws:ResourceTag/${TagKey}"",""aws:TagKeys""]","True","https://docs.aws.amazon.com/service-authorization/latest/reference/list_emr-serverless.html"
"events","Amazon EventBridge","[""ActivateEventSource"",""AllowVendedLogDeliveryForResource"",""CancelReplay"",""CreateApiDestination"",""CreateArchive"",""CreateConnection"",""CreateEndpoint"",""CreateEventBus"",""CreateEventSource"",""CreatePartnerEventSource"",""CreateSubscriber"",""DeactivateEventSource"",""DeauthorizeConnection"",""DeleteApiDestination"",""DeleteArchive"",""DeleteConnection"",""DeleteEndpoint"",""DeleteEventBus"",""DeleteEventSource"",""DeletePartnerEventSource"",""DeleteResourcePolicy"",""DeleteRule"",""DeleteSubscriber"",""DescribeApiDestination"",""DescribeArchive"",""DescribeConnection"",""DescribeEndpoint"",""DescribeEventBus"",""DescribeEventSource"",""DescribePartnerEventSource"",""DescribeReplay"",""DescribeRule"",""DescribeSubscriber"",""DisableRule"",""EnableRule"",""GetResourcePolicy"",""InvokeApiDestination"",""ListApiDestinations"",""ListArchives"",""ListConnections"",""ListEndpoints"",""ListEventBuses"",""ListEventSources"",""ListPartnerEventSourceAccounts"",""ListPartnerEventSources"",""ListReplays"",""ListResourcePolicies"",""ListRuleNamesByTarget"",""ListRules"",""ListSubscribers"",""ListTagsForResource"",""ListTargetsByRule"",""PutEvents"",""PutPartnerEvents"",""PutPermission"",""PutRawEvents"",""PutResourcePolicy"",""PutRule"",""PutTargets"",""RemovePermission"",""RemoveTargets"",""RetrieveConnectionCredentials"",""RevokeResource"",""StartReplay"",""TagResource"",""TestEventPattern"",""UntagResource"",""UpdateApiDestination"",""UpdateArchive"",""UpdateConnection"",""UpdateEndpoint"",""UpdateEventBus"",""UpdateEventSource"",""UpdateSubscriber""]","arn:aws:events:${Region}:${Account}:${ResourceType}/${ResourceName}","^arn:aws:events:.+","[""aws:RequestTag/${TagKey}"",""aws:ResourceTag/${TagKey}"",""aws:TagKeys"",""events:ContentFilterPresent"",""events:EventBusArn"",""events:ManagedBy"",""events:Metadata/${MetadataKey}"",""events:Metadata/${MetadataKey}/Matcher"",""events:PolicyName"",""events:SystemMetadata/AwsDetailType"",""events:SystemMetadata/AwsSource"",""events:SystemMetadata/ContentType"",""events:TargetArn"",""events:creatorAccount"",""events:detail-type"",""events:detail.eventTypeCode"",""events:detail.service"",""events:detail.userIdentity.principalId"",""events:eventBusInvocation"",""events:source""]","True","https://docs.aws.amazon.com/service-authorization/latest/reference/list_eventbridge.html"
"pipes","Amazon EventBridge Pipes","[""CreatePipe"",""DeletePipe"",""DescribePipe"",""ListPipes"",""ListTagsForResource"",""StartPipe"",""StopPipe"",""TagResource"",""UntagResource"",""UpdatePipe""]","arn:aws:pipes:${Region}:${Account}:pipe/${PipeName}","^arn:aws:pipes:.+:.+:.+","[""aws:RequestTag/${TagKey}"",""aws:ResourceTag/${TagKey}"",""aws:TagKeys""]","True","https://docs.aws.amazon.com/service-authorization/latest/reference/list_pipes.html"
"scheduler","Amazon EventBridge Scheduler","[""CreateSchedule"",""CreateScheduleGroup"",""DeleteSchedule"",""DeleteScheduleGroup"",""GetSchedule"",""GetScheduleGroup"",""ListScheduleGroups"",""ListSchedules"",""ListSchedulesByTarget"",""ListTagsForResource"",""TagResource"",""UntagResource"",""UpdateSchedule""]","arn:aws:scheduler:${Region}:${Account}:${ResourceType}/${ResourceName}","^arn:aws:scheduler:.+:.+:.+","[""aws:RequestTag/${TagKey}"",""aws:ResourceTag/${TagKey}"",""aws:TagKeys""]","True","https://docs.aws.amazon.com/service-authorization/latest/reference/list_scheduler.html"
"schemas","Amazon EventBridge Schemas","[""CreateDiscoverer"",""CreateRegistry"",""CreateSchema"",""DeleteDiscoverer"",""DeleteRegistry"",""DeleteResourcePolicy"",""DeleteSchema"",""DeleteSchemaVersion"",""DescribeCodeBinding"",""DescribeDiscoverer"",""DescribeRegistry"",""DescribeSchema"",""ExportSchema"",""GetCodeBindingSource"",""GetDiscoveredSchema"",""GetResourcePolicy"",""ListDiscoverers"",""ListRegistries"",""ListSchemaVersions"",""ListSchemas"",""ListTagsForResource"",""PutCodeBinding"",""PutResourcePolicy"",""SearchSchemas"",""StartDiscoverer"",""StopDiscoverer"",""TagResource"",""UntagResource"",""UpdateDiscoverer"",""UpdateRegistry"",""UpdateSchema""]","arn:aws:schemas:${Region}:${Account}:${ResourceType}/${ResourceName}","^arn:aws:schemas:.+:.+:.+","[""aws:RequestTag/${TagKey}"",""aws:ResourceTag/${TagKey}"",""aws:TagKeys""]","True","https://docs.aws.amazon.com/service-authorization/latest/reference/list_schemas.html"
"finspace","Amazon FinSpace","[""ConnectKxCluster"",""CreateEnvironment"",""CreateKxChangeset"",""CreateKxCluster"",""CreateKxDatabase"",""CreateKxDataview"",""CreateKxEnvironment"",""CreateKxScalingGroup"",""CreateKxUser"",""CreateKxVolume"",""CreateUser"",""DeleteEnvironment"",""DeleteKxCluster"",""DeleteKxClusterNode"",""DeleteKxDatabase"",""DeleteKxDataview"",""DeleteKxEnvironment"",""DeleteKxScalingGroup"",""DeleteKxUser"",""DeleteKxVolume"",""GetEnvironment"",""GetKxChangeset"",""GetKxCluster"",""GetKxConnectionString"",""GetKxDatabase"",""GetKxDataview"",""GetKxEnvironment"",""GetKxScalingGroup"",""GetKxUser"",""GetKxVolume"",""GetLoadSampleDataSetGroupIntoEnvironmentStatus"",""GetUser"",""ListEnvironments"",""ListKxChangesets"",""ListKxClusterNodes"",""ListKxClusters"",""ListKxDatabases"",""ListKxDataviews"",""ListKxEnvironments"",""ListKxScalingGroups"",""ListKxUsers"",""ListKxVolumes"",""ListTagsForResource"",""ListUsers"",""LoadSampleDataSetGroupIntoEnvironment"",""MountKxDatabase"",""ResetUserPassword"",""TagResource"",""UntagResource"",""UpdateEnvironment"",""UpdateKxClusterCodeConfiguration"",""UpdateKxClusterDatabases"",""UpdateKxDatabase"",""UpdateKxDataview"",""UpdateKxEnvironment"",""UpdateKxEnvironmentNetwork"",""UpdateKxUser"",""UpdateKxVolume"",""UpdateUser""]","arn:aws:finspace:${Region}:${Account}:${ResourceType}/${ResourcePath}","^arn:aws:finspace:.+","[""aws:RequestTag/${TagKey}"",""aws:ResourceTag/${TagKey}"",""aws:TagKeys""]","True","https://docs.aws.amazon.com/service-authorization/latest/reference/list_finspace.html"
"finspace-api","Amazon FinSpace API","""GetProgrammaticAccessCredentials""","arn:aws:finspace-api:${Region}:${Account}:${ResourceType}/${ResourcePath}","^arn:aws:finspace-api:.+","null","True","https://docs.aws.amazon.com/service-authorization/latest/reference/list_finspace-data.html"
"forecast","Amazon Forecast","[""CreateAutoPredictor"",""CreateDataset"",""CreateDatasetGroup"",""CreateDatasetImportJob"",""CreateExplainability"",""CreateExplainabilityExport"",""CreateForecast"",""CreateForecastEndpoint"",""CreateForecastExportJob"",""CreateMonitor"",""CreatePredictor"",""CreatePredictorBacktestExportJob"",""CreateWhatIfAnalysis"",""CreateWhatIfForecast"",""CreateWhatIfForecastExport"",""DeleteDataset"",""DeleteDatasetGroup"",""DeleteDatasetImportJob"",""DeleteExplainability"",""DeleteExplainabilityExport"",""DeleteForecast"",""DeleteForecastEndpoint"",""DeleteForecastExportJob"",""DeleteMonitor"",""DeletePredictor"",""DeletePredictorBacktestExportJob"",""DeleteResourceTree"",""DeleteWhatIfAnalysis"",""DeleteWhatIfForecast"",""DeleteWhatIfForecastExport"",""DescribeAutoPredictor"",""DescribeDataset"",""DescribeDatasetGroup"",""DescribeDatasetImportJob"",""DescribeExplainability"",""DescribeExplainabilityExport"",""DescribeForecast"",""DescribeForecastEndpoint"",""DescribeForecastExportJob"",""DescribeMonitor"",""DescribePredictor"",""DescribePredictorBacktestExportJob"",""DescribeWhatIfAnalysis"",""DescribeWhatIfForecast"",""DescribeWhatIfForecastExport"",""GetAccuracyMetrics"",""GetRecentForecastContext"",""InvokeForecastEndpoint"",""ListDatasetGroups"",""ListDatasetImportJobs"",""ListDatasets"",""ListExplainabilities"",""ListExplainabilityExports"",""ListForecastExportJobs"",""ListForecasts"",""ListMonitorEvaluations"",""ListMonitors"",""ListPredictorBacktestExportJobs"",""ListPredictors"",""ListTagsForResource"",""ListWhatIfAnalyses"",""ListWhatIfForecastExports"",""ListWhatIfForecasts"",""QueryForecast"",""QueryWhatIfForecast"",""ResumeResource"",""StopResource"",""TagResource"",""UntagResource"",""UpdateDatasetGroup""]","arn:aws:forecast:${Region}:${Account}:${ResourceType}/${ResourceId}","^arn:aws:forecast:.+:.+:.+","[""aws:RequestTag/${TagKey}"",""aws:ResourceTag/${TagKey}"",""aws:TagKeys""]","True","https://docs.aws.amazon.com/service-authorization/latest/reference/list_forecast.html"
"frauddetector","Amazon Fraud Detector","[""BatchCreateVariable"",""BatchGetVariable"",""CancelBatchImportJob"",""CancelBatchPredictionJob"",""CreateBatchImportJob"",""CreateBatchPredictionJob"",""CreateDetectorVersion"",""CreateList"",""CreateModel"",""CreateModelVersion"",""CreateRule"",""CreateVariable"",""DeleteBatchImportJob"",""DeleteBatchPredictionJob"",""DeleteDetector"",""DeleteDetectorVersion"",""DeleteEntityType"",""DeleteEvent"",""DeleteEventType"",""DeleteEventsByEventType"",""DeleteExternalModel"",""DeleteLabel"",""DeleteList"",""DeleteModel"",""DeleteModelVersion"",""DeleteOutcome"",""DeleteRule"",""DeleteVariable"",""DescribeDetector"",""DescribeModelVersions"",""GetBatchImportJobValidationReport"",""GetBatchImportJobs"",""GetBatchPredictionJobs"",""GetDeleteEventsByEventTypeStatus"",""GetDetectorVersion"",""GetDetectors"",""GetEntityTypes"",""GetEvent"",""GetEventPrediction"",""GetEventPredictionMetadata"",""GetEventTypes"",""GetExternalModels"",""GetKMSEncryptionKey"",""GetLabels"",""GetListElements"",""GetListsMetadata"",""GetModelVersion"",""GetModels"",""GetOutcomes"",""GetRules"",""GetVariables"",""ListEventPredictions"",""ListTagsForResource"",""PutDetector"",""PutEntityType"",""PutEventType"",""PutExternalModel"",""PutKMSEncryptionKey"",""PutLabel"",""PutOutcome"",""SendEvent"",""TagResource"",""UntagResource"",""UpdateDetectorVersion"",""UpdateDetectorVersionMetadata"",""UpdateDetectorVersionStatus"",""UpdateEventLabel"",""UpdateList"",""UpdateModel"",""UpdateModelVersion"",""UpdateModelVersionStatus"",""UpdateRuleMetadata"",""UpdateRuleVersion"",""UpdateVariable""]","arn:aws:frauddetector:${Region}:${Account}:${ResourceType}/${ResourceName}","^arn:aws:frauddetector:.+:.+:.+","[""aws:RequestTag/${TagKey}"",""aws:ResourceTag/${TagKey}"",""aws:TagKeys""]","True","https://docs.aws.amazon.com/service-authorization/latest/reference/list_frauddetector.html"
"freertos","Amazon FreeRTOS","[""CreateSoftwareConfiguration"",""CreateSubscription"",""DeleteSoftwareConfiguration"",""DescribeHardwarePlatform"",""DescribeSoftwareConfiguration"",""DescribeSubscription"",""GetEmpPatchUrl"",""GetSoftwareURL"",""GetSoftwareURLForConfiguration"",""GetSubscriptionBillingAmount"",""ListFreeRTOSVersions"",""ListHardwarePlatforms"",""ListHardwareVendors"",""ListSoftwareConfigurations"",""ListSoftwarePatches"",""ListSubscriptionEmails"",""ListSubscriptions"",""UpdateEmailRecipients"",""UpdateSoftwareConfiguration"",""VerifyEmail""]","arn:aws:freertos:${Region}:${Account}:${Type}/${Name}","^arn:aws:freertos:.+:[0-9]+:.+","[""aws:RequestTag/${TagKey}"",""aws:ResourceTag/${TagKey}"",""aws:TagKeys""]","True","https://docs.aws.amazon.com/service-authorization/latest/reference/list_freertos.html"
"fsx","Amazon FSx","[""AssociateFileGateway"",""AssociateFileSystemAliases"",""BypassSnaplockEnterpriseRetention"",""CancelDataRepositoryTask"",""CopyBackup"",""CopySnapshotAndUpdateVolume"",""CreateAndAttachS3AccessPoint"",""CreateBackup"",""CreateDataRepositoryAssociation"",""CreateDataRepositoryTask"",""CreateFileCache"",""CreateFileSystem"",""CreateFileSystemFromBackup"",""CreateSnapshot"",""CreateStorageVirtualMachine"",""CreateVolume"",""CreateVolumeFromBackup"",""DeleteBackup"",""DeleteDataRepositoryAssociation"",""DeleteFileCache"",""DeleteFileSystem"",""DeleteResourcePolicy"",""DeleteSnapshot"",""DeleteStorageVirtualMachine"",""DeleteVolume"",""DescribeAssociatedFileGateways"",""DescribeBackups"",""DescribeDataRepositoryAssociations"",""DescribeDataRepositoryTasks"",""DescribeFileCaches"",""DescribeFileSystemAliases"",""DescribeFileSystems"",""DescribeS3AccessPointAttachments"",""DescribeSharedVpcConfiguration"",""DescribeSnapshots"",""DescribeStorageVirtualMachines"",""DescribeVolumes"",""DetachAndDeleteS3AccessPoint"",""DisassociateFileGateway"",""DisassociateFileSystemAliases"",""GetResourcePolicy"",""ListTagsForResource"",""ManageBackupPrincipalAssociations"",""PutResourcePolicy"",""ReleaseFileSystemNfsV3Locks"",""RestoreVolumeFromSnapshot"",""StartMisconfiguredStateRecovery"",""TagResource"",""UntagResource"",""UpdateDataRepositoryAssociation"",""UpdateFileCache"",""UpdateFileSystem"",""UpdateSharedVpcConfiguration"",""UpdateSnapshot"",""UpdateStorageVirtualMachine"",""UpdateVolume""]","arn:aws:fsx:${Region}:${Account}:${ResourceType}/${ResourcePath}","^arn:aws:fsx:.+","[""aws:RequestTag/${TagKey}"",""aws:ResourceTag/${TagKey}"",""aws:TagKeys"",""fsx:IsBackupCopyDestination"",""fsx:IsBackupCopySource"",""fsx:NfsDataRepositoryAuthenticationEnabled"",""fsx:NfsDataRepositoryEncryptionInTransitEnabled"",""fsx:ParentVolumeId"",""fsx:StorageVirtualMachineId""]","True","https://docs.aws.amazon.com/service-authorization/latest/reference/list_fsx.html"
"gamelift","Amazon GameLift Servers","[""AcceptMatch"",""ClaimGameServer"",""CreateAlias"",""CreateBuild"",""CreateContainerFleet"",""CreateContainerGroupDefinition"",""CreateFleet"",""CreateFleetLocations"",""CreateGameServerGroup"",""CreateGameSession"",""CreateGameSessionQueue"",""CreateLocation"",""CreateMatchmakingConfiguration"",""CreateMatchmakingRuleSet"",""CreatePlayerSession"",""CreatePlayerSessions"",""CreateScript"",""CreateVpcPeeringAuthorization"",""CreateVpcPeeringConnection"",""DeleteAlias"",""DeleteBuild"",""DeleteContainerFleet"",""DeleteContainerGroupDefinition"",""DeleteFleet"",""DeleteFleetLocations"",""DeleteGameServerGroup"",""DeleteGameSessionQueue"",""DeleteLocation"",""DeleteMatchmakingConfiguration"",""DeleteMatchmakingRuleSet"",""DeleteScalingPolicy"",""DeleteScript"",""DeleteVpcPeeringAuthorization"",""DeleteVpcPeeringConnection"",""DeregisterCompute"",""DeregisterGameServer"",""DescribeAlias"",""DescribeBuild"",""DescribeCompute"",""DescribeContainerFleet"",""DescribeContainerGroupDefinition"",""DescribeContainerGroupPortMappings"",""DescribeEC2InstanceLimits"",""DescribeFleetAttributes"",""DescribeFleetCapacity"",""DescribeFleetDeployment"",""DescribeFleetEvents"",""DescribeFleetLocationAttributes"",""DescribeFleetLocationCapacity"",""DescribeFleetLocationUtilization"",""DescribeFleetPortSettings"",""DescribeFleetUtilization"",""DescribeGameServer"",""DescribeGameServerGroup"",""DescribeGameServerInstances"",""DescribeGameSessionDetails"",""DescribeGameSessionPlacement"",""DescribeGameSessionQueues"",""DescribeGameSessions"",""DescribeInstances"",""DescribeMatchmaking"",""DescribeMatchmakingConfigurations"",""DescribeMatchmakingRuleSets"",""DescribePlayerSessions"",""DescribeRuntimeConfiguration"",""DescribeScalingPolicies"",""DescribeScript"",""DescribeVpcPeeringAuthorizations"",""DescribeVpcPeeringConnections"",""GetComputeAccess"",""GetComputeAuthToken"",""GetGameSessionLogUrl"",""GetInstanceAccess"",""GetPlayerConnectionDetails"",""ListAliases"",""ListBuilds"",""ListCompute"",""ListContainerFleets"",""ListContainerGroupDefinitionVersions"",""ListContainerGroupDefinitions"",""ListFleetDeployments"",""ListFleets"",""ListGameServerGroups"",""ListGameServers"",""ListLocations"",""ListScripts"",""ListTagsForResource"",""PutScalingPolicy"",""RegisterCompute"",""RegisterGameServer"",""RequestUploadCredentials"",""ResolveAlias"",""ResumeGameServerGroup"",""SearchGameSessions"",""StartFleetActions"",""StartGameSessionPlacement"",""StartMatchBackfill"",""StartMatchmaking"",""StopFleetActions"",""StopGameSessionPlacement"",""StopMatchmaking"",""SuspendGameServerGroup"",""TagResource"",""TerminateGameSession"",""UntagResource"",""UpdateAlias"",""UpdateBuild"",""UpdateContainerFleet"",""UpdateContainerGroupDefinition"",""UpdateFleetAttributes"",""UpdateFleetCapacity"",""UpdateFleetPortSettings"",""UpdateGameServer"",""UpdateGameServerGroup"",""UpdateGameSession"",""UpdateGameSessionQueue"",""UpdateMatchmakingConfiguration"",""UpdateRuntimeConfiguration"",""UpdateScript"",""ValidateMatchmakingRuleSet""]","arn:aws:gamelift:${Region}:${Account}:${ResourceType}/${ResourceId}","^arn:aws:gamelift:.+","[""aws:RequestTag/${TagKey}"",""aws:ResourceTag/${TagKey}"",""aws:TagKeys""]","True","https://docs.aws.amazon.com/service-authorization/latest/reference/list_gamelift.html"
"gameliftstreams","Amazon GameLift Streams","[""AddStreamGroupLocations"",""AssociateApplications"",""CreateApplication"",""CreateStreamGroup"",""CreateStreamSessionAdminShell"",""CreateStreamSessionConnection"",""CreateStreamUrl"",""DeleteApplication"",""DeleteStreamGroup"",""DisassociateApplications"",""ExportStreamSessionFiles"",""GetApplication"",""GetStreamGroup"",""GetStreamSession"",""GetStreamUrl"",""ListApplicationShaderCaches"",""ListApplications"",""ListStreamGroups"",""ListStreamSessions"",""ListStreamSessionsByAccount"",""ListStreamUrls"",""ListTagsForResource"",""RemoveStreamGroupLocations"",""RevokeStreamUrl"",""StartStreamSession"",""TagResource"",""TerminateStreamSession"",""UntagResource"",""UpdateApplication"",""UpdateStreamGroup""]","arn:aws:gameliftstreams:${Region}:${Account}:${ResourceType}/${ResourceId}","^arn:aws:gameliftstreams:.+:.+:.+","[""aws:RequestTag/${TagKey}"",""aws:ResourceTag/${TagKey}"",""aws:TagKeys"",""gameliftstreams:RoleArn""]","True","https://docs.aws.amazon.com/service-authorization/latest/reference/list_gameliftstreams.html"
"groundtruthlabeling","Amazon GroundTruth Labeling","[""AssociatePatchToManifestJob"",""CreateBatch"",""CreateIntakeForm"",""CreateProject"",""CreateWorkflowDefinition"",""DescribeConsoleJob"",""GenerateLIDARPreviewTaskConfigJob"",""GetBatch"",""GetIntakeFormStatus"",""ListBatches"",""ListDatasetObjects"",""ListProjects"",""RunFilterOrSampleDatasetJob"",""RunGenerateManifestByCrawlingJob"",""RunGenerateManifestMetricsJob"",""UpdateBatch""]","arn:${Partition}:groundtruthlabeling:${Region}:${Account}:${ResourceType}/${ResourcePath}","^arn:${Partition}:groundtruthlabeling:.+","null","False","https://docs.aws.amazon.com/service-authorization/latest/reference/list_groundtruthlabeling.html"
"guardduty","Amazon GuardDuty","[""AcceptAdministratorInvitation"",""AcceptInvitation"",""ArchiveFindings"",""CreateCustomDetectionRuleAssociation"",""CreateCustomDetectionRuleOrgConfiguration"",""CreateDetector"",""CreateFilter"",""CreateIPSet"",""CreateInvestigation"",""CreateMalwareProtectionPlan"",""CreateMembers"",""CreatePublishingDestination"",""CreateSampleFindings"",""CreateThreatEntitySet"",""CreateThreatIntelSet"",""CreateTrustedEntitySet"",""DeclineInvitations"",""DeleteCustomDetectionRuleAssociation"",""DeleteCustomDetectionRuleOrgConfiguration"",""DeleteDetector"",""DeleteFilter"",""DeleteIPSet"",""DeleteInvitations"",""DeleteMalwareProtectionPlan"",""DeleteMembers"",""DeletePublishingDestination"",""DeleteThreatEntitySet"",""DeleteThreatIntelSet"",""DeleteTrustedEntitySet"",""DescribeMalwareScans"",""DescribeOrganizationConfiguration"",""DescribePublishingDestination"",""DisableOrganizationAdminAccount"",""DisassociateFromAdministratorAccount"",""DisassociateFromMasterAccount"",""DisassociateMembers"",""EnableOrganizationAdminAccount"",""GetAdministratorAccount"",""GetCoverageStatistics"",""GetCustomDetectionRule"",""GetCustomDetectionRuleAssociation"",""GetCustomDetectionRuleOrgConfiguration"",""GetDetector"",""GetFilter"",""GetFindings"",""GetFindingsStatistics"",""GetIPSet"",""GetInvestigation"",""GetInvitationsCount"",""GetMalwareProtectionPlan"",""GetMalwareScan"",""GetMalwareScanSettings"",""GetMasterAccount"",""GetMemberDetectors"",""GetMembers"",""GetOrganizationStatistics"",""GetRemainingFreeTrialDays"",""GetThreatEntitySet"",""GetThreatIntelSet"",""GetTrustedEntitySet"",""GetUsageStatistics"",""InviteMembers"",""ListCoverage"",""ListCustomDetectionRuleAssociations"",""ListCustomDetectionRuleOrgConfigurations"",""ListCustomDetectionRules"",""ListDetectors"",""ListFilters"",""ListFindings"",""ListIPSets"",""ListInvestigations"",""ListInvitations"",""ListMalwareProtectionPlans"",""ListMalwareScans"",""ListMembers"",""ListOrganizationAdminAccounts"",""ListPublishingDestinations"",""ListTagsForResource"",""ListThreatEntitySets"",""ListThreatIntelSets"",""ListTrustedEntitySets"",""SendObjectMalwareScan"",""SendSecurityTelemetry"",""StartMalwareScan"",""StartMonitoringMembers"",""StopMonitoringMembers"",""TagResource"",""UnarchiveFindings"",""UntagResource"",""UpdateCustomDetectionRuleAssociation"",""UpdateCustomDetectionRuleOrgConfiguration"",""UpdateDetector"",""UpdateFilter"",""UpdateFindingsFeedback"",""UpdateIPSet"",""UpdateMalwareProtectionPlan"",""UpdateMalwareScanSettings"",""UpdateMemberDetectors"",""UpdateOrganizationConfiguration"",""UpdatePublishingDestination"",""UpdateThreatEntitySet"",""UpdateThreatIntelSet"",""UpdateTrustedEntitySet""]","arn:aws:guardduty:${Region}:${Account}:.+","^arn:aws:guardduty:.+","[""aws:RequestTag/${TagKey}"",""aws:ResourceTag/${TagKey}"",""aws:TagKeys""]","True","https://docs.aws.amazon.com/service-authorization/latest/reference/list_guardduty.html"
"honeycode","Amazon Honeycode","[""ApproveTeamAssociation"",""BatchCreateTableRows"",""BatchDeleteTableRows"",""BatchUpdateTableRows"",""BatchUpsertTableRows"",""CreateTeam"",""CreateTenant"",""DeleteDomains"",""DeregisterGroups"",""DescribeTableDataImportJob"",""DescribeTeam"",""GetScreenData"",""InvokeScreenAutomation"",""ListDomains"",""ListGroups"",""ListTableColumns"",""ListTableRows"",""ListTables"",""ListTagsForResource"",""ListTeamAssociations"",""ListTenants"",""QueryTableRows"",""RegisterDomainForVerification"",""RegisterGroups"",""RejectTeamAssociation"",""RestartDomainVerification"",""StartTableDataImportJob"",""TagResource"",""UntagResource"",""UpdateTeam""]","arn:aws:honeycode:${Region}:${Account}:${ResourceType}:${ResourcePath}","^arn:aws:honeycode:.+:.+:.+","null","True","https://docs.aws.amazon.com/service-authorization/latest/reference/list_honeycode.html"
"inspector","Amazon Inspector","[""AddAttributesToFindings"",""CreateAssessmentTarget"",""CreateAssessmentTemplate"",""CreateExclusionsPreview"",""CreateResourceGroup"",""DeleteAssessmentRun"",""DeleteAssessmentTarget"",""DeleteAssessmentTemplate"",""DescribeAssessmentRuns"",""DescribeAssessmentTargets"",""DescribeAssessmentTemplates"",""DescribeCrossAccountAccessRole"",""DescribeExclusions"",""DescribeFindings"",""DescribeResourceGroups"",""DescribeRulesPackages"",""GetAssessmentReport"",""GetExclusionsPreview"",""GetTelemetryMetadata"",""ListAssessmentRunAgents"",""ListAssessmentRuns"",""ListAssessmentTargets"",""ListAssessmentTemplates"",""ListEventSubscriptions"",""ListExclusions"",""ListFindings"",""ListRulesPackages"",""ListTagsForResource"",""PreviewAgents"",""RegisterCrossAccountAccessRole"",""RemoveAttributesFromFindings"",""SetTagsForResource"",""StartAssessmentRun"",""StopAssessmentRun"",""SubscribeToEvent"",""UnsubscribeFromEvent"",""UpdateAssessmentTarget""]","","","null","False","https://docs.aws.amazon.com/service-authorization/latest/reference/list_inspector.html"
"inspector2","Amazon Inspector2","[""AssociateMember"",""BatchAssociateCodeSecurityScanConfiguration"",""BatchDisassociateCodeSecurityScanConfiguration"",""BatchGetAccountStatus"",""BatchGetCodeSnippet"",""BatchGetFindingDetails"",""BatchGetFreeTrialInfo"",""BatchGetMemberEc2DeepInspectionStatus"",""BatchUpdateMemberEc2DeepInspectionStatus"",""CancelFindingsReport"",""CancelSbomExport"",""CreateCisScanConfiguration"",""CreateCodeSecurityIntegration"",""CreateCodeSecurityScanConfiguration"",""CreateConnector"",""CreateFilter"",""CreateFindingsReport"",""CreateSbomExport"",""DeleteCisScanConfiguration"",""DeleteCodeSecurityIntegration"",""DeleteCodeSecurityScanConfiguration"",""DeleteConnector"",""DeleteFilter"",""DescribeOrganizationConfiguration"",""Disable"",""DisableDelegatedAdminAccount"",""DisassociateMember"",""Enable"",""EnableDelegatedAdminAccount"",""GetCisScanReport"",""GetCisScanResultDetails"",""GetClustersForImage"",""GetCodeSecurityIntegration"",""GetCodeSecurityScan"",""GetCodeSecurityScanConfiguration"",""GetConfiguration"",""GetDelegatedAdminAccount"",""GetEc2DeepInspectionConfiguration"",""GetEncryptionKey"",""GetFindingsReportStatus"",""GetMember"",""GetSbomExport"",""ListAccountPermissions"",""ListCisScanConfigurations"",""ListCisScanResultsAggregatedByChecks"",""ListCisScanResultsAggregatedByTargetResource"",""ListCisScans"",""ListCodeSecurityIntegrations"",""ListCodeSecurityScanConfigurationAssociations"",""ListCodeSecurityScanConfigurations"",""ListConnectorScanConfigurations"",""ListConnectors"",""ListCoverage"",""ListCoverageStatistics"",""ListDelegatedAdminAccounts"",""ListFilters"",""ListFindingAggregations"",""ListFindings"",""ListMembers"",""ListTagsForResource"",""ListUsageTotals"",""ResetEncryptionKey"",""SearchVulnerabilities"",""SendCisSessionHealth"",""SendCisSessionTelemetry"",""StartCisSession"",""StartCodeSecurityScan"",""StopCisSession"",""TagResource"",""UntagResource"",""UpdateCisScanConfiguration"",""UpdateCodeSecurityIntegration"",""UpdateCodeSecurityScanConfiguration"",""UpdateConfiguration"",""UpdateConnector"",""UpdateConnectorScanConfiguration"",""UpdateEc2DeepInspectionConfiguration"",""UpdateEncryptionKey"",""UpdateFilter"",""UpdateOrgEc2DeepInspectionConfiguration"",""UpdateOrganizationConfiguration""]","arn:aws:inspector2:${Region}:${Account}:.+","^arn:aws:inspector2:.+:.+:.+","[""aws:RequestTag/${TagKey}"",""aws:ResourceTag/${TagKey}"",""aws:TagKeys""]","True","https://docs.aws.amazon.com/service-authorization/latest/reference/list_inspector2.html"
"inspector2-telemetry","Amazon Inspector2 Telemetry Channel","[""NotifyHeartbeat"",""SendTelemetry"",""SendTelemetryEvent"",""StartSession"",""StopSession""]","","","null","False","https://docs.aws.amazon.com/service-authorization/latest/reference/list_inspector2-telemetry.html"
"inspector-scan","Amazon InspectorScan","""ScanSbom""","","","null","False","https://docs.aws.amazon.com/service-authorization/latest/reference/list_inspector-scan.html"
"ivs","Amazon Interactive Video Service","[""BatchGetChannel"",""BatchGetStreamKey"",""BatchStartViewerSessionRevocation"",""CreateAdConfiguration"",""CreateChannel"",""CreateEncoderConfiguration"",""CreateIngestConfiguration"",""CreateParticipantToken"",""CreatePlaybackRestrictionPolicy"",""CreateRecordingConfiguration"",""CreateStage"",""CreateStorageConfiguration"",""CreateStreamKey"",""DeleteAdConfiguration"",""DeleteChannel"",""DeleteEncoderConfiguration"",""DeleteIngestConfiguration"",""DeletePlaybackKeyPair"",""DeletePlaybackRestrictionPolicy"",""DeletePublicKey"",""DeleteRecordingConfiguration"",""DeleteStage"",""DeleteStorageConfiguration"",""DeleteStreamKey"",""DisconnectParticipant"",""GetAdConfiguration"",""GetChannel"",""GetComposition"",""GetEncoderConfiguration"",""GetIngestConfiguration"",""GetParticipant"",""GetPlaybackKeyPair"",""GetPlaybackRestrictionPolicy"",""GetPublicKey"",""GetRecordingConfiguration"",""GetStage"",""GetStageSession"",""GetStorageConfiguration"",""GetStream"",""GetStreamKey"",""GetStreamSession"",""ImportPlaybackKeyPair"",""ImportPublicKey"",""InsertAdBreak"",""ListAdConfigurations"",""ListChannels"",""ListCompositions"",""ListEncoderConfigurations"",""ListIngestConfigurations"",""ListParticipantEvents"",""ListParticipantReplicas"",""ListParticipants"",""ListPlaybackKeyPairs"",""ListPlaybackRestrictionPolicies"",""ListPublicKeys"",""ListRecordingConfigurations"",""ListStageSessions"",""ListStages"",""ListStorageConfigurations"",""ListStreamKeys"",""ListStreamSessions"",""ListStreams"",""ListTagsForResource"",""PutMetadata"",""StartComposition"",""StartParticipantReplication"",""StartViewerSessionRevocation"",""StopComposition"",""StopParticipantReplication"",""StopStream"",""TagResource"",""UntagResource"",""UpdateAdConfiguration"",""UpdateChannel"",""UpdateIngestConfiguration"",""UpdatePlaybackRestrictionPolicy"",""UpdateStage""]","arn:aws:ivs:${Region}:${Account}:${ArnType}/${ResourceId}","^arn:aws:ivs:.+:.+:.+","[""aws:RequestTag/${TagKey}"",""aws:ResourceTag/${TagKey}"",""aws:TagKeys""]","True","https://docs.aws.amazon.com/service-authorization/latest/reference/list_interactive-video-service.html"
"ivschat","Amazon Interactive Video Service Chat","[""CreateChatToken"",""CreateLoggingConfiguration"",""CreateRoom"",""DeleteLoggingConfiguration"",""DeleteMessage"",""DeleteRoom"",""DisconnectUser"",""GetLoggingConfiguration"",""GetRoom"",""ListLoggingConfigurations"",""ListRooms"",""ListTagsForResource"",""SendEvent"",""TagResource"",""UntagResource"",""UpdateLoggingConfiguration"",""UpdateRoom""]","arn:aws:ivschat:${Region}:${Account}:${ResourceType}/${ResourceId}","^arn:aws:ivschat:.+:.+:.+","[""aws:RequestTag/${TagKey}"",""aws:ResourceTag/${TagKey}"",""aws:TagKeys""]","True","https://docs.aws.amazon.com/service-authorization/latest/reference/list_ivschat.html"
"kendra","Amazon Kendra","[""AssociateEntitiesToExperience"",""AssociatePersonasToEntities"",""BatchDeleteDocument"",""BatchDeleteFeaturedResultsSet"",""BatchGetDocumentStatus"",""BatchPutDocument"",""ClearQuerySuggestions"",""CreateAccessControlConfiguration"",""CreateDataSource"",""CreateExperience"",""CreateFaq"",""CreateFeaturedResultsSet"",""CreateIndex"",""CreateQuerySuggestionsBlockList"",""CreateThesaurus"",""DeleteAccessControlConfiguration"",""DeleteDataSource"",""DeleteExperience"",""DeleteFaq"",""DeleteIndex"",""DeletePrincipalMapping"",""DeleteQuerySuggestionsBlockList"",""DeleteThesaurus"",""DescribeAccessControlConfiguration"",""DescribeDataSource"",""DescribeExperience"",""DescribeFaq"",""DescribeFeaturedResultsSet"",""DescribeIndex"",""DescribePrincipalMapping"",""DescribeQuerySuggestionsBlockList"",""DescribeQuerySuggestionsConfig"",""DescribeThesaurus"",""DisassociateEntitiesFromExperience"",""DisassociatePersonasFromEntities"",""GetQuerySuggestions"",""GetSnapshots"",""ListAccessControlConfigurations"",""ListDataSourceSyncJobs"",""ListDataSources"",""ListEntityPersonas"",""ListExperienceEntities"",""ListExperiences"",""ListFaqs"",""ListFeaturedResultsSets"",""ListGroupsOlderThanOrderingId"",""ListIndices"",""ListQuerySuggestionsBlockLists"",""ListTagsForResource"",""ListThesauri"",""PutPrincipalMapping"",""Query"",""Retrieve"",""StartDataSourceSyncJob"",""StopDataSourceSyncJob"",""SubmitFeedback"",""TagResource"",""UntagResource"",""UpdateAccessControlConfiguration"",""UpdateDataSource"",""UpdateExperience"",""UpdateFeaturedResultsSet"",""UpdateIndex"",""UpdateQuerySuggestionsBlockList"",""UpdateQuerySuggestionsConfig"",""UpdateThesaurus""]","arn:aws:kendra:${Region}:${Account}:${ResourceType}/${ResourceName}","^arn:aws:kendra:.+:.+:.+","[""aws:RequestTag/${TagKey}"",""aws:ResourceTag/${TagKey}"",""aws:TagKeys""]","True","https://docs.aws.amazon.com/service-authorization/latest/reference/list_kendra.html"
"kendra-ranking","Amazon Kendra Intelligent Ranking","[""CreateRescoreExecutionPlan"",""DeleteRescoreExecutionPlan"",""DescribeRescoreExecutionPlan"",""ListRescoreExecutionPlans"",""ListTagsForResource"",""Rescore"",""TagResource"",""UntagResource"",""UpdateRescoreExecutionPlan""]","arn:aws:kendra-ranking:${Region}:${Account}:${ResourceType}/${ResourceName}","^arn:aws:kendra-ranking:.+:.+:.+","[""aws:RequestTag/${TagKey}"",""aws:ResourceTag/${TagKey}"",""aws:TagKeys""]","True","https://docs.aws.amazon.com/service-authorization/latest/reference/list_kendra-ranking.html"
"cassandra","Amazon Keyspaces (for Apache Cassandra)","[""Alter"",""AlterMultiRegionResource"",""Create"",""CreateMultiRegionResource"",""Drop"",""DropMultiRegionResource"",""GetRecords"",""GetShardIterator"",""GetStream"",""ListStreams"",""Modify"",""ModifyMultiRegionResource"",""Restore"",""RestoreMultiRegionTable"",""Select"",""SelectMultiRegionResource"",""TagMultiRegionResource"",""TagResource"",""UnTagMultiRegionResource"",""UntagResource"",""UpdatePartitioner""]","arn:aws:cassandra:${Region}:${Account}:/${ResourceType}/${ResourcePath}/","^arn:aws:cassandra:.+","[""aws:RequestTag/${TagKey}"",""aws:ResourceTag/${TagKey}"",""aws:TagKeys""]","True","https://docs.aws.amazon.com/service-authorization/latest/reference/list_keyspaces.html"
"kinesisanalytics","Amazon Kinesis Analytics","[""AddApplicationInput"",""AddApplicationOutput"",""AddApplicationReferenceDataSource"",""CreateApplication"",""DeleteApplication"",""DeleteApplicationOutput"",""DeleteApplicationReferenceDataSource"",""DescribeApplication"",""DiscoverInputSchema"",""GetApplicationState"",""ListApplications"",""ListTagsForResource"",""StartApplication"",""StopApplication"",""TagResource"",""UntagResource"",""UpdateApplication""]","arn:aws:kinesisanalytics:${Region}:${Account}:application/${ApplicationName}","^arn:aws:kinesisanalytics:.+:[0-9]+:application/[a-zA-Z0-9_.-]+","[""aws:RequestTag/${TagKey}"",""aws:ResourceTag/${TagKey}"",""aws:TagKeys""]","True","https://docs.aws.amazon.com/service-authorization/latest/reference/list_kinesisanalytics.html"
"kinesisanalytics","Amazon Kinesis Analytics V2","[""AddApplicationCloudWatchLoggingOption"",""AddApplicationInput"",""AddApplicationInputProcessingConfiguration"",""AddApplicationOutput"",""AddApplicationReferenceDataSource"",""AddApplicationVpcConfiguration"",""CreateApplication"",""CreateApplicationPresignedUrl"",""CreateApplicationSnapshot"",""DeleteApplication"",""DeleteApplicationCloudWatchLoggingOption"",""DeleteApplicationInputProcessingConfiguration"",""DeleteApplicationOutput"",""DeleteApplicationReferenceDataSource"",""DeleteApplicationSnapshot"",""DeleteApplicationVpcConfiguration"",""DescribeApplication"",""DescribeApplicationOperation"",""DescribeApplicationSnapshot"",""DescribeApplicationVersion"",""DiscoverInputSchema"",""ListApplicationOperations"",""ListApplicationSnapshots"",""ListApplicationVersions"",""ListApplications"",""ListTagsForResource"",""RollbackApplication"",""StartApplication"",""StopApplication"",""TagResource"",""UntagResource"",""UpdateApplication"",""UpdateApplicationMaintenanceConfiguration""]","arn:aws:kinesisanalytics:${Region}:${Account}:application/${ApplicationName}","^arn:aws:kinesisanalytics:.+:[0-9]+:application/[a-zA-Z0-9_.-]+","[""aws:RequestTag/${TagKey}"",""aws:ResourceTag/${TagKey}"",""aws:TagKeys""]","True","https://docs.aws.amazon.com/service-authorization/latest/reference/list_kinesisanalyticsv2.html"
"kinesis","Amazon Kinesis Data Streams","[""AddTagsToStream"",""AssociateStreamsWithChannel"",""CreateChannel"",""CreateStream"",""DecreaseStreamRetentionPeriod"",""DeleteChannel"",""DeleteResourcePolicy"",""DeleteStream"",""DeregisterStreamConsumer"",""DescribeAccountSettings"",""DescribeChannel"",""DescribeLimits"",""DescribeStream"",""DescribeStreamConsumer"",""DescribeStreamSummary"",""DisableEnhancedMonitoring"",""EnableEnhancedMonitoring"",""GetRecords"",""GetResourcePolicy"",""GetShardIterator"",""IncreaseStreamRetentionPeriod"",""InjectApiError"",""ListChannels"",""ListShards"",""ListStreamConsumers"",""ListStreams"",""ListTagsForResource"",""ListTagsForStream"",""MergeShards"",""PutRecord"",""PutRecords"",""PutResourcePolicy"",""RegisterStreamConsumer"",""RemoveTagsFromStream"",""SplitShard"",""StartStreamEncryption"",""StopStreamEncryption"",""SubscribeToShard"",""TagResource"",""UntagResource"",""UpdateAccountSettings"",""UpdateChannel"",""UpdateMaxRecordSize"",""UpdateShardCount"",""UpdateStreamMode"",""UpdateStreamRecordDistributionStrategy"",""UpdateStreamWarmThroughput""]","arn:aws:kinesis:${Region}:${Account}:${ResourceType}/${ResourceName}","^arn:aws:kinesis:.+","[""aws:RequestTag/${TagKey}"",""aws:ResourceTag/${TagKey}"",""aws:TagKeys"",""kinesis:FisActionId"",""kinesis:FisInjectPercentage"",""kinesis:FisTargetArns""]","True","https://docs.aws.amazon.com/service-authorization/latest/reference/list_kinesis.html"
"firehose","Amazon Kinesis Firehose","[""CreateDeliveryStream"",""DeleteDeliveryStream"",""DescribeDeliveryStream"",""ListDeliveryStreams"",""ListTagsForDeliveryStream"",""PutRecord"",""PutRecordBatch"",""StartDeliveryStreamEncryption"",""StopDeliveryStreamEncryption"",""TagDeliveryStream"",""UntagDeliveryStream"",""UpdateDestination""]","arn:aws:firehose:${Region}:${Account}:deliverystream/${DeliveryStreamName}","^arn:aws:firehose:.+:[0-9]+:deliverystream/.+","[""aws:RequestTag/${TagKey}"",""aws:ResourceTag/${TagKey}"",""aws:TagKeys""]","True","https://docs.aws.amazon.com/service-authorization/latest/reference/list_firehose.html"
"kinesisvideo","Amazon Kinesis Video Streams","[""ConnectAsMaster"",""ConnectAsViewer"",""CreateSignalingChannel"",""CreateStream"",""DeleteEdgeConfiguration"",""DeleteSignalingChannel"",""DeleteStream"",""DescribeEdgeConfiguration"",""DescribeImageGenerationConfiguration"",""DescribeMappedResourceConfiguration"",""DescribeMediaStorageConfiguration"",""DescribeNotificationConfiguration"",""DescribeSignalingChannel"",""DescribeStream"",""DescribeStreamStorageConfiguration"",""GetClip"",""GetDASHStreamingSessionURL"",""GetDataEndpoint"",""GetHLSStreamingSessionURL"",""GetIceServerConfig"",""GetImages"",""GetMedia"",""GetMediaForFragmentList"",""GetSignalingChannelEndpoint"",""JoinStorageSession"",""JoinStorageSessionAsViewer"",""ListEdgeAgentConfigurations"",""ListFragments"",""ListSignalingChannels"",""ListStreams"",""ListTagsForResource"",""ListTagsForStream"",""PutMedia"",""SendAlexaOfferToMaster"",""StartEdgeConfigurationUpdate"",""TagResource"",""TagStream"",""UntagResource"",""UntagStream"",""UpdateDataRetention"",""UpdateImageGenerationConfiguration"",""UpdateMediaStorageConfiguration"",""UpdateNotificationConfiguration"",""UpdateSignalingChannel"",""UpdateStream"",""UpdateStreamStorageConfiguration""]","arn:aws:kinesisvideo:${Region}:${Account}:${ResourceType}/${ResourceName}/${CreationTime}","^arn:aws:kinesisvideo:.+","[""aws:RequestTag/${TagKey}"",""aws:ResourceTag/${TagKey}"",""aws:TagKeys""]","True","https://docs.aws.amazon.com/service-authorization/latest/reference/list_kinesis-video-streams.html"
"lex","Amazon Lex","[""CreateBotVersion"",""CreateIntentVersion"",""CreateSlotTypeVersion"",""DeleteBot"",""DeleteBotAlias"",""DeleteBotChannelAssociation"",""DeleteBotVersion"",""DeleteIntent"",""DeleteIntentVersion"",""DeleteSession"",""DeleteSlotType"",""DeleteSlotTypeVersion"",""DeleteUtterances"",""GetBot"",""GetBotAlias"",""GetBotAliases"",""GetBotChannelAssociation"",""GetBotChannelAssociations"",""GetBotVersions"",""GetBots"",""GetBuiltinIntent"",""GetBuiltinIntents"",""GetBuiltinSlotTypes"",""GetExport"",""GetImport"",""GetIntent"",""GetIntentVersions"",""GetIntents"",""GetMigration"",""GetMigrations"",""GetSession"",""GetSlotType"",""GetSlotTypeVersions"",""GetSlotTypes"",""GetUtterancesView"",""ListTagsForResource"",""PostContent"",""PostText"",""PutBot"",""PutBotAlias"",""PutIntent"",""PutSession"",""PutSlotType"",""StartImport"",""StartMigration"",""TagResource"",""UntagResource""]","arn:aws:lex:${Region}:${Account}:${Type}:${Name}","^arn:aws:lex:.+:[0-9]+:.+","[""aws:RequestTag/${TagKey}"",""aws:ResourceTag/${TagKey}"",""aws:TagKeys"",""lex:associatedIntents"",""lex:associatedSlotTypes"",""lex:channelType""]","True","https://docs.aws.amazon.com/service-authorization/latest/reference/list_lex.html"
"lex","Amazon Lex V2","[""BatchCreateCustomVocabularyItem"",""BatchDeleteCustomVocabularyItem"",""BatchUpdateCustomVocabularyItem"",""BuildBotLocale"",""CreateBot"",""CreateBotAlias"",""CreateBotChannel"",""CreateBotLocale"",""CreateBotReplica"",""CreateBotVersion"",""CreateCustomVocabulary"",""CreateExport"",""CreateIntent"",""CreateResourcePolicy"",""CreateResourcePolicyStatement"",""CreateSlot"",""CreateSlotType"",""CreateTestSet"",""CreateTestSetDiscrepancyReport"",""CreateUploadUrl"",""DeleteBot"",""DeleteBotAlias"",""DeleteBotAnalyzerRecommendation"",""DeleteBotChannel"",""DeleteBotLocale"",""DeleteBotReplica"",""DeleteBotVersion"",""DeleteCustomVocabulary"",""DeleteExport"",""DeleteImport"",""DeleteIntent"",""DeleteResourcePolicy"",""DeleteResourcePolicyStatement"",""DeleteSession"",""DeleteSlot"",""DeleteSlotType"",""DeleteTestSet"",""DeleteUtterances"",""DescribeBot"",""DescribeBotAlias"",""DescribeBotAnalyzerRecommendation"",""DescribeBotChannel"",""DescribeBotLocale"",""DescribeBotRecommendation"",""DescribeBotReplica"",""DescribeBotResourceGeneration"",""DescribeBotVersion"",""DescribeCustomVocabulary"",""DescribeCustomVocabularyMetadata"",""DescribeExport"",""DescribeImport"",""DescribeIntent"",""DescribeResourcePolicy"",""DescribeSlot"",""DescribeSlotType"",""DescribeTestExecution"",""DescribeTestSet"",""DescribeTestSetDiscrepancyReport"",""DescribeTestSetGeneration"",""GenerateBotElement"",""GetSession"",""GetTestExecutionArtifactsUrl"",""ListAggregatedUtterances"",""ListBotAliasReplicas"",""ListBotAliases"",""ListBotAnalyzerRecommendations"",""ListBotChannels"",""ListBotLocales"",""ListBotRecommendations"",""ListBotReplicas"",""ListBotResourceGenerations"",""ListBotVersionReplicas"",""ListBotVersions"",""ListBots"",""ListBuiltInIntents"",""ListBuiltInSlotTypes"",""ListCustomVocabularyItems"",""ListExports"",""ListImports"",""ListIntentMetrics"",""ListIntentPaths"",""ListIntentStageMetrics"",""ListIntents"",""ListRecommendedIntents"",""ListSessionAnalyticsData"",""ListSessionMetrics"",""ListSlotTypes"",""ListSlots"",""ListTagsForResource"",""ListTestExecutionResultItems"",""ListTestExecutions"",""ListTestSetRecords"",""ListTestSets"",""PutSession"",""RecognizeText"",""RecognizeUtterance"",""SearchAssociatedTranscripts"",""StartBotAnalyzer"",""StartBotRecommendation"",""StartBotResourceGeneration"",""StartConversation"",""StartImport"",""StartTestExecution"",""StartTestSetGeneration"",""StopBotAnalyzer"",""StopBotRecommendation"",""TagResource"",""UntagResource"",""UpdateBot"",""UpdateBotAlias"",""UpdateBotLocale"",""UpdateBotRecommendation"",""UpdateCustomVocabulary"",""UpdateExport"",""UpdateIntent"",""UpdateResourcePolicy"",""UpdateSlot"",""UpdateSlotType"",""UpdateTestSet""]","arn:aws:lex:${Region}:${Account}:${ResourceType}/${ResourceId}","^arn:aws:lex:.+:[0-9]+:.+","[""aws:RequestTag/${TagKey}"",""aws:ResourceTag/${TagKey}"",""aws:TagKeys""]","True","https://docs.aws.amazon.com/service-authorization/latest/reference/list_lex-v2.html"
"lightsail","Amazon Lightsail","[""AllocateStaticIp"",""AttachCertificateToDistribution"",""AttachDisk"",""AttachInstancesToLoadBalancer"",""AttachLoadBalancerTlsCertificate"",""AttachStaticIp"",""CloseInstancePublicPorts"",""CopySnapshot"",""CreateBucket"",""CreateBucketAccessKey"",""CreateCertificate"",""CreateCloudFormationStack"",""CreateContactMethod"",""CreateContainerService"",""CreateContainerServiceDeployment"",""CreateContainerServiceRegistryLogin"",""CreateDisk"",""CreateDiskFromSnapshot"",""CreateDiskSnapshot"",""CreateDistribution"",""CreateDomain"",""CreateDomainEntry"",""CreateGUISessionAccessDetails"",""CreateInstanceSnapshot"",""CreateInstances"",""CreateInstancesFromSnapshot"",""CreateKeyPair"",""CreateLoadBalancer"",""CreateLoadBalancerTlsCertificate"",""CreateRelationalDatabase"",""CreateRelationalDatabaseFromSnapshot"",""CreateRelationalDatabaseSnapshot"",""DeleteAlarm"",""DeleteAutoSnapshot"",""DeleteBucket"",""DeleteBucketAccessKey"",""DeleteCertificate"",""DeleteContactMethod"",""DeleteContainerImage"",""DeleteContainerService"",""DeleteDisk"",""DeleteDiskSnapshot"",""DeleteDistribution"",""DeleteDomain"",""DeleteDomainEntry"",""DeleteInstance"",""DeleteInstanceSnapshot"",""DeleteKeyPair"",""DeleteKnownHostKeys"",""DeleteLoadBalancer"",""DeleteLoadBalancerTlsCertificate"",""DeleteRelationalDatabase"",""DeleteRelationalDatabaseSnapshot"",""DetachCertificateFromDistribution"",""DetachDisk"",""DetachInstancesFromLoadBalancer"",""DetachStaticIp"",""DisableAddOn"",""DownloadDefaultKeyPair"",""EnableAddOn"",""ExportSnapshot"",""GetActiveNames"",""GetAlarms"",""GetAutoSnapshots"",""GetBlueprints"",""GetBucketAccessKeys"",""GetBucketBundles"",""GetBucketMetricData"",""GetBuckets"",""GetBundles"",""GetCertificates"",""GetCloudFormationStackRecords"",""GetContactMethods"",""GetContainerAPIMetadata"",""GetContainerImages"",""GetContainerLog"",""GetContainerServiceDeployments"",""GetContainerServiceMetricData"",""GetContainerServicePowers"",""GetContainerServices"",""GetCostEstimate"",""GetDisk"",""GetDiskSnapshot"",""GetDiskSnapshots"",""GetDisks"",""GetDistributionBundles"",""GetDistributionLatestCacheReset"",""GetDistributionMetricData"",""GetDistributions"",""GetDomain"",""GetDomains"",""GetExportSnapshotRecords"",""GetInstance"",""GetInstanceAccessDetails"",""GetInstanceMetricData"",""GetInstancePortStates"",""GetInstanceSnapshot"",""GetInstanceSnapshots"",""GetInstanceState"",""GetInstances"",""GetKeyPair"",""GetKeyPairs"",""GetLoadBalancer"",""GetLoadBalancerMetricData"",""GetLoadBalancerTlsCertificates"",""GetLoadBalancerTlsPolicies"",""GetLoadBalancers"",""GetOperation"",""GetOperations"",""GetOperationsForResource"",""GetRegions"",""GetRelationalDatabase"",""GetRelationalDatabaseBlueprints"",""GetRelationalDatabaseBundles"",""GetRelationalDatabaseEvents"",""GetRelationalDatabaseLogEvents"",""GetRelationalDatabaseLogStreams"",""GetRelationalDatabaseMasterUserPassword"",""GetRelationalDatabaseMetricData"",""GetRelationalDatabaseParameters"",""GetRelationalDatabaseSnapshot"",""GetRelationalDatabaseSnapshots"",""GetRelationalDatabases"",""GetSetupHistory"",""GetStaticIp"",""GetStaticIps"",""ImportKeyPair"",""IsVpcPeered"",""OpenInstancePublicPorts"",""PeerVpc"",""PutAlarm"",""PutInstancePublicPorts"",""RebootInstance"",""RebootRelationalDatabase"",""RegisterContainerImage"",""ReleaseStaticIp"",""ResetDistributionCache"",""SendContactMethodVerification"",""SetIpAddressType"",""SetResourceAccessForBucket"",""SetupInstanceHttps"",""StartGUISession"",""StartInstance"",""StartRelationalDatabase"",""StopGUISession"",""StopInstance"",""StopRelationalDatabase"",""TagResource"",""TestAlarm"",""UnpeerVpc"",""UntagResource"",""UpdateBucket"",""UpdateBucketBundle"",""UpdateContainerService"",""UpdateDistribution"",""UpdateDistributionBundle"",""UpdateDomainEntry"",""UpdateInstanceMetadataOptions"",""UpdateLoadBalancerAttribute"",""UpdateRelationalDatabase"",""UpdateRelationalDatabaseParameters""]","arn:aws:lightsail:${Region}:${Account}:${ResourceType}/${Id}","^arn:aws:lightsail:.+","[""aws:RequestTag/${TagKey}"",""aws:ResourceTag/${TagKey}"",""aws:TagKeys""]","True","https://docs.aws.amazon.com/service-authorization/latest/reference/list_lightsail.html"
"geo","Amazon Location","[""AssociateTrackerConsumer"",""BatchDeleteDevicePositionHistory"",""BatchDeleteGeofence"",""BatchEvaluateGeofences"",""BatchGetDevicePosition"",""BatchPutGeofence"",""BatchUpdateDevicePosition"",""CalculateRoute"",""CalculateRouteMatrix"",""CancelJob"",""CreateGeofenceCollection"",""CreateKey"",""CreateMap"",""CreatePlaceIndex"",""CreateRouteCalculator"",""CreateTracker"",""DeleteGeofenceCollection"",""DeleteKey"",""DeleteMap"",""DeletePlaceIndex"",""DeleteRouteCalculator"",""DeleteTracker"",""DescribeGeofenceCollection"",""DescribeKey"",""DescribeMap"",""DescribePlaceIndex"",""DescribeRouteCalculator"",""DescribeTracker"",""DisassociateTrackerConsumer"",""ForecastGeofenceEvents"",""GetDevicePosition"",""GetDevicePositionHistory"",""GetGeofence"",""GetJob"",""GetMapGlyphs"",""GetMapSprites"",""GetMapStyleDescriptor"",""GetMapTile"",""GetPlace"",""ListDevicePositions"",""ListGeofenceCollections"",""ListGeofences"",""ListJobs"",""ListKeys"",""ListMaps"",""ListPlaceIndexes"",""ListRouteCalculators"",""ListTagsForResource"",""ListTrackerConsumers"",""ListTrackers"",""PutGeofence"",""SearchPlaceIndexForPosition"",""SearchPlaceIndexForSuggestions"",""SearchPlaceIndexForText"",""StartJob"",""TagResource"",""UntagResource"",""UpdateGeofenceCollection"",""UpdateKey"",""UpdateMap"",""UpdatePlaceIndex"",""UpdateRouteCalculator"",""UpdateTracker"",""VerifyDevicePosition""]","arn:aws:geo:${Region}:${Account}:${ResourceType}/${ResourceName}","^arn:aws:geo:.+","[""aws:RequestTag/${TagKey}"",""aws:ResourceTag/${TagKey}"",""aws:TagKeys"",""geo:DeviceIds"",""geo:GeofenceIds""]","True","https://docs.aws.amazon.com/service-authorization/latest/reference/list_location.html"
"geo-maps","Amazon Location Service Maps","[""GetStaticMap"",""GetTile""]","arn:aws:geo-maps:${Region}::provider/default","^arn:aws:geo-maps:.+","null","True","https://docs.aws.amazon.com/service-authorization/latest/reference/list_geo-maps.html"
"geo-places","Amazon Location Service Places","[""Autocomplete"",""Geocode"",""GetPlace"",""ReverseGeocode"",""SearchNearby"",""SearchText"",""Suggest""]","arn:aws:geo-places:${Region}::provider/default","^arn:aws:geo-places:.+","null","True","https://docs.aws.amazon.com/service-authorization/latest/reference/list_geo-places.html"
"geo-routes","Amazon Location Service Routes","[""CalculateIsolines"",""CalculateRouteMatrix"",""CalculateRoutes"",""OptimizeWaypoints"",""SnapToRoads""]","arn:aws:geo-routes:${Region}::provider/default","^arn:aws:geo-routes:.+","null","True","https://docs.aws.amazon.com/service-authorization/latest/reference/list_geo-routes.html"
"lookoutequipment","Amazon Lookout for Equipment","[""CreateDataset"",""CreateInferenceScheduler"",""CreateLabel"",""CreateLabelGroup"",""CreateModel"",""CreateRetrainingScheduler"",""DeleteDataset"",""DeleteInferenceScheduler"",""DeleteLabel"",""DeleteLabelGroup"",""DeleteModel"",""DeleteResourcePolicy"",""DeleteRetrainingScheduler"",""DescribeDataIngestionJob"",""DescribeDataset"",""DescribeInferenceScheduler"",""DescribeLabelGroup"",""DescribeModel"",""DescribeModelVersion"",""DescribeResourcePolicy"",""DescribeRetrainingScheduler"",""Describelabel"",""ImportDataset"",""ImportModelVersion"",""ListDataIngestionJobs"",""ListDatasets"",""ListInferenceEvents"",""ListInferenceExecutions"",""ListInferenceSchedulers"",""ListLabelGroups"",""ListLabels"",""ListModelVersions"",""ListModels"",""ListRetrainingSchedulers"",""ListSensorStatistics"",""ListTagsForResource"",""PutResourcePolicy"",""StartDataIngestionJob"",""StartInferenceScheduler"",""StartRetrainingScheduler"",""StopInferenceScheduler"",""StopRetrainingScheduler"",""TagResource"",""UntagResource"",""UpdateActiveModelVersion"",""UpdateInferenceScheduler"",""UpdateLabelGroup"",""UpdateModel"",""UpdateRetrainingScheduler""]","arn:aws:lookoutequipment:${Region}:${Account}:${ResourceType}/${ResourceName}/${ResourceId}","^arn:aws:lookoutequipment:.+:.+:.+","[""aws:RequestTag/${TagKey}"",""aws:ResourceTag/${TagKey}"",""aws:TagKeys"",""lookoutequipment:IsImportingData""]","True","https://docs.aws.amazon.com/service-authorization/latest/reference/list_lookoutequipment.html"
"lookoutmetrics","Amazon Lookout for Metrics","[""ActivateAnomalyDetector"",""BackTestAnomalyDetector"",""CreateAlert"",""CreateAnomalyDetector"",""CreateMetricSet"",""DeactivateAnomalyDetector"",""DeleteAlert"",""DeleteAnomalyDetector"",""DescribeAlert"",""DescribeAnomalyDetectionExecutions"",""DescribeAnomalyDetector"",""DescribeMetricSet"",""DetectMetricSetConfig"",""GetAnomalyGroup"",""GetDataQualityMetrics"",""GetFeedback"",""GetSampleData"",""ListAlerts"",""ListAnomalyDetectors"",""ListAnomalyGroupRelatedMetrics"",""ListAnomalyGroupSummaries"",""ListAnomalyGroupTimeSeries"",""ListMetricSets"",""ListTagsForResource"",""PutFeedback"",""TagResource"",""UntagResource"",""UpdateAlert"",""UpdateAnomalyDetector"",""UpdateMetricSet""]","arn:aws:lookoutmetrics:${Region}:${AccountId}:${ResourceType}:${ResourceName}","^arn:aws:lookoutmetrics:.+:.+:.+","[""aws:RequestTag/${TagKey}"",""aws:ResourceTag/${TagKey}"",""aws:TagKeys""]","True","https://docs.aws.amazon.com/service-authorization/latest/reference/list_lookoutmetrics.html"
"lookoutvision","Amazon Lookout for Vision","[""CreateDataset"",""CreateModel"",""CreateProject"",""DeleteDataset"",""DeleteModel"",""DeleteProject"",""DescribeDataset"",""DescribeModel"",""DescribeModelPackagingJob"",""DescribeProject"",""DescribeTrialDetection"",""DetectAnomalies"",""ListDatasetEntries"",""ListModelPackagingJobs"",""ListModels"",""ListProjects"",""ListTagsForResource"",""ListTrialDetections"",""StartModel"",""StartModelPackagingJob"",""StartTrialDetection"",""StopModel"",""TagResource"",""UntagResource"",""UpdateDatasetEntries""]","arn:aws:lookoutvision:${Region}:${Account}:${ResourceType}/${ResourceName}","^arn:aws:lookoutvision:.+:.+:.+","[""aws:RequestTag/${TagKey}"",""aws:ResourceTag/${TagKey}"",""aws:TagKeys""]","True","https://docs.aws.amazon.com/service-authorization/latest/reference/list_lookoutvision.html"
"machinelearning","Amazon Machine Learning","[""AddTags"",""CreateBatchPrediction"",""CreateDataSourceFromRDS"",""CreateDataSourceFromRedshift"",""CreateDataSourceFromS3"",""CreateEvaluation"",""CreateMLModel"",""CreateRealtimeEndpoint"",""DeleteBatchPrediction"",""DeleteDataSource"",""DeleteEvaluation"",""DeleteMLModel"",""DeleteRealtimeEndpoint"",""DeleteTags"",""DescribeBatchPredictions"",""DescribeDataSources"",""DescribeEvaluations"",""DescribeMLModels"",""DescribeTags"",""GetBatchPrediction"",""GetDataSource"",""GetEvaluation"",""GetMLModel"",""Predict"",""UpdateBatchPrediction"",""UpdateDataSource"",""UpdateEvaluation"",""UpdateMLModel""]","arn:aws:machinelearning:${Region}:${Account}:${ResourceType}/${RelativeID}","^arn:aws:machinelearning:.+","null","True","https://docs.aws.amazon.com/service-authorization/latest/reference/list_machinelearning.html"
"macie2","Amazon Macie","[""AcceptInvitation"",""BatchGetCustomDataIdentifiers"",""BatchUpdateAutomatedDiscoveryAccounts"",""CreateAllowList"",""CreateClassificationJob"",""CreateCustomDataIdentifier"",""CreateFindingsFilter"",""CreateInvitations"",""CreateMember"",""CreateSampleFindings"",""DeclineInvitations"",""DeleteAllowList"",""DeleteCustomDataIdentifier"",""DeleteFindingsFilter"",""DeleteInvitations"",""DeleteMember"",""DescribeBuckets"",""DescribeClassificationJob"",""DescribeOrganizationConfiguration"",""DisableMacie"",""DisableOrganizationAdminAccount"",""DisassociateFromAdministratorAccount"",""DisassociateFromMasterAccount"",""DisassociateMember"",""EnableMacie"",""EnableOrganizationAdminAccount"",""GetAdministratorAccount"",""GetAllowList"",""GetAutomatedDiscoveryConfiguration"",""GetBucketStatistics"",""GetClassificationExportConfiguration"",""GetClassificationScope"",""GetCustomDataIdentifier"",""GetFindingStatistics"",""GetFindings"",""GetFindingsFilter"",""GetFindingsPublicationConfiguration"",""GetInvitationsCount"",""GetMacieSession"",""GetMasterAccount"",""GetMember"",""GetResourceProfile"",""GetRevealConfiguration"",""GetSensitiveDataOccurrences"",""GetSensitiveDataOccurrencesAvailability"",""GetSensitivityInspectionTemplate"",""GetUsageStatistics"",""GetUsageTotals"",""ListAllowLists"",""ListAutomatedDiscoveryAccounts"",""ListClassificationJobs"",""ListClassificationScopes"",""ListCustomDataIdentifiers"",""ListFindings"",""ListFindingsFilters"",""ListInvitations"",""ListManagedDataIdentifiers"",""ListMembers"",""ListOrganizationAdminAccounts"",""ListResourceProfileArtifacts"",""ListResourceProfileDetections"",""ListSensitivityInspectionTemplates"",""ListTagsForResource"",""PutClassificationExportConfiguration"",""PutFindingsPublicationConfiguration"",""SearchResources"",""TagResource"",""TestCustomDataIdentifier"",""UntagResource"",""UpdateAllowList"",""UpdateAutomatedDiscoveryConfiguration"",""UpdateClassificationJob"",""UpdateClassificationScope"",""UpdateFindingsFilter"",""UpdateMacieSession"",""UpdateMemberSession"",""UpdateOrganizationConfiguration"",""UpdateResourceProfile"",""UpdateResourceProfileDetections"",""UpdateRevealConfiguration"",""UpdateSensitivityInspectionTemplate""]","arn:aws:macie2:${Region}:${Account}:${ResourceType}/${ResourceName}","^arn:aws:macie2:.+:.+:.+","[""aws:RequestTag/${TagKey}"",""aws:ResourceTag/${TagKey}"",""aws:TagKeys""]","True","https://docs.aws.amazon.com/service-authorization/latest/reference/list_macie2.html"
"managedblockchain","Amazon Managed Blockchain","[""CreateAccessor"",""CreateMember"",""CreateNetwork"",""CreateNode"",""CreateProposal"",""DeleteAccessor"",""DeleteMember"",""DeleteNode"",""GET"",""GetAccessor"",""GetMember"",""GetNetwork"",""GetNode"",""GetProposal"",""Invoke"",""InvokeRpcBitcoinMainnet"",""InvokeRpcBitcoinTestnet"",""InvokeRpcPolygonMainnet"",""InvokeRpcPolygonMumbaiTestnet"",""ListAccessors"",""ListInvitations"",""ListMembers"",""ListNetworks"",""ListNodes"",""ListProposalVotes"",""ListProposals"",""ListTagsForResource"",""POST"",""RejectInvitation"",""TagResource"",""UntagResource"",""UpdateMember"",""UpdateNode"",""VoteOnProposal""]","arn:aws:managedblockchain:${Region}:${Account}:${ResourceType}/${ResourceName}","^arn:aws:managedblockchain:.*:[0-9]*:.+","[""aws:RequestTag/${TagKey}"",""aws:ResourceTag/${TagKey}"",""aws:TagKeys""]","True","https://docs.aws.amazon.com/service-authorization/latest/reference/list_managedblockchain.html"
"managedblockchain-query","Amazon Managed Blockchain Query","[""BatchGetTokenBalance"",""GetAssetContract"",""GetTokenBalance"",""GetTransaction"",""ListAssetContracts"",""ListFilteredTransactionEvents"",""ListTokenBalances"",""ListTransactionEvents"",""ListTransactions""]","arn:${Partition}:managedblockchain-query:${Region}:${Account}:${ResourceType}/${ResourceName}","^arn:${Partition}:managedblockchain-query:.*:[0-9]*:.+","null","False","https://docs.aws.amazon.com/service-authorization/latest/reference/list_managedblockchain-query.html"
"grafana","Amazon Managed Grafana","[""AssociateLicense"",""CreateWorkspace"",""CreateWorkspaceApiKey"",""CreateWorkspaceServiceAccount"",""CreateWorkspaceServiceAccountToken"",""DeleteWorkspace"",""DeleteWorkspaceApiKey"",""DeleteWorkspaceServiceAccount"",""DeleteWorkspaceServiceAccountToken"",""DescribeWorkspace"",""DescribeWorkspaceAuthentication"",""DescribeWorkspaceConfiguration"",""DisassociateLicense"",""ListPermissions"",""ListTagsForResource"",""ListVersions"",""ListWorkspaceServiceAccountTokens"",""ListWorkspaceServiceAccounts"",""ListWorkspaces"",""TagResource"",""UntagResource"",""UpdatePermissions"",""UpdateWorkspace"",""UpdateWorkspaceAuthentication"",""UpdateWorkspaceConfiguration""]","arn:aws:grafana:${Region}:${Account}:/${ResourceType}/${ResourceId}","^arn:aws:grafana:.+:.+:.+","[""aws:RequestTag/${TagKey}"",""aws:ResourceTag/${TagKey}"",""aws:TagKeys""]","True","https://docs.aws.amazon.com/service-authorization/latest/reference/list_grafana.html"
"aps","Amazon Managed Service for Prometheus","[""CreateAlertManagerAlerts"",""CreateAlertManagerDefinition"",""CreateAnomalyDetector"",""CreateLoggingConfiguration"",""CreateQueryLoggingConfiguration"",""CreateRuleGroupsNamespace"",""CreateScraper"",""CreateWorkspace"",""DeleteAlertManagerDefinition"",""DeleteAlertManagerSilence"",""DeleteAnomalyDetector"",""DeleteLoggingConfiguration"",""DeleteQueryLoggingConfiguration"",""DeleteResourcePolicy"",""DeleteRuleGroupsNamespace"",""DeleteScraper"",""DeleteScraperLoggingConfiguration"",""DeleteWorkspace"",""DescribeAlertManagerDefinition"",""DescribeAnomalyDetector"",""DescribeLoggingConfiguration"",""DescribeQueryLoggingConfiguration"",""DescribeResourcePolicy"",""DescribeRuleGroupsNamespace"",""DescribeScraper"",""DescribeScraperLoggingConfiguration"",""DescribeWorkspace"",""DescribeWorkspaceConfiguration"",""GetAlertManagerSilence"",""GetAlertManagerStatus"",""GetDefaultScraperConfiguration"",""GetLabels"",""GetMetricMetadata"",""GetSeries"",""ListAlertManagerAlertGroups"",""ListAlertManagerAlerts"",""ListAlertManagerReceivers"",""ListAlertManagerSilences"",""ListAlerts"",""ListAnomalyDetectors"",""ListRuleGroupsNamespaces"",""ListRules"",""ListScrapers"",""ListTagsForResource"",""ListWorkspaces"",""PreviewAnomalyDetector"",""PutAlertManagerDefinition"",""PutAlertManagerSilences"",""PutAnomalyDetector"",""PutResourcePolicy"",""PutRuleGroupsNamespace"",""QueryMetrics"",""RemoteWrite"",""TagResource"",""UntagResource"",""UpdateLoggingConfiguration"",""UpdateQueryLoggingConfiguration"",""UpdateScraper"",""UpdateScraperLoggingConfiguration"",""UpdateWorkspaceAlias"",""UpdateWorkspaceConfiguration""]","arn:aws:aps:${Region}:${Account}:${ResourceType}/${ResourceName}","^arn:aws:aps:.+:.+:.+","[""aws:RequestTag/${TagKey}"",""aws:ResourceTag/${TagKey}"",""aws:TagKeys""]","True","https://docs.aws.amazon.com/service-authorization/latest/reference/list_amp.html"
"kafka","Amazon Managed Streaming for Apache Kafka","[""BatchAssociateScramSecret"",""BatchDisassociateScramSecret"",""CreateChannel"",""CreateCluster"",""CreateClusterV2"",""CreateConfiguration"",""CreateReplicator"",""CreateTopic"",""CreateVpcConnection"",""DeleteChannel"",""DeleteCluster"",""DeleteClusterPolicy"",""DeleteConfiguration"",""DeleteReplicator"",""DeleteTopic"",""DeleteVpcConnection"",""DescribeChannel"",""DescribeCluster"",""DescribeClusterOperation"",""DescribeClusterOperationV2"",""DescribeClusterV2"",""DescribeConfiguration"",""DescribeConfigurationRevision"",""DescribeReplicator"",""DescribeTopic"",""DescribeTopicPartitions"",""DescribeVpcConnection"",""GetBootstrapBrokers"",""GetClusterPolicy"",""GetCompatibleKafkaVersions"",""ListChannels"",""ListClientVpcConnections"",""ListClusterOperations"",""ListClusterOperationsV2"",""ListClusters"",""ListClustersV2"",""ListConfigurationRevisions"",""ListConfigurations"",""ListKafkaVersions"",""ListNodes"",""ListReplicators"",""ListScramSecrets"",""ListTagsForResource"",""ListTopics"",""ListVpcConnections"",""PutClusterPolicy"",""RebootBroker"",""RejectClientVpcConnection"",""TagResource"",""UntagResource"",""UpdateBrokerCount"",""UpdateBrokerStorage"",""UpdateBrokerType"",""UpdateChannel"",""UpdateClusterConfiguration"",""UpdateClusterKafkaVersion"",""UpdateConfiguration"",""UpdateConnectivity"",""UpdateMonitoring"",""UpdateRebalancing"",""UpdateReplicationInfo"",""UpdateSecurity"",""UpdateStorage"",""UpdateTopic""]","arn:aws:kafka:${Region}:${Account}:${ResourceType}/${ResourceName}/${Uuid}","^arn:aws:kafka:.+","[""aws:RequestTag/${TagKey}"",""aws:ResourceTag/${TagKey}"",""aws:TagKeys"",""kafka:publicAccessEnabled""]","True","https://docs.aws.amazon.com/service-authorization/latest/reference/list_kafka.html"
"kafkaconnect","Amazon Managed Streaming for Kafka Connect","[""CreateConnector"",""CreateCustomPlugin"",""CreateWorkerConfiguration"",""DeleteConnector"",""DeleteCustomPlugin"",""DeleteWorkerConfiguration"",""DescribeConnector"",""DescribeConnectorOperation"",""DescribeCustomPlugin"",""DescribeWorkerConfiguration"",""ListConnectorOperations"",""ListConnectors"",""ListCustomPlugins"",""ListTagsForResource"",""ListWorkerConfigurations"",""TagResource"",""UntagResource"",""UpdateConnector""]","arn:aws:kafkaconnect:${Region}:${Account}:${ResourceType}/${ResourceName}/${UUID}","^arn:aws:kafkaconnect:.+","[""aws:RequestTag/${TagKey}"",""aws:ResourceTag/${TagKey}"",""aws:TagKeys""]","True","https://docs.aws.amazon.com/service-authorization/latest/reference/list_kafkaconnect.html"
"airflow","Amazon Managed Workflows for Apache Airflow","[""CreateCliToken"",""CreateEnvironment"",""CreateWebLoginToken"",""DeleteEnvironment"",""GetEnvironment"",""InvokeRestApi"",""ListEnvironments"",""ListTagsForResource"",""PublishMetrics"",""TagResource"",""UntagResource"",""UpdateEnvironment""]","arn:aws:airflow:${Region}:${Account}:${ResourceType}/${ResourceName}","^arn:aws:airflow:.+:.+:.+","[""airflow:DagAccessEntity"",""airflow:ResourceAction"",""airflow:ResourceId"",""airflow:ResourceType"",""airflow:TeamNames"",""aws:RequestTag/${TagKey}"",""aws:ResourceTag/${TagKey}"",""aws:TagKeys""]","True","https://docs.aws.amazon.com/service-authorization/latest/reference/list_mwaa.html"
"mechanicalturk","Amazon Mechanical Turk","[""AcceptQualificationRequest"",""ApproveAssignment"",""AssociateQualificationWithWorker"",""CreateAdditionalAssignmentsForHIT"",""CreateHIT"",""CreateHITType"",""CreateHITWithHITType"",""CreateQualificationType"",""CreateWorkerBlock"",""DeleteHIT"",""DeleteQualificationType"",""DeleteWorkerBlock"",""DisassociateQualificationFromWorker"",""GetAccountBalance"",""GetAssignment"",""GetFileUploadURL"",""GetHIT"",""GetQualificationScore"",""GetQualificationType"",""ListAssignmentsForHIT"",""ListBonusPayments"",""ListHITs"",""ListHITsForQualificationType"",""ListQualificationRequests"",""ListQualificationTypes"",""ListReviewPolicyResultsForHIT"",""ListReviewableHITs"",""ListWorkerBlocks"",""ListWorkersWithQualificationType"",""NotifyWorkers"",""RejectAssignment"",""RejectQualificationRequest"",""SendBonus"",""SendTestEventNotification"",""UpdateExpirationForHIT"",""UpdateHITReviewStatus"",""UpdateHITTypeOfHIT"",""UpdateNotificationSettings"",""UpdateQualificationType""]","","","null","False","https://docs.aws.amazon.com/service-authorization/latest/reference/list_mturk.html"
"memorydb","Amazon MemoryDB","[""BatchUpdateCluster"",""Connect"",""CopySnapshot"",""CreateAcl"",""CreateCluster"",""CreateMultiRegionCluster"",""CreateParameterGroup"",""CreateSnapshot"",""CreateSubnetGroup"",""CreateUser"",""DeleteAcl"",""DeleteCluster"",""DeleteMultiRegionCluster"",""DeleteParameterGroup"",""DeleteSnapshot"",""DeleteSubnetGroup"",""DeleteUser"",""DescribeAcls"",""DescribeClusters"",""DescribeEngineVersions"",""DescribeEvents"",""DescribeMultiRegionClusters"",""DescribeMultiRegionParameterGroups"",""DescribeMultiRegionParameters"",""DescribeParameterGroups"",""DescribeParameters"",""DescribeReservedNodes"",""DescribeReservedNodesOfferings"",""DescribeServiceUpdates"",""DescribeSnapshots"",""DescribeSubnetGroups"",""DescribeUsers"",""FailoverShard"",""ListAllowedMultiRegionClusterUpdates"",""ListAllowedNodeTypeUpdates"",""ListTags"",""PauseMultiRegionClusterReplication"",""PurchaseReservedNodesOffering"",""ResetParameterGroup"",""TagResource"",""UntagResource"",""UpdateAcl"",""UpdateCluster"",""UpdateMultiRegionCluster"",""UpdateParameterGroup"",""UpdateSubnetGroup"",""UpdateUser""]","arn:aws:memorydb:${Region}:${Account}:${ResourceType}/${ResourceName}","^arn:aws:memorydb:.+:.+:.+","[""aws:RequestTag/${TagKey}"",""aws:ResourceTag/${TagKey}"",""aws:TagKeys"",""memorydb:TLSEnabled"",""memorydb:UserAuthenticationMode""]","True","https://docs.aws.amazon.com/service-authorization/latest/reference/list_memorydb.html"
"ec2messages","Amazon Message Delivery Service","[""AcknowledgeMessage"",""DeleteMessage"",""FailMessage"",""GetEndpoint"",""GetMessages"",""SendReply""]","","","[""ec2:SourceInstanceARN"",""ssm:SourceInstanceARN""]","False","https://docs.aws.amazon.com/service-authorization/latest/reference/list_ec2messages.html"
"ssmmessages","Amazon Message Gateway Service","[""CreateControlChannel"",""CreateDataChannel"",""OpenControlChannel"",""OpenDataChannel""]","","","[""ec2:SourceInstanceARN"",""ssm:SourceInstanceARN""]","False","https://docs.aws.amazon.com/service-authorization/latest/reference/list_ssmmessages.html"
"mobileanalytics","Amazon Mobile Analytics","[""GetFinancialReports"",""GetReports"",""PutEvents""]","","","null","False","https://docs.aws.amazon.com/service-authorization/latest/reference/list_mobileanalytics.html"
"monitron","Amazon Monitron","[""AssociateProjectAdminUser"",""CreateProject"",""CreateProjectUserAssociation"",""CreateUserAccessRoleAssociation"",""DeleteProject"",""DeleteProjectUserAssociation"",""DeleteUserAccessRoleAssociation"",""DisassociateProjectAdminUser"",""GetProject"",""GetProjectAdminUser"",""ListProjectAdminUsers"",""ListProjectUserAssociations"",""ListProjects"",""ListTagsForResource"",""ListUserAccessRoleAssociations"",""TagResource"",""UntagResource"",""UpdateProject""]","arn:aws:monitron:${Region}:${Account}:${ResourceType}/${ResourceId}","^arn:aws:monitron:.+:.+:.+","[""aws:RequestTag/${TagKey}"",""aws:ResourceTag/${TagKey}"",""aws:TagKeys""]","True","https://docs.aws.amazon.com/service-authorization/latest/reference/list_monitron.html"
"mq","Amazon MQ","[""CreateBroker"",""CreateConfiguration"",""CreateReplicaBroker"",""CreateTags"",""CreateUser"",""DeleteBroker"",""DeleteConfiguration"",""DeleteTags"",""DeleteUser"",""DescribeBroker"",""DescribeBrokerEngineTypes"",""DescribeBrokerInstanceOptions"",""DescribeConfiguration"",""DescribeConfigurationRevision"",""DescribeSharedResources"",""DescribeUser"",""ListBrokers"",""ListConfigurationRevisions"",""ListConfigurations"",""ListTags"",""ListUsers"",""Promote"",""RebootBroker"",""UpdateBroker"",""UpdateBrokerAccessConfiguration"",""UpdateConfiguration"",""UpdateUser""]","arn:aws:mq:${Region}:${Account}:.+","^arn:aws:mq:.+","[""aws:RequestTag/${TagKey}"",""aws:ResourceTag/${TagKey}"",""aws:TagKeys""]","True","https://docs.aws.amazon.com/service-authorization/latest/reference/list_mq.html"
"neptune-db","Amazon Neptune","[""CancelLoaderJob"",""CancelMLDataProcessingJob"",""CancelMLModelTrainingJob"",""CancelMLModelTransformJob"",""CancelQuery"",""CreateMLEndpoint"",""DeleteDataViaQuery"",""DeleteMLEndpoint"",""DeleteStatistics"",""GetEngineStatus"",""GetGraphSummary"",""GetLoaderJobStatus"",""GetMLDataProcessingJobStatus"",""GetMLEndpointStatus"",""GetMLModelTrainingJobStatus"",""GetMLModelTransformJobStatus"",""GetQueryStatus"",""GetStatisticsStatus"",""GetStreamRecords"",""ListLoaderJobs"",""ListMLDataProcessingJobs"",""ListMLEndpoints"",""ListMLModelTrainingJobs"",""ListMLModelTransformJobs"",""ManageStatistics"",""ReadDataViaQuery"",""ResetDatabase"",""StartLoaderJob"",""StartMLDataProcessingJob"",""StartMLModelTrainingJob"",""StartMLModelTransformJob"",""WriteDataViaQuery"",""connect""]","arn:aws:neptune-db:${Region}:${Account}:${Id}/*","^arn:aws:neptune-db:.+","""neptune-db:QueryLanguage""","True","https://docs.aws.amazon.com/service-authorization/latest/reference/list_neptunedata.html"
"neptune-graph","Amazon Neptune Analytics","[""CancelExportTask"",""CancelImportTask"",""CancelQuery"",""CreateGraph"",""CreateGraphSnapshot"",""CreateGraphUsingImportTask"",""CreatePrivateGraphEndpoint"",""DeleteDataViaQuery"",""DeleteGraph"",""DeleteGraphSnapshot"",""DeletePrivateGraphEndpoint"",""GetEngineStatus"",""GetExportTask"",""GetGraph"",""GetGraphSnapshot"",""GetGraphSummary"",""GetImportTask"",""GetPrivateGraphEndpoint"",""GetQueryStatus"",""GetStatisticsStatus"",""ListExportTasks"",""ListGraphSnapshots"",""ListGraphs"",""ListImportTasks"",""ListPrivateGraphEndpoints"",""ListQueries"",""ListTagsForResource"",""ReadDataViaQuery"",""ResetGraph"",""RestoreGraphFromSnapshot"",""StartExportTask"",""StartGraph"",""StartImportTask"",""StopGraph"",""TagResource"",""UntagResource"",""UpdateGraph"",""WriteDataViaQuery""]","arn:aws:neptune-graph:${Region}:${Account}:${ResourceType}/${ResourceId}","^arn:aws:neptune-graph:.+","[""aws:RequestTag/${TagKey}"",""aws:ResourceTag/${TagKey}"",""aws:TagKeys"",""neptune-graph:PublicConnectivity""]","True","https://docs.aws.amazon.com/service-authorization/latest/reference/list_neptune-graph.html"
"nimble","Amazon Nimble Studio","[""AcceptEulas"",""CreateLaunchProfile"",""CreateStreamingImage"",""CreateStreamingSession"",""CreateStreamingSessionStream"",""CreateStudio"",""CreateStudioComponent"",""DeleteLaunchProfile"",""DeleteLaunchProfileMember"",""DeleteStreamingImage"",""DeleteStreamingSession"",""DeleteStudio"",""DeleteStudioComponent"",""DeleteStudioMember"",""GetEula"",""GetFeatureMap"",""GetLaunchProfile"",""GetLaunchProfileDetails"",""GetLaunchProfileInitialization"",""GetLaunchProfileMember"",""GetStreamingImage"",""GetStreamingSession"",""GetStreamingSessionBackup"",""GetStreamingSessionStream"",""GetStudio"",""GetStudioComponent"",""GetStudioMember"",""ListEulaAcceptances"",""ListEulas"",""ListLaunchProfileMembers"",""ListLaunchProfiles"",""ListStreamingImages"",""ListStreamingSessionBackups"",""ListStreamingSessions"",""ListStudioComponents"",""ListStudioMembers"",""ListStudios"",""ListTagsForResource"",""PutLaunchProfileMembers"",""PutStudioLogEvents"",""PutStudioMembers"",""StartStreamingSession"",""StartStudioSSOConfigurationRepair"",""StopStreamingSession"",""TagResource"",""UntagResource"",""UpdateLaunchProfile"",""UpdateLaunchProfileMember"",""UpdateStreamingImage"",""UpdateStudio"",""UpdateStudioComponent""]","arn:aws:nimble:${Region}:${Account}:${ResourceType}/${ResourcePath}","^arn:aws:nimble:.+:.+:.+","[""aws:RequestTag/${TagKey}"",""aws:ResourceTag/${TagKey}"",""aws:TagKeys"",""nimble:createdBy"",""nimble:ownedBy"",""nimble:principalId"",""nimble:requesterPrincipalId"",""nimble:studioId""]","True","https://docs.aws.amazon.com/service-authorization/latest/reference/list_nimble.html"
"nova-act","Amazon Nova Act","[""CreateAct"",""CreateSession"",""CreateWorkflowDefinition"",""CreateWorkflowRun"",""DeleteWorkflowDefinition"",""DeleteWorkflowRun"",""GetWorkflowDefinition"",""GetWorkflowRun"",""InvokeActStep"",""ListActs"",""ListModels"",""ListSessions"",""ListWorkflowDefinitions"",""ListWorkflowRuns"",""UpdateAct"",""UpdateWorkflowRun""]","arn:aws:nova-act:${Region}:${Account}:${ResourceType}/${ResourcePath}","^arn:aws:nova-act:.+:.+:.+","null","True","https://docs.aws.amazon.com/service-authorization/latest/reference/list_nova-act.html"
"one","Amazon One Enterprise","[""CreateDeviceActivationQrCode"",""CreateDeviceConfigurationTemplate"",""CreateDeviceInstance"",""CreateDeviceInstanceConfiguration"",""CreateSite"",""DeleteAssociatedDevice"",""DeleteDeviceConfigurationTemplate"",""DeleteDeviceInstance"",""DeleteSite"",""DeleteUserV1"",""GetDeviceConfigurationTemplate"",""GetDeviceInstance"",""GetDeviceInstanceConfiguration"",""GetSite"",""GetSiteAddress"",""ListDeviceConfigurationTemplates"",""ListDeviceInstances"",""ListSites"",""ListTagsForResource"",""ListUsers"",""ListUsersV1"",""RebootDevice"",""TagResource"",""UntagResource"",""UpdateDeviceConfigurationTemplate"",""UpdateDeviceInstance"",""UpdateSite"",""UpdateSiteAddress""]","arn:aws:one:${Region}:${Account}:${ResourceType}:${ResourceId}","^arn:aws:one:.+","[""aws:RequestTag/${TagKey}"",""aws:ResourceTag/${TagKey}"",""aws:TagKeys""]","True","https://docs.aws.amazon.com/service-authorization/latest/reference/list_one.html"
"opensearch","Amazon OpenSearch","[""ApplicationAccessAll"",""CancelAutoOptimizeJob"",""CancelDirectQuery"",""DeleteAutoOptimizeJob"",""GetAutoOptimizeJob"",""GetDirectQuery"",""GetDirectQueryResult"",""ListAutoOptimizeJobs"",""StartDirectQuery"",""SubmitAutoOptimizeJob"",""ViewLoginPage""]","arn:aws:opensearch:${Region}:${Account}:${Resource}","^arn:aws:opensearch:.+","null","True","https://docs.aws.amazon.com/service-authorization/latest/reference/list_opensearch.html"
"osis","Amazon OpenSearch Ingestion","[""CreatePipeline"",""CreatePipelineEndpoint"",""DeletePipeline"",""DeletePipelineEndpoint"",""DeleteResourcePolicy"",""GetPipeline"",""GetPipelineBlueprint"",""GetPipelineChangeProgress"",""GetResourcePolicy"",""Ingest"",""ListPipelineBlueprints"",""ListPipelineEndpointConnections"",""ListPipelineEndpoints"",""ListPipelines"",""ListTagsForResource"",""PutResourcePolicy"",""RevokePipelineEndpointConnections"",""StartPipeline"",""StopPipeline"",""TagResource"",""UntagResource"",""UpdatePipeline"",""ValidatePipeline""]","arn:aws:osis:${Region}:${Account}:${ResourceType}/${ResourceName}","^arn:aws:osis:.+:.+:.+","[""aws:RequestTag/${TagKey}"",""aws:ResourceTag/${TagKey}"",""aws:TagKeys""]","True","https://docs.aws.amazon.com/service-authorization/latest/reference/list_osis.html"
"aoss","Amazon OpenSearch Serverless","[""APIAccessAll"",""AddCollectionToCollectionGroup"",""BatchGetCollection"",""BatchGetCollectionGroup"",""BatchGetEffectiveLifecyclePolicy"",""BatchGetLifecyclePolicy"",""BatchGetVpcEndpoint"",""CreateAccessPolicy"",""CreateCollection"",""CreateCollectionGroup"",""CreateIndex"",""CreateLifecyclePolicy"",""CreateSecurityConfig"",""CreateSecurityPolicy"",""CreateVpcEndpoint"",""DashboardsAccessAll"",""DeleteAccessPolicy"",""DeleteCollection"",""DeleteCollectionGroup"",""DeleteIndex"",""DeleteLifecyclePolicy"",""DeleteSecurityConfig"",""DeleteSecurityPolicy"",""DeleteVpcEndpoint"",""GetAccessPolicy"",""GetAccountSettings"",""GetIndex"",""GetPoliciesStats"",""GetSecurityConfig"",""GetSecurityPolicy"",""ListAccessPolicies"",""ListCollectionGroups"",""ListCollections"",""ListLifecyclePolicies"",""ListSecurityConfigs"",""ListSecurityPolicies"",""ListTagsForResource"",""ListVpcEndpoints"",""TagResource"",""UntagResource"",""UpdateAccessPolicy"",""UpdateAccountSettings"",""UpdateCollection"",""UpdateCollectionGroup"",""UpdateIndex"",""UpdateLifecyclePolicy"",""UpdateSecurityConfig"",""UpdateSecurityPolicy"",""UpdateVpcEndpoint""]","arn:aws:aoss:${Region}:${Account}:${Resource}","^arn:aws:aoss:.+","[""aoss:CollectionId"",""aoss:collection"",""aoss:collection-group"",""aoss:index"",""aws:RequestTag/${TagKey}"",""aws:ResourceTag/${TagKey}"",""aws:TagKeys""]","True","https://docs.aws.amazon.com/service-authorization/latest/reference/list_opensearchserverless.html"
"es","Amazon OpenSearch Service","[""AcceptInboundConnection"",""AcceptInboundCrossClusterSearchConnection"",""AddDataSource"",""AddDirectQueryDataSource"",""AddTags"",""AssociatePackage"",""AssociatePackages"",""AttachDataSource"",""AuthorizeVpcEndpointAccess"",""CancelDomainConfigChange"",""CancelElasticsearchServiceSoftwareUpdate"",""CancelServiceSoftwareUpdate"",""CreateApplication"",""CreateDomain"",""CreateElasticsearchDomain"",""CreateElasticsearchServiceRole"",""CreateIndex"",""CreateOutboundConnection"",""CreateOutboundCrossClusterSearchConnection"",""CreatePackage"",""CreateServiceRole"",""CreateVpcEndpoint"",""DeleteApplication"",""DeleteDataSource"",""DeleteDirectQueryDataSource"",""DeleteDomain"",""DeleteElasticsearchDomain"",""DeleteElasticsearchServiceRole"",""DeleteInboundConnection"",""DeleteInboundCrossClusterSearchConnection"",""DeleteIndex"",""DeleteOutboundConnection"",""DeleteOutboundCrossClusterSearchConnection"",""DeletePackage"",""DeleteVpcEndpoint"",""DeregisterCapability"",""DescribeDataSourceAttachment"",""DescribeDomain"",""DescribeDomainAutoTunes"",""DescribeDomainChangeProgress"",""DescribeDomainConfig"",""DescribeDomainHealth"",""DescribeDomainNodes"",""DescribeDomains"",""DescribeDryRunProgress"",""DescribeElasticsearchDomain"",""DescribeElasticsearchDomainConfig"",""DescribeElasticsearchDomains"",""DescribeElasticsearchInstanceTypeLimits"",""DescribeInboundConnections"",""DescribeInboundCrossClusterSearchConnections"",""DescribeInsightDetails"",""DescribeInstanceTypeLimits"",""DescribeOutboundConnections"",""DescribeOutboundCrossClusterSearchConnections"",""DescribePackages"",""DescribeReservedElasticsearchInstanceOfferings"",""DescribeReservedElasticsearchInstances"",""DescribeReservedInstanceOfferings"",""DescribeReservedInstances"",""DescribeVpcEndpoints"",""DetachDataSource"",""DissociatePackage"",""DissociatePackages"",""ESCrossClusterGet"",""ESHttpDelete"",""ESHttpGet"",""ESHttpHead"",""ESHttpPatch"",""ESHttpPost"",""ESHttpPut"",""GetApplication"",""GetCapability"",""GetCompatibleElasticsearchVersions"",""GetCompatibleVersions"",""GetDataSource"",""GetDefaultApplicationSetting"",""GetDirectQueryDataSource"",""GetDomainMaintenanceStatus"",""GetIndex"",""GetMigration"",""GetPackageVersionHistory"",""GetUpgradeHistory"",""GetUpgradeStatus"",""InsightFeedback"",""ListApplications"",""ListDataSourceAttachments"",""ListDataSources"",""ListDirectQueryDataSources"",""ListDomainMaintenances"",""ListDomainNames"",""ListDomainsForPackage"",""ListElasticsearchInstanceTypeDetails"",""ListElasticsearchInstanceTypes"",""ListElasticsearchVersions"",""ListInsights"",""ListInstanceTypeDetails"",""ListMigrations"",""ListPackagesForDomain"",""ListScheduledActions"",""ListTags"",""ListVersions"",""ListVpcEndpointAccess"",""ListVpcEndpoints"",""ListVpcEndpointsForDomain"",""PurchaseReservedElasticsearchInstanceOffering"",""PurchaseReservedInstanceOffering"",""PutDefaultApplicationSetting"",""RegisterCapability"",""RejectInboundConnection"",""RejectInboundCrossClusterSearchConnection"",""RemoveTags"",""RevokeVpcEndpointAccess"",""RollbackElasticsearchServiceSoftwareUpdate"",""RollbackServiceSoftwareUpdate"",""StartDomainMaintenance"",""StartElasticsearchServiceSoftwareUpdate"",""StartMigration"",""StartServiceSoftwareUpdate"",""UpdateApplication"",""UpdateDataSource"",""UpdateDirectQueryDataSource"",""UpdateDomainConfig"",""UpdateElasticsearchDomainConfig"",""UpdateIndex"",""UpdatePackage"",""UpdatePackageScope"",""UpdateScheduledAction"",""UpdateVpcEndpoint"",""UpgradeDomain"",""UpgradeElasticsearchDomain""]","arn:aws:es:${Region}:${Account}:${Resource}","^arn:aws:es:.+","[""aws:RequestTag/${TagKey}"",""aws:ResourceTag/${TagKey}"",""aws:TagKeys""]","True","https://docs.aws.amazon.com/service-authorization/latest/reference/list_es.html"
"personalize","Amazon Personalize","[""CreateBatchInferenceJob"",""CreateBatchSegmentJob"",""CreateCampaign"",""CreateDataDeletionJob"",""CreateDataInsightsJob"",""CreateDataset"",""CreateDatasetExportJob"",""CreateDatasetGroup"",""CreateDatasetImportJob"",""CreateEventTracker"",""CreateFilter"",""CreateMetricAttribution"",""CreateRecommender"",""CreateSchema"",""CreateSolution"",""CreateSolutionVersion"",""DeleteCampaign"",""DeleteDataset"",""DeleteDatasetGroup"",""DeleteEventTracker"",""DeleteFilter"",""DeleteMetricAttribution"",""DeleteRecommender"",""DeleteSchema"",""DeleteSolution"",""DescribeAlgorithm"",""DescribeBatchInferenceJob"",""DescribeBatchSegmentJob"",""DescribeCampaign"",""DescribeDataDeletionJob"",""DescribeDataInsightsJob"",""DescribeDataset"",""DescribeDatasetExportJob"",""DescribeDatasetGroup"",""DescribeDatasetImportJob"",""DescribeEventTracker"",""DescribeFeatureTransformation"",""DescribeFilter"",""DescribeMetricAttribution"",""DescribeRecipe"",""DescribeRecommender"",""DescribeSchema"",""DescribeSolution"",""DescribeSolutionVersion"",""GetActionRecommendations"",""GetDataInsights"",""GetPersonalizedRanking"",""GetRecommendations"",""GetSolutionMetrics"",""ListBatchInferenceJobs"",""ListBatchSegmentJobs"",""ListCampaigns"",""ListDataDeletionJobs"",""ListDataInsightsJobs"",""ListDatasetExportJobs"",""ListDatasetGroups"",""ListDatasetImportJobs"",""ListDatasets"",""ListEventTrackers"",""ListFilters"",""ListMetricAttributionMetrics"",""ListMetricAttributions"",""ListRecipes"",""ListRecommenders"",""ListSchemas"",""ListSolutionVersions"",""ListSolutions"",""ListTagsForResource"",""PutActionInteractions"",""PutActions"",""PutEvents"",""PutItems"",""PutUsers"",""StartRecommender"",""StopRecommender"",""StopSolutionVersionCreation"",""TagResource"",""UntagResource"",""UpdateCampaign"",""UpdateDataset"",""UpdateMetricAttribution"",""UpdateRecommender"",""UpdateSolution""]","arn:aws:personalize:${Region}:${Account}:${Resourcename}/${ResourceId}","^arn:aws:personalize:.+:.+:.+","[""aws:RequestTag/${TagKey}"",""aws:ResourceTag/${TagKey}"",""aws:TagKeys""]","True","https://docs.aws.amazon.com/service-authorization/latest/reference/list_personalize.html"
"mobiletargeting","Amazon Pinpoint","[""CreateApp"",""CreateCampaign"",""CreateEmailTemplate"",""CreateExportJob"",""CreateImportJob"",""CreateInAppTemplate"",""CreateJourney"",""CreatePushTemplate"",""CreateRecommenderConfiguration"",""CreateSegment"",""CreateSmsTemplate"",""CreateVoiceTemplate"",""DeleteAdmChannel"",""DeleteApnsChannel"",""DeleteApnsSandboxChannel"",""DeleteApnsVoipChannel"",""DeleteApnsVoipSandboxChannel"",""DeleteApp"",""DeleteBaiduChannel"",""DeleteCampaign"",""DeleteEmailChannel"",""DeleteEmailTemplate"",""DeleteEndpoint"",""DeleteEventStream"",""DeleteGcmChannel"",""DeleteInAppTemplate"",""DeleteJourney"",""DeletePushTemplate"",""DeleteRecommenderConfiguration"",""DeleteSegment"",""DeleteSmsChannel"",""DeleteSmsTemplate"",""DeleteUserEndpoints"",""DeleteVoiceChannel"",""DeleteVoiceTemplate"",""GetAdmChannel"",""GetApnsChannel"",""GetApnsSandboxChannel"",""GetApnsVoipChannel"",""GetApnsVoipSandboxChannel"",""GetApp"",""GetApplicationDateRangeKpi"",""GetApplicationSettings"",""GetApps"",""GetBaiduChannel"",""GetCampaign"",""GetCampaignActivities"",""GetCampaignDateRangeKpi"",""GetCampaignVersion"",""GetCampaignVersions"",""GetCampaigns"",""GetChannels"",""GetEmailChannel"",""GetEmailTemplate"",""GetEndpoint"",""GetEventStream"",""GetExportJob"",""GetExportJobs"",""GetGcmChannel"",""GetImportJob"",""GetImportJobs"",""GetInAppMessages"",""GetInAppTemplate"",""GetJourney"",""GetJourneyDateRangeKpi"",""GetJourneyExecutionActivityMetrics"",""GetJourneyExecutionMetrics"",""GetJourneyRunExecutionActivityMetrics"",""GetJourneyRunExecutionMetrics"",""GetJourneyRuns"",""GetPushTemplate"",""GetRecommenderConfiguration"",""GetRecommenderConfigurations"",""GetReports"",""GetSegment"",""GetSegmentExportJobs"",""GetSegmentImportJobs"",""GetSegmentVersion"",""GetSegmentVersions"",""GetSegments"",""GetSmsChannel"",""GetSmsTemplate"",""GetUserEndpoints"",""GetVoiceChannel"",""GetVoiceTemplate"",""ListJourneys"",""ListTagsForResource"",""ListTemplateVersions"",""ListTemplates"",""PhoneNumberValidate"",""PutEventStream"",""PutEvents"",""RemoveAttributes"",""SendMessages"",""SendOTPMessage"",""SendUsersMessages"",""TagResource"",""UntagResource"",""UpdateAdmChannel"",""UpdateApnsChannel"",""UpdateApnsSandboxChannel"",""UpdateApnsVoipChannel"",""UpdateApnsVoipSandboxChannel"",""UpdateApplicationSettings"",""UpdateBaiduChannel"",""UpdateCampaign"",""UpdateEmailChannel"",""UpdateEmailTemplate"",""UpdateEndpoint"",""UpdateEndpointsBatch"",""UpdateGcmChannel"",""UpdateInAppTemplate"",""UpdateJourney"",""UpdateJourneyState"",""UpdatePushTemplate"",""UpdateRecommenderConfiguration"",""UpdateSegment"",""UpdateSmsChannel"",""UpdateSmsTemplate"",""UpdateTemplateActiveVersion"",""UpdateVoiceChannel"",""UpdateVoiceTemplate"",""VerifyOTPMessage""]","arn:aws:mobiletargeting:${Region}:${Account}:.+","^arn:aws:mobiletargeting:.+","[""aws:RequestTag/${TagKey}"",""aws:ResourceTag/${TagKey}"",""aws:TagKeys""]","True","https://docs.aws.amazon.com/service-authorization/latest/reference/list_pinpoint.html"
"ses","Amazon Pinpoint Email Service","[""CreateConfigurationSet"",""CreateConfigurationSetEventDestination"",""CreateDedicatedIpPool"",""CreateDeliverabilityTestReport"",""CreateEmailIdentity"",""DeleteConfigurationSet"",""DeleteConfigurationSetEventDestination"",""DeleteDedicatedIpPool"",""DeleteEmailIdentity"",""GetAccount"",""GetBlacklistReports"",""GetConfigurationSet"",""GetConfigurationSetEventDestinations"",""GetDedicatedIp"",""GetDedicatedIps"",""GetDeliverabilityDashboardOptions"",""GetDeliverabilityTestReport"",""GetDomainDeliverabilityCampaign"",""GetDomainStatisticsReport"",""GetEmailIdentity"",""ListConfigurationSets"",""ListDedicatedIpPools"",""ListDeliverabilityTestReports"",""ListDomainDeliverabilityCampaigns"",""ListEmailIdentities"",""ListTagsForResource"",""PutAccountDedicatedIpWarmupAttributes"",""PutAccountSendingAttributes"",""PutConfigurationSetDeliveryOptions"",""PutConfigurationSetReputationOptions"",""PutConfigurationSetSendingOptions"",""PutConfigurationSetTrackingOptions"",""PutDedicatedIpInPool"",""PutDedicatedIpWarmupAttributes"",""PutDeliverabilityDashboardOption"",""PutEmailIdentityDkimAttributes"",""PutEmailIdentityFeedbackAttributes"",""PutEmailIdentityMailFromAttributes"",""SendEmail"",""TagResource"",""UntagResource"",""UpdateConfigurationSetEventDestination""]","arn:aws:ses:${Region}:${Account}:${ResourceType}/${ResourceId}","^arn:aws:ses:.+:[0-9]+:.+","[""aws:RequestTag/${TagKey}"",""aws:ResourceTag/${TagKey}"",""aws:TagKeys"",""ses:ApiVersion"",""ses:FeedbackAddress"",""ses:FromAddress"",""ses:FromDisplayName"",""ses:Recipients""]","True","https://docs.aws.amazon.com/service-authorization/latest/reference/list_pinpoint-email.html"
"sms-voice","Amazon Pinpoint SMS and Voice Service","[""CreateConfigurationSet"",""CreateConfigurationSetEventDestination"",""DeleteConfigurationSet"",""DeleteConfigurationSetEventDestination"",""GetConfigurationSetEventDestinations"",""ListConfigurationSets"",""SendVoiceMessage"",""UpdateConfigurationSetEventDestination""]","arn:aws:sms-voice:<region>:<account-id>:<resource-type>/<resource_name>","^arn:aws:sms-voice:.+:.+:.+","null","False","https://docs.aws.amazon.com/service-authorization/latest/reference/list_pinpoint-sms-voice.html"
"polly","Amazon Polly","[""DeleteLexicon"",""DescribeVoices"",""GetLexicon"",""GetSpeechSynthesisTask"",""ListLexicons"",""ListSpeechSynthesisTasks"",""PutLexicon"",""StartSpeechSynthesisStream"",""StartSpeechSynthesisTask"",""SynthesizeSpeech""]","arn:aws:polly:${Region}:${Account}:lexicon/${RelativeId}","^arn:aws:polly:${Region}:.+","null","True","https://docs.aws.amazon.com/service-authorization/latest/reference/list_polly.html"
"q","Amazon Q","[""AssociateConnectorResource"",""AssociateLoginDomain"",""BatchDescribeGroups"",""BatchDescribeUsers"",""BatchGetGroups"",""BatchGetUsers"",""CreateArtifact"",""CreateAssignment"",""CreateAuthGrant"",""CreateOAuthAppConnection"",""CreatePlugin"",""CreateScimAccessToken"",""DeleteAssignment"",""DeleteConversation"",""DeleteOAuthAppConnection"",""DeletePlugin"",""DeleteScimAccessToken"",""DisassociateLoginDomain"",""GenerateCodeFromCommands"",""GenerateCodeRecommendations"",""GetArtifact"",""GetArtifactActionResult"",""GetConnector"",""GetConversation"",""GetIdentityMetadata"",""GetPlugin"",""GetTroubleshootingResults"",""ListConversations"",""ListDashboardMetrics"",""ListGroups"",""ListLoginDomains"",""ListPluginProviders"",""ListPlugins"",""ListScimAccessTokens"",""ListTagsForResource"",""ListUsers"",""PassRequest"",""PerformArtifactAction"",""RejectConnector"",""SendEvent"",""SendMessage"",""StartConversation"",""StartTroubleshootingAnalysis"",""StartTroubleshootingResolutionExplanation"",""TagResource"",""UntagResource"",""UpdateAssignment"",""UpdateAuthGrant"",""UpdateConversation"",""UpdateOAuthAppConnection"",""UpdatePlugin"",""UpdateTroubleshootingCommandResult"",""UsePlugin"",""VerifyOAuthAppConnection""]","arn:aws:qdeveloper:${Region}:${Account}:${ResourceType}/${ResourceId}","^arn:aws:qdeveloper:.+:[0-9]+:.+","[""aws:RequestTag/${TagKey}"",""aws:ResourceTag/${TagKey}"",""aws:TagKeys"",""identitystore:GroupId"",""identitystore:UserId""]","True","https://docs.aws.amazon.com/service-authorization/latest/reference/list_q.html"
"qbusiness","Amazon Q Business","[""AllowVendedLogDeliveryForResource"",""AssociatePermission"",""BatchDeleteDocument"",""BatchPutDocument"",""CancelSubscription"",""Chat"",""ChatSync"",""CheckDocumentAccess"",""CreateAnonymousWebExperienceUrl"",""CreateApplication"",""CreateChatResponseConfiguration"",""CreateDataAccessor"",""CreateDataAccessorWithTti"",""CreateDataSource"",""CreateIndex"",""CreateIntegration"",""CreatePlugin"",""CreateRetriever"",""CreateSubscription"",""CreateUser"",""CreateWebExperience"",""DeleteApplication"",""DeleteAttachment"",""DeleteChatControlsConfiguration"",""DeleteChatResponseConfiguration"",""DeleteConversation"",""DeleteDataAccessor"",""DeleteDataSource"",""DeleteGroup"",""DeleteIndex"",""DeleteIntegration"",""DeletePlugin"",""DeleteRetriever"",""DeleteUser"",""DeleteWebExperience"",""DisableAclOnDataSource"",""DisassociatePermission"",""GetApplication"",""GetChatControlsConfiguration"",""GetChatResponseConfiguration"",""GetDataAccessor"",""GetDataSource"",""GetDocumentContent"",""GetGroup"",""GetIndex"",""GetIntegration"",""GetMedia"",""GetPlugin"",""GetPolicy"",""GetRetriever"",""GetUser"",""GetWebExperience"",""ListApplications"",""ListAttachments"",""ListChatResponseConfigurations"",""ListConversations"",""ListDataAccessors"",""ListDataSourceSyncJobs"",""ListDataSources"",""ListDocuments"",""ListGroups"",""ListIndices"",""ListIntegrations"",""ListMessages"",""ListPluginActions"",""ListPluginTypeActions"",""ListPluginTypeMetadata"",""ListPlugins"",""ListRetrievers"",""ListSubscriptions"",""ListTagsForResource"",""ListWebExperiences"",""PutFeedback"",""PutGroup"",""PutResourcePolicy"",""SearchRelevantContent"",""StartDataSourceSyncJob"",""StartDeployment"",""StopDataSourceSyncJob"",""TagResource"",""UntagResource"",""UpdateApplication"",""UpdateChatControlsConfiguration"",""UpdateChatResponseConfiguration"",""UpdateDataAccessor"",""UpdateDataSource"",""UpdateIndex"",""UpdateIntegration"",""UpdatePlugin"",""UpdateRetriever"",""UpdateSubscription"",""UpdateUser"",""UpdateWebExperience""]","arn:aws:qbusiness:${Region}:${Account}:${ResourceType}/${ResourceName}","^arn:aws:qbusiness:.+:.+:.+","[""aws:RequestTag/${TagKey}"",""aws:ResourceTag/${TagKey}"",""aws:TagKeys"",""identitystore:GroupId"",""identitystore:UserId""]","True","https://docs.aws.amazon.com/service-authorization/latest/reference/list_qbusiness.html"
"qapps","Amazon Q Business Q Apps","[""AssociateLibraryItemReview"",""AssociateQAppWithUser"",""BatchCreateCategory"",""BatchDeleteCategory"",""BatchUpdateCategory"",""CopyQApp"",""CreateLibraryItem"",""CreateLibraryItemReview"",""CreateQApp"",""CreateSubscriptionToken"",""DeleteLibraryItem"",""DeleteQApp"",""DescribeQAppPermissions"",""DisassociateLibraryItemReview"",""DisassociateQAppFromUser"",""ExportQAppSessionData"",""GetLibraryItem"",""GetQApp"",""GetQAppSession"",""GetQAppSessionMetadata"",""ImportDocument"",""ListCategories"",""ListLibraryItems"",""ListQAppSessionData"",""ListQApps"",""ListTagsForResource"",""PredictProblemStatementFromConversation"",""PredictQApp"",""PredictQAppFromProblemStatement"",""StartQAppSession"",""StopQAppSession"",""TagResource"",""UntagResource"",""UpdateLibraryItem"",""UpdateLibraryItemMetadata"",""UpdateQApp"",""UpdateQAppPermissions"",""UpdateQAppSession"",""UpdateQAppSessionMetadata""]","arn:aws:qapps:${Region}:${Account}:${ResourceType}:${ResourcePath}","^arn:aws:qapps:.+:.+:.+","[""aws:RequestTag/${TagKey}"",""aws:ResourceTag/${TagKey}"",""aws:TagKeys"",""qapps:AppIsPublished"",""qapps:SessionIsShared"",""qapps:UserIsAppOwner"",""qapps:UserIsSessionModerator""]","True","https://docs.aws.amazon.com/service-authorization/latest/reference/list_qapps.html"
"qdeveloper","Amazon Q Developer","[""ExportArtifact"",""ImportArtifact"",""ListTagsForResource"",""StartAgentSession"",""TagResource"",""TransformCode"",""UntagResource""]","arn:aws:qdeveloper:${Region}:${Account}:${ResourceType}","^arn:aws:qdeveloper:.+:.+:.+","[""aws:RequestTag/${TagKey}"",""aws:ResourceTag/${TagKey}"",""aws:TagKeys""]","True","https://docs.aws.amazon.com/service-authorization/latest/reference/list_qdeveloper.html"
"wisdom","Amazon Q in Connect","[""ActivateMessageTemplate"",""AllowVendedLogDeliveryForResource"",""CreateAIAgent"",""CreateAIAgentVersion"",""CreateAIGuardrail"",""CreateAIGuardrailVersion"",""CreateAIPrompt"",""CreateAIPromptVersion"",""CreateAssistant"",""CreateAssistantAssociation"",""CreateContent"",""CreateContentAssociation"",""CreateKnowledgeBase"",""CreateMessageTemplate"",""CreateMessageTemplateAttachment"",""CreateMessageTemplateVersion"",""CreateQuickResponse"",""CreateSession"",""DeactivateMessageTemplate"",""DeleteAIAgent"",""DeleteAIAgentVersion"",""DeleteAIGuardrail"",""DeleteAIGuardrailVersion"",""DeleteAIPrompt"",""DeleteAIPromptVersion"",""DeleteAssistant"",""DeleteAssistantAssociation"",""DeleteContent"",""DeleteContentAssociation"",""DeleteImportJob"",""DeleteKnowledgeBase"",""DeleteMessageTemplate"",""DeleteMessageTemplateAttachment"",""DeleteQuickResponse"",""GetAIAgent"",""GetAIGuardrail"",""GetAIPrompt"",""GetAssistant"",""GetAssistantAssociation"",""GetContent"",""GetContentAssociation"",""GetContentSummary"",""GetImportJob"",""GetKnowledgeBase"",""GetMessageTemplate"",""GetNextMessage"",""GetQuickResponse"",""GetRecommendations"",""GetSession"",""ListAIAgentVersions"",""ListAIAgents"",""ListAIGuardrailVersions"",""ListAIGuardrails"",""ListAIPromptVersions"",""ListAIPrompts"",""ListAssistantAssociations"",""ListAssistants"",""ListContentAssociations"",""ListContents"",""ListImportJobs"",""ListKnowledgeBases"",""ListMessageTemplateVersions"",""ListMessageTemplates"",""ListMessages"",""ListModels"",""ListQuickResponses"",""ListSpans"",""ListTagsForResource"",""NotifyRecommendationsReceived"",""PutFeedback"",""QueryAssistant"",""RemoveAssistantAIAgent"",""RemoveKnowledgeBaseTemplateUri"",""RenderMessageTemplate"",""Retrieve"",""SearchContent"",""SearchMessageTemplates"",""SearchQuickResponses"",""SearchSessions"",""SendMessage"",""StartContentUpload"",""StartImportJob"",""TagResource"",""UntagResource"",""UpdateAIAgent"",""UpdateAIGuardrail"",""UpdateAIPrompt"",""UpdateAssistantAIAgent"",""UpdateContent"",""UpdateKnowledgeBaseTemplateUri"",""UpdateMessageTemplate"",""UpdateMessageTemplateMetadata"",""UpdateQuickResponse"",""UpdateSession"",""UpdateSessionData""]","arn:aws:wisdom:${Region}:${Account}:${Resource}/${ResourceId}","^arn:aws:wisdom:.+:.+:.+","[""aws:RequestTag/${TagKey}"",""aws:ResourceTag/${TagKey}"",""aws:TagKeys"",""wisdom:MessageTemplate/RoutingProfileArn"",""wisdom:SearchFilter/Qualifier"",""wisdom:SearchFilter/RoutingProfileArn""]","True","https://docs.aws.amazon.com/service-authorization/latest/reference/list_q-in-connect.html"
"qldb","Amazon QLDB","[""CancelJournalKinesisStream"",""CreateLedger"",""DeleteLedger"",""DescribeJournalKinesisStream"",""DescribeJournalS3Export"",""DescribeLedger"",""ExecuteStatement"",""ExportJournalToS3"",""GetBlock"",""GetDigest"",""GetRevision"",""InsertSampleData"",""ListJournalKinesisStreamsForLedger"",""ListJournalS3Exports"",""ListJournalS3ExportsForLedger"",""ListLedgers"",""ListTagsForResource"",""PartiQLCreateIndex"",""PartiQLCreateTable"",""PartiQLDelete"",""PartiQLDropIndex"",""PartiQLDropTable"",""PartiQLHistoryFunction"",""PartiQLInsert"",""PartiQLRedact"",""PartiQLSelect"",""PartiQLUndropTable"",""PartiQLUpdate"",""SendCommand"",""ShowCatalog"",""StreamJournalToKinesis"",""TagResource"",""UntagResource"",""UpdateLedger"",""UpdateLedgerPermissionsMode""]","arn:aws:qldb:${Region}:${Account}:${ResourceType}/${ResourcePath}","^arn:aws:qldb:.+","[""aws:RequestTag/${TagKey}"",""aws:ResourceTag/${TagKey}"",""aws:TagKeys"",""qldb:Purge""]","True","https://docs.aws.amazon.com/service-authorization/latest/reference/list_qldb.html"
"quicksight","Amazon QuickSight","[""AccountConfigurations"",""AllowVendedLogDeliveryForResource"",""BatchCreateTopicReviewedAnswer"",""BatchDeleteKnowledgeBase"",""BatchDeleteTopicReviewedAnswer"",""BatchDescribeUserLimits"",""BatchGetPreferences"",""BatchUpdatePreferences"",""CancelIngestion"",""CreateAccountCustomization"",""CreateAccountSubscription"",""CreateActionConnector"",""CreateAdmin"",""CreateAgent"",""CreateAnalysis"",""CreateApprovalPolicy"",""CreateBrand"",""CreateCustomPermissions"",""CreateDashboard"",""CreateDataSet"",""CreateDataSource"",""CreateDlpSetting"",""CreateEmailCustomizationTemplate"",""CreateExtension"",""CreateExtensionAccess"",""CreateFlow"",""CreateFolder"",""CreateFolderMembership"",""CreateGroup"",""CreateGroupMembership"",""CreateIAMPolicyAssignment"",""CreateIngestion"",""CreateKnowledgeBase"",""CreateLimitsProfile"",""CreateNamespace"",""CreateOAuthClientApplication"",""CreateReader"",""CreateRefreshSchedule"",""CreateRoleMembership"",""CreateSpace"",""CreateTemplate"",""CreateTemplateAlias"",""CreateTheme"",""CreateThemeAlias"",""CreateTopic"",""CreateTopicRefreshSchedule"",""CreateUser"",""CreateVPCConnection"",""DeleteAccountCustomPermission"",""DeleteAccountCustomization"",""DeleteAccountSubscription"",""DeleteActionConnector"",""DeleteAgent"",""DeleteAnalysis"",""DeleteApp"",""DeleteApprovalPolicy"",""DeleteBrand"",""DeleteBrandAssignment"",""DeleteCustomPermissions"",""DeleteDashboard"",""DeleteDataSet"",""DeleteDataSetRefreshProperties"",""DeleteDataSource"",""DeleteDefaultQBusinessApplication"",""DeleteDlpSetting"",""DeleteEmailCustomizationTemplate"",""DeleteExtension"",""DeleteExtensionAccess"",""DeleteFlow"",""DeleteFolder"",""DeleteFolderMembership"",""DeleteGroup"",""DeleteGroupMembership"",""DeleteIAMPolicyAssignment"",""DeleteIdentityPropagationConfig"",""DeleteKnowledgeBase"",""DeleteLimitsProfile"",""DeleteNamespace"",""DeleteOAuthClientApplication"",""DeleteRefreshSchedule"",""DeleteRoleCustomPermission"",""DeleteRoleMembership"",""DeleteSpace"",""DeleteTemplate"",""DeleteTemplateAlias"",""DeleteTheme"",""DeleteThemeAlias"",""DeleteTopic"",""DeleteTopicRefreshSchedule"",""DeleteUser"",""DeleteUserByPrincipalId"",""DeleteUserCustomPermission"",""DeleteVPCConnection"",""DescribeAccountCustomPermission"",""DescribeAccountCustomization"",""DescribeAccountSettings"",""DescribeAccountSubscription"",""DescribeActionConnector"",""DescribeActionConnectorPermissions"",""DescribeAgent"",""DescribeAgentPermissions"",""DescribeAnalysis"",""DescribeAnalysisPermissions"",""DescribeApp"",""DescribeAppPermissions"",""DescribeApprovalPolicy"",""DescribeAssetBundleExportJob"",""DescribeAssetBundleImportJob"",""DescribeAutomationJob"",""DescribeBrand"",""DescribeBrandAssignment"",""DescribeBrandPublishedVersion"",""DescribeChatConfiguration"",""DescribeCustomPermissions"",""DescribeDashboard"",""DescribeDashboardPermissions"",""DescribeDashboardSnapshotJob"",""DescribeDashboardSnapshotJobResult"",""DescribeDashboardsQAConfiguration"",""DescribeDataSet"",""DescribeDataSetPermissions"",""DescribeDataSetRefreshProperties"",""DescribeDataSource"",""DescribeDataSourcePermissions"",""DescribeDefaultQBusinessApplication"",""DescribeDlpJob"",""DescribeDlpSetting"",""DescribeEmailCustomizationTemplate"",""DescribeExtension"",""DescribeExtensionAccess"",""DescribeExtensionPermissions"",""DescribeFlow"",""DescribeFolder"",""DescribeFolderPermissions"",""DescribeFolderResolvedPermissions"",""DescribeGroup"",""DescribeGroupMembership"",""DescribeIAMPolicyAssignment"",""DescribeIngestion"",""DescribeIpRestriction"",""DescribeKeyRegistration"",""DescribeKnowledgeBase"",""DescribeKnowledgeBasePermissions"",""DescribeLimitsProfile"",""DescribeNamespace"",""DescribeOAuthClientApplication"",""DescribeQPersonalizationConfiguration"",""DescribeQuickIndexCapacity"",""DescribeQuickSightQSearchConfiguration"",""DescribeRefreshSchedule"",""DescribeRoleCustomPermission"",""DescribeSelfUpgradeConfiguration"",""DescribeSpace"",""DescribeSpacePermissions"",""DescribeTemplate"",""DescribeTemplateAlias"",""DescribeTemplatePermissions"",""DescribeTheme"",""DescribeThemeAlias"",""DescribeThemePermissions"",""DescribeTopic"",""DescribeTopicPermissions"",""DescribeTopicRefresh"",""DescribeTopicRefreshSchedule"",""DescribeUser"",""DescribeVPCConnection"",""GenerateEmbedUrlForAnonymousUser"",""GenerateEmbedUrlForRegisteredUser"",""GenerateEmbedUrlForRegisteredUserWithIdentity"",""GetAnonymousUserEmbedUrl"",""GetAuthCode"",""GetCustomPermissionsSummary"",""GetDashboardEmbedUrl"",""GetFlowMetadata"",""GetFlowPermissions"",""GetGroupMapping"",""GetIdentityContext"",""GetSessionEmbedUrl"",""ListActionConnectors"",""ListAgents"",""ListAnalyses"",""ListApprovalPolicies"",""ListApps"",""ListAssetBundleExportJobs"",""ListAssetBundleImportJobs"",""ListBrands"",""ListCustomPermissionAssignments"",""ListCustomPermissions"",""ListCustomerManagedKeys"",""ListDashboardVersions"",""ListDashboards"",""ListDataSets"",""ListDataSources"",""ListDlpLabels"",""ListDlpSettings"",""ListExtensionAccesses"",""ListExtensions"",""ListFlows"",""ListFolderMembers"",""ListFolders"",""ListFoldersForResource"",""ListGroupMemberships"",""ListGroups"",""ListIAMPolicyAssignments"",""ListIAMPolicyAssignmentsForUser"",""ListIdentityPropagationConfigs"",""ListIngestions"",""ListKMSKeysForUser"",""ListKnowledgeBases"",""ListLimitsProfiles"",""ListNamespaces"",""ListOAuthClientApplications"",""ListRefreshSchedules"",""ListRoleMemberships"",""ListSelfUpgrades"",""ListSpaceResources"",""ListSpaces"",""ListTagsForResource"",""ListTemplateAliases"",""ListTemplateVersions"",""ListTemplates"",""ListThemeAliases"",""ListThemeVersions"",""ListThemes"",""ListTopicRefreshSchedules"",""ListTopicReviewedAnswers"",""ListTopics"",""ListUserGroups"",""ListUsers"",""ListUsersIndexCapacity"",""ListVPCConnections"",""PassDataSet"",""PassDataSource"",""PassTopic"",""PredictQAResults"",""PutDataSetRefreshProperties"",""QuickSuiteUsageMetrics"",""RegisterCustomerManagedKey"",""RegisterUser"",""RemoveCustomerManagedKey"",""RestoreAnalysis"",""ScopeDownPolicy"",""SearchActionConnectors"",""SearchAgents"",""SearchAnalyses"",""SearchApps"",""SearchDashboards"",""SearchDataSets"",""SearchDataSources"",""SearchDirectoryGroups"",""SearchFlows"",""SearchFolders"",""SearchGroups"",""SearchKnowledgeBases"",""SearchSpaces"",""SearchTopics"",""SearchUsers"",""SetGroupMapping"",""StartAssetBundleExportJob"",""StartAssetBundleImportJob"",""StartAutomationJob"",""StartDashboardSnapshotJob"",""StartDashboardSnapshotJobSchedule"",""StartDlpJob"",""StartExtensionInstallation"",""Subscribe"",""TagResource"",""UnpublishFlow"",""Unsubscribe"",""UntagResource"",""UpdateAccountCustomPermission"",""UpdateAccountCustomization"",""UpdateAccountSettings"",""UpdateActionConnector"",""UpdateActionConnectorPermissions"",""UpdateAgent"",""UpdateAgentPermissions"",""UpdateAnalysis"",""UpdateAnalysisPermissions"",""UpdateAppPermissions"",""UpdateApplicationWithTokenExchangeGrant"",""UpdateApprovalPolicy"",""UpdateBrand"",""UpdateBrandAssignment"",""UpdateBrandPublishedVersion"",""UpdateChatConfiguration"",""UpdateCustomPermissions"",""UpdateDashboard"",""UpdateDashboardLinks"",""UpdateDashboardPermissions"",""UpdateDashboardPublishedVersion"",""UpdateDashboardsQAConfiguration"",""UpdateDataSet"",""UpdateDataSetPermissions"",""UpdateDataSource"",""UpdateDataSourcePermissions"",""UpdateDefaultQBusinessApplication"",""UpdateDlpSetting"",""UpdateEmailCustomizationTemplate"",""UpdateExtension"",""UpdateExtensionAccess"",""UpdateExtensionPermissions"",""UpdateFlow"",""UpdateFlowPermissions"",""UpdateFolder"",""UpdateFolderPermissions"",""UpdateGroup"",""UpdateIAMPolicyAssignment"",""UpdateIdentityPropagationConfig"",""UpdateIpRestriction"",""UpdateKeyRegistration"",""UpdateKnowledgeBase"",""UpdateKnowledgeBasePermissions"",""UpdateLimitsProfile"",""UpdateOAuthClientApplication"",""UpdatePublicSharingSettings"",""UpdateQPersonalizationConfiguration"",""UpdateQuickIndexCapacity"",""UpdateQuickSightQSearchConfiguration"",""UpdateRefreshSchedule"",""UpdateResourcePermissions"",""UpdateRoleCustomPermission"",""UpdateSPICECapacityConfiguration"",""UpdateSelfUpgrade"",""UpdateSelfUpgradeConfiguration"",""UpdateSpace"",""UpdateSpacePermissions"",""UpdateSpaceResources"",""UpdateTemplate"",""UpdateTemplateAlias"",""UpdateTemplatePermissions"",""UpdateTheme"",""UpdateThemeAlias"",""UpdateThemePermissions"",""UpdateTopic"",""UpdateTopicPermissions"",""UpdateTopicRefreshSchedule"",""UpdateUser"",""UpdateUserCustomPermission"",""UpdateVPCConnection""]","arn:aws:quicksight:${Region}:${Account}:${ResourceType}/${ResourceId}","^arn:aws:quicksight:.+","[""aws:RequestTag/${TagKey}"",""aws:ResourceTag/${TagKey}"",""aws:TagKeys"",""quicksight:AllowedEmbeddingDomains"",""quicksight:DirectoryType"",""quicksight:Edition"",""quicksight:Group"",""quicksight:IamArn"",""quicksight:KmsKeyArns"",""quicksight:SessionName"",""quicksight:UserName""]","True","https://docs.aws.amazon.com/service-authorization/latest/reference/list_quicksight.html"
"rds","Amazon RDS","[""AddRoleToDBCluster"",""AddRoleToDBInstance"",""AddSourceIdentifierToSubscription"",""AddTagsToResource"",""ApplyPendingMaintenanceAction"",""AuthorizeDBSecurityGroupIngress"",""BacktrackDBCluster"",""CancelExportTask"",""CopyCustomDBEngineVersion"",""CopyDBClusterParameterGroup"",""CopyDBClusterSnapshot"",""CopyDBParameterGroup"",""CopyDBSnapshot"",""CopyOptionGroup"",""CreateBlueGreenDeployment"",""CreateCustomDBEngineVersion"",""CreateDBCluster"",""CreateDBClusterEndpoint"",""CreateDBClusterParameterGroup"",""CreateDBClusterSnapshot"",""CreateDBInstance"",""CreateDBInstanceReadReplica"",""CreateDBParameterGroup"",""CreateDBProxy"",""CreateDBProxyEndpoint"",""CreateDBSecurityGroup"",""CreateDBShardGroup"",""CreateDBSnapshot"",""CreateDBSubnetGroup"",""CreateEventSubscription"",""CreateGlobalCluster"",""CreateIntegration"",""CreateOptionGroup"",""CreateTenantDatabase"",""CrossRegionCommunication"",""DeleteBlueGreenDeployment"",""DeleteCustomDBEngineVersion"",""DeleteDBCluster"",""DeleteDBClusterAutomatedBackup"",""DeleteDBClusterEndpoint"",""DeleteDBClusterParameterGroup"",""DeleteDBClusterSnapshot"",""DeleteDBInstance"",""DeleteDBInstanceAutomatedBackup"",""DeleteDBParameterGroup"",""DeleteDBProxy"",""DeleteDBProxyEndpoint"",""DeleteDBSecurityGroup"",""DeleteDBShardGroup"",""DeleteDBSnapshot"",""DeleteDBSubnetGroup"",""DeleteEventSubscription"",""DeleteGlobalCluster"",""DeleteIntegration"",""DeleteOptionGroup"",""DeleteTenantDatabase"",""DeregisterDBProxyTargets"",""DescribeAccountAttributes"",""DescribeBlueGreenDeployments"",""DescribeCertificates"",""DescribeDBClusterAutomatedBackups"",""DescribeDBClusterBacktracks"",""DescribeDBClusterEndpoints"",""DescribeDBClusterParameterGroups"",""DescribeDBClusterParameters"",""DescribeDBClusterSnapshotAttributes"",""DescribeDBClusterSnapshots"",""DescribeDBClusters"",""DescribeDBEngineVersions"",""DescribeDBInstanceAutomatedBackups"",""DescribeDBInstances"",""DescribeDBLogFiles"",""DescribeDBMajorEngineVersions"",""DescribeDBParameterGroups"",""DescribeDBParameters"",""DescribeDBProxies"",""DescribeDBProxyEndpoints"",""DescribeDBProxyTargetGroups"",""DescribeDBProxyTargets"",""DescribeDBRecommendations"",""DescribeDBSecurityGroups"",""DescribeDBShardGroups"",""DescribeDBSnapshotAttributes"",""DescribeDBSnapshotTenantDatabases"",""DescribeDBSnapshots"",""DescribeDBSubnetGroups"",""DescribeEngineDefaultClusterParameters"",""DescribeEngineDefaultParameters"",""DescribeEventCategories"",""DescribeEventSubscriptions"",""DescribeEvents"",""DescribeExportTasks"",""DescribeGlobalClusters"",""DescribeIntegrations"",""DescribeOptionGroupOptions"",""DescribeOptionGroups"",""DescribeOrderableDBInstanceOptions"",""DescribePendingMaintenanceActions"",""DescribeRecommendationGroups"",""DescribeRecommendations"",""DescribeReservedDBInstances"",""DescribeReservedDBInstancesOfferings"",""DescribeSourceRegions"",""DescribeTenantDatabases"",""DescribeValidDBInstanceModifications"",""DisableHttpEndpoint"",""DownloadCompleteDBLogFile"",""DownloadDBLogFilePortion"",""EnableHttpEndpoint"",""FailoverDBCluster"",""FailoverGlobalCluster"",""ListTagsForResource"",""ModifyActivityStream"",""ModifyCertificates"",""ModifyCurrentDBClusterCapacity"",""ModifyCustomDBEngineVersion"",""ModifyDBCluster"",""ModifyDBClusterEndpoint"",""ModifyDBClusterParameterGroup"",""ModifyDBClusterSnapshotAttribute"",""ModifyDBInstance"",""ModifyDBParameterGroup"",""ModifyDBProxy"",""ModifyDBProxyEndpoint"",""ModifyDBProxyTargetGroup"",""ModifyDBRecommendation"",""ModifyDBShardGroup"",""ModifyDBSnapshot"",""ModifyDBSnapshotAttribute"",""ModifyDBSubnetGroup"",""ModifyEventSubscription"",""ModifyGlobalCluster"",""ModifyIntegration"",""ModifyOptionGroup"",""ModifyRecommendation"",""ModifyTenantDatabase"",""PromoteReadReplica"",""PromoteReadReplicaDBCluster"",""PurchaseReservedDBInstancesOffering"",""RebootDBCluster"",""RebootDBInstance"",""RebootDBShardGroup"",""RegisterDBProxyTargets"",""RemoveFromGlobalCluster"",""RemoveRoleFromDBCluster"",""RemoveRoleFromDBInstance"",""RemoveSourceIdentifierFromSubscription"",""RemoveTagsFromResource"",""ResetDBClusterParameterGroup"",""ResetDBParameterGroup"",""RestoreDBClusterFromS3"",""RestoreDBClusterFromSnapshot"",""RestoreDBClusterToPointInTime"",""RestoreDBInstanceFromDBSnapshot"",""RestoreDBInstanceFromS3"",""RestoreDBInstanceToPointInTime"",""RevokeDBSecurityGroupIngress"",""StartActivityStream"",""StartDBCluster"",""StartDBInstance"",""StartDBInstanceAutomatedBackupsReplication"",""StartExportTask"",""StopActivityStream"",""StopDBCluster"",""StopDBInstance"",""StopDBInstanceAutomatedBackupsReplication"",""SwitchoverBlueGreenDeployment"",""SwitchoverGlobalCluster"",""SwitchoverReadReplica""]","arn:aws:rds:${Region}:${Account}:${RelativeId}","^arn:aws:rds:.+","[""aws:RequestTag/${TagKey}"",""aws:ResourceTag/${TagKey}"",""aws:TagKeys"",""rds:BackupTarget"",""rds:CopyOptionGroup"",""rds:DatabaseClass"",""rds:DatabaseEngine"",""rds:DatabaseName"",""rds:EndpointType"",""rds:ManageMasterUserPassword"",""rds:MultiAz"",""rds:Piops"",""rds:PubliclyAccessible"",""rds:StorageEncrypted"",""rds:StorageSize"",""rds:TagsFromRequest"",""rds:TenantDatabaseName"",""rds:Vpc"",""rds:cluster-pg-tag/${TagKey}"",""rds:cluster-snapshot-tag/${TagKey}"",""rds:cluster-tag/${TagKey}"",""rds:db-tag/${TagKey}"",""rds:es-tag/${TagKey}"",""rds:og-tag/${TagKey}"",""rds:pg-tag/${TagKey}"",""rds:req-tag/${TagKey}"",""rds:ri-tag/${TagKey}"",""rds:secgrp-tag/${TagKey}"",""rds:snapshot-tag/${TagKey}"",""rds:subgrp-tag/${TagKey}""]","True","https://docs.aws.amazon.com/service-authorization/latest/reference/list_rds.html"
"rds-data","Amazon RDS Data API","[""BatchExecuteStatement"",""BeginTransaction"",""CommitTransaction"",""ExecuteSql"",""ExecuteStatement"",""RollbackTransaction""]","arn:aws:rds:${Region}:${Account}:${RelativeId}","^arn:aws:rds:.+","[""aws:ResourceTag/${TagKey}"",""aws:TagKeys""]","True","https://docs.aws.amazon.com/service-authorization/latest/reference/list_rds-data.html"
"rds-db","Amazon RDS IAM Authentication","""connect""","arn:aws:rds-db:<region>:<account-id>:dbuser:<dbi-resource-id>/<db-user-name>","^arn:aws:rds-db:.+","null","True","https://docs.aws.amazon.com/service-authorization/latest/reference/list_rds-db.html"
"redshift","Amazon Redshift","[""AcceptReservedNodeExchange"",""AddPartner"",""AssociateDataShareConsumer"",""AuthorizeClusterSecurityGroupIngress"",""AuthorizeDataShare"",""AuthorizeEndpointAccess"",""AuthorizeInboundIntegration"",""AuthorizeSnapshotAccess"",""BatchDeleteClusterSnapshots"",""BatchModifyClusterSnapshots"",""CancelQuery"",""CancelQuerySession"",""CancelResize"",""CopyClusterSnapshot"",""CreateAuthenticationProfile"",""CreateCluster"",""CreateClusterParameterGroup"",""CreateClusterSecurityGroup"",""CreateClusterSnapshot"",""CreateClusterSubnetGroup"",""CreateClusterUser"",""CreateCustomDomainAssociation"",""CreateEndpointAccess"",""CreateEventSubscription"",""CreateHsmClientCertificate"",""CreateHsmConfiguration"",""CreateInboundIntegration"",""CreateIntegration"",""CreateQev2IdcApplication"",""CreateRedshiftIdcApplication"",""CreateSavedQuery"",""CreateScheduledAction"",""CreateSnapshotCopyGrant"",""CreateSnapshotSchedule"",""CreateTags"",""CreateUsageLimit"",""DeauthorizeDataShare"",""DeleteAuthenticationProfile"",""DeleteCluster"",""DeleteClusterParameterGroup"",""DeleteClusterSecurityGroup"",""DeleteClusterSnapshot"",""DeleteClusterSubnetGroup"",""DeleteCustomDomainAssociation"",""DeleteEndpointAccess"",""DeleteEventSubscription"",""DeleteHsmClientCertificate"",""DeleteHsmConfiguration"",""DeleteIntegration"",""DeletePartner"",""DeleteQev2IdcApplication"",""DeleteRedshiftIdcApplication"",""DeleteResourcePolicy"",""DeleteSavedQueries"",""DeleteScheduledAction"",""DeleteSnapshotCopyGrant"",""DeleteSnapshotSchedule"",""DeleteTags"",""DeleteUsageLimit"",""DeregisterNamespace"",""DescribeAccountAttributes"",""DescribeAuthenticationProfiles"",""DescribeAutonomicsDenylist"",""DescribeClusterDbRevisions"",""DescribeClusterParameterGroups"",""DescribeClusterParameters"",""DescribeClusterSecurityGroups"",""DescribeClusterSnapshots"",""DescribeClusterSubnetGroups"",""DescribeClusterTracks"",""DescribeClusterVersions"",""DescribeClusters"",""DescribeCustomDomainAssociations"",""DescribeDataShares"",""DescribeDataSharesForConsumer"",""DescribeDataSharesForProducer"",""DescribeDefaultClusterParameters"",""DescribeEndpointAccess"",""DescribeEndpointAuthorization"",""DescribeEventCategories"",""DescribeEventSubscriptions"",""DescribeEvents"",""DescribeHsmClientCertificates"",""DescribeHsmConfigurations"",""DescribeInboundIntegrations"",""DescribeIntegrations"",""DescribeLoggingStatus"",""DescribeNodeConfigurationOptions"",""DescribeOrderableClusterOptions"",""DescribePartners"",""DescribeQev2IdcApplications"",""DescribeQuery"",""DescribeRedshiftIdcApplications"",""DescribeReservedNodeExchangeStatus"",""DescribeReservedNodeOfferings"",""DescribeReservedNodes"",""DescribeResize"",""DescribeSavedQueries"",""DescribeScheduledActions"",""DescribeSnapshotCopyGrants"",""DescribeSnapshotSchedules"",""DescribeStorage"",""DescribeTable"",""DescribeTableRestoreStatus"",""DescribeTags"",""DescribeUsageLimits"",""DisableLogging"",""DisableSnapshotCopy"",""DisassociateDataShareConsumer"",""EnableLogging"",""EnableSnapshotCopy"",""ExecuteQuery"",""FailoverPrimaryCompute"",""FetchResults"",""GetClusterCredentials"",""GetClusterCredentialsWithIAM"",""GetIdentityCenterAuthToken"",""GetReservedNodeExchangeConfigurationOptions"",""GetReservedNodeExchangeOfferings"",""GetResourcePolicy"",""JoinGroup"",""ListDatabases"",""ListRecommendations"",""ListSavedQueries"",""ListSchemas"",""ListTables"",""ModifyAquaConfiguration"",""ModifyAuthenticationProfile"",""ModifyAutonomicsDenylist"",""ModifyCluster"",""ModifyClusterDbRevision"",""ModifyClusterIamRoles"",""ModifyClusterMaintenance"",""ModifyClusterParameterGroup"",""ModifyClusterSnapshot"",""ModifyClusterSnapshotSchedule"",""ModifyClusterSubnetGroup"",""ModifyCustomDomainAssociation"",""ModifyEndpointAccess"",""ModifyEventSubscription"",""ModifyIntegration"",""ModifyQev2IdcApplication"",""ModifyRedshiftIdcApplication"",""ModifySavedQuery"",""ModifyScheduledAction"",""ModifySnapshotCopyRetentionPeriod"",""ModifySnapshotSchedule"",""ModifyUsageLimit"",""PauseCluster"",""PurchaseReservedNodeOffering"",""PutResourcePolicy"",""RebootCluster"",""RegisterNamespace"",""RejectDataShare"",""ResetClusterParameterGroup"",""ResizeCluster"",""RestoreFromClusterSnapshot"",""RestoreTableFromClusterSnapshot"",""ResumeCluster"",""RevokeClusterSecurityGroupIngress"",""RevokeEndpointAccess"",""RevokeSnapshotAccess"",""RotateEncryptionKey"",""UpdatePartnerStatus"",""ViewQueriesFromConsole"",""ViewQueriesInConsole""]","arn:aws:redshift:${Region}:${Account}:${RelativeId}","^arn:aws:redshift:.+:.+:.+","[""aws:RequestTag/${TagKey}"",""aws:ResourceTag/${TagKey}"",""aws:TagKeys"",""redshift:AllowWrites"",""redshift:ConsumerArn"",""redshift:ConsumerIdentifier"",""redshift:DbName"",""redshift:DbUser"",""redshift:DurationSeconds"",""redshift:InboundIntegrationArn"",""redshift:IntegrationSourceArn"",""redshift:IntegrationTargetArn""]","True","https://docs.aws.amazon.com/service-authorization/latest/reference/list_redshift.html"
"redshift-data","Amazon Redshift Data API","[""BatchExecuteStatement"",""CancelStatement"",""DescribeStatement"",""DescribeTable"",""ExecuteStatement"",""GetStagingBucketLocation"",""GetStatementResult"",""ListDatabases"",""ListSchemas"",""ListSessions"",""ListStatements"",""ListTables""]","arn:aws:redshift-serverless:${Region}:${Account}:${ResourceType}/${ResourceName}","^arn:aws:(redshift|redshift-serverless):.+:.+:.+","[""aws:ResourceTag/${TagKey}"",""redshift-data:glue-catalog-arn"",""redshift-data:session-owner-iam-userid"",""redshift-data:statement-owner-iam-userid""]","True","https://docs.aws.amazon.com/service-authorization/latest/reference/list_redshift-data.html"
"redshift-serverless","Amazon Redshift Serverless","[""ConvertRecoveryPointToSnapshot"",""CreateCustomDomainAssociation"",""CreateEndpointAccess"",""CreateNamespace"",""CreateReservation"",""CreateScheduledAction"",""CreateSnapshot"",""CreateSnapshotCopyConfiguration"",""CreateUsageLimit"",""CreateWorkgroup"",""DeleteCustomDomainAssociation"",""DeleteEndpointAccess"",""DeleteNamespace"",""DeleteResourcePolicy"",""DeleteScheduledAction"",""DeleteSnapshot"",""DeleteSnapshotCopyConfiguration"",""DeleteUsageLimit"",""DeleteWorkgroup"",""DescribeOneTimeCredit"",""GetCredentials"",""GetCustomDomainAssociation"",""GetEndpointAccess"",""GetIdentityCenterAuthToken"",""GetManagedWorkgroup"",""GetNamespace"",""GetRecoveryPoint"",""GetReservation"",""GetReservationOffering"",""GetResourcePolicy"",""GetScheduledAction"",""GetSnapshot"",""GetTableRestoreStatus"",""GetTrack"",""GetUsageLimit"",""GetWorkgroup"",""ListAutonomicsDenylist"",""ListCustomDomainAssociations"",""ListEndpointAccess"",""ListManagedWorkgroups"",""ListNamespaces"",""ListRecoveryPoints"",""ListReservationOfferings"",""ListReservations"",""ListScheduledActions"",""ListSnapshotCopyConfigurations"",""ListSnapshots"",""ListTableRestoreStatus"",""ListTagsForResource"",""ListTracks"",""ListUsageLimits"",""ListWorkgroups"",""PutResourcePolicy"",""RestoreFromRecoveryPoint"",""RestoreFromSnapshot"",""RestoreTableFromRecoveryPoint"",""RestoreTableFromSnapshot"",""TagResource"",""UntagResource"",""UpdateAutonomicsDenylist"",""UpdateCustomDomainAssociation"",""UpdateEndpointAccess"",""UpdateNamespace"",""UpdateScheduledAction"",""UpdateSnapshot"",""UpdateSnapshotCopyConfiguration"",""UpdateUsageLimit"",""UpdateWorkgroup""]","arn:aws:redshift-serverless:${Region}:${Account}:${ResourceType}/${ResourcePath}","^arn:aws:redshift-serverless:.+:.+:.+","[""aws:RequestTag/${TagKey}"",""aws:ResourceTag/${TagKey}"",""aws:TagKeys"",""redshift-serverless:endpointAccessId"",""redshift-serverless:managedWorkgroupName"",""redshift-serverless:namespaceId"",""redshift-serverless:recoveryPointId"",""redshift-serverless:snapshotId"",""redshift-serverless:tableRestoreRequestId"",""redshift-serverless:workgroupId""]","True","https://docs.aws.amazon.com/service-authorization/latest/reference/list_redshift-serverless.html"
"rekognition","Amazon Rekognition","[""AssociateFaces"",""CompareFaces"",""CopyProjectVersion"",""CreateCollection"",""CreateDataset"",""CreateFaceLivenessSession"",""CreateProject"",""CreateProjectVersion"",""CreateStreamProcessor"",""CreateUser"",""DeleteCollection"",""DeleteDataset"",""DeleteFaces"",""DeleteProject"",""DeleteProjectPolicy"",""DeleteProjectVersion"",""DeleteStreamProcessor"",""DeleteUser"",""DescribeCollection"",""DescribeDataset"",""DescribeProjectVersions"",""DescribeProjects"",""DescribeStreamProcessor"",""DetectCustomLabels"",""DetectFaces"",""DetectLabels"",""DetectModerationLabels"",""DetectProtectiveEquipment"",""DetectText"",""DisassociateFaces"",""DistributeDatasetEntries"",""GetCelebrityInfo"",""GetCelebrityRecognition"",""GetContentModeration"",""GetFaceDetection"",""GetFaceLivenessSessionResults"",""GetFaceSearch"",""GetLabelDetection"",""GetMediaAnalysisJob"",""GetPersonTracking"",""GetSegmentDetection"",""GetTextDetection"",""IndexFaces"",""ListCollections"",""ListDatasetEntries"",""ListDatasetLabels"",""ListFaces"",""ListMediaAnalysisJobs"",""ListProjectPolicies"",""ListStreamProcessors"",""ListTagsForResource"",""ListUsers"",""PutProjectPolicy"",""RecognizeCelebrities"",""SearchFaces"",""SearchFacesByImage"",""SearchUsers"",""SearchUsersByImage"",""StartCelebrityRecognition"",""StartContentModeration"",""StartFaceDetection"",""StartFaceLivenessSession"",""StartFaceSearch"",""StartLabelDetection"",""StartMediaAnalysisJob"",""StartPersonTracking"",""StartProjectVersion"",""StartSegmentDetection"",""StartStreamProcessor"",""StartTextDetection"",""StopProjectVersion"",""StopStreamProcessor"",""TagResource"",""UntagResource"",""UpdateDatasetEntries"",""UpdateStreamProcessor""]","arn:aws:rekognition:${Region}:${Account}:${RelativeId}","^arn:aws:rekognition:.+","[""aws:RequestTag/${TagKey}"",""aws:ResourceTag/${TagKey}"",""aws:TagKeys""]","True","https://docs.aws.amazon.com/service-authorization/latest/reference/list_rekognition.html"
"tag","Amazon Resource Group Tagging API","[""DescribeReportCreation"",""GetComplianceSummary"",""GetResources"",""GetTagKeys"",""GetTagValues"",""ListRequiredTags"",""StartReportCreation"",""TagResources"",""UntagResources""]","","","null","False","https://docs.aws.amazon.com/service-authorization/latest/reference/list_resourcegroupstaggingapi.html"
"rhelkb","Amazon RHEL Knowledgebase Portal","""GetRhelURL""","arn:${Partition}:rhelkb:${Region}:${Account}:${ResourceType}/${ResourceName}","^arn:${Partition}:rhelkb:.+","null","False","https://docs.aws.amazon.com/service-authorization/latest/reference/list_rhelkb.html"
"route53","Amazon Route 53","[""ActivateKeySigningKey"",""AssociateVPCWithHostedZone"",""ChangeCidrCollection"",""ChangeResourceRecordSets"",""ChangeTagsForResource"",""CreateCidrCollection"",""CreateHealthCheck"",""CreateHostedZone"",""CreateKeySigningKey"",""CreateQueryLoggingConfig"",""CreateReusableDelegationSet"",""CreateTrafficPolicy"",""CreateTrafficPolicyInstance"",""CreateTrafficPolicyVersion"",""CreateVPCAssociationAuthorization"",""DeactivateKeySigningKey"",""DeleteCidrCollection"",""DeleteHealthCheck"",""DeleteHostedZone"",""DeleteKeySigningKey"",""DeleteQueryLoggingConfig"",""DeleteReusableDelegationSet"",""DeleteTrafficPolicy"",""DeleteTrafficPolicyInstance"",""DeleteVPCAssociationAuthorization"",""DisableHostedZoneDNSSEC"",""DisassociateVPCFromHostedZone"",""EnableHostedZoneDNSSEC"",""GetAccountLimit"",""GetChange"",""GetCheckerIpRanges"",""GetDNSSEC"",""GetGeoLocation"",""GetHealthCheck"",""GetHealthCheckCount"",""GetHealthCheckLastFailureReason"",""GetHealthCheckStatus"",""GetHostedZone"",""GetHostedZoneCount"",""GetHostedZoneLimit"",""GetQueryLoggingConfig"",""GetReusableDelegationSet"",""GetReusableDelegationSetLimit"",""GetTrafficPolicy"",""GetTrafficPolicyInstance"",""GetTrafficPolicyInstanceCount"",""ListCidrBlocks"",""ListCidrCollections"",""ListCidrLocations"",""ListGeoLocations"",""ListHealthChecks"",""ListHostedZones"",""ListHostedZonesByName"",""ListHostedZonesByVPC"",""ListQueryLoggingConfigs"",""ListResourceRecordSets"",""ListReusableDelegationSets"",""ListTagsForResource"",""ListTagsForResources"",""ListTrafficPolicies"",""ListTrafficPolicyInstances"",""ListTrafficPolicyInstancesByHostedZone"",""ListTrafficPolicyInstancesByPolicy"",""ListTrafficPolicyVersions"",""ListVPCAssociationAuthorizations"",""TestDNSAnswer"",""UpdateHealthCheck"",""UpdateHostedZoneComment"",""UpdateHostedZoneFeatures"",""UpdateTrafficPolicyComment"",""UpdateTrafficPolicyInstance""]","arn:aws:route53:::${Resource}/{$Id}","^arn:aws:route53:::.+","[""route53:ChangeResourceRecordSetsActions"",""route53:ChangeResourceRecordSetsNormalizedRecordNames"",""route53:ChangeResourceRecordSetsRecordTypes"",""route53:VPCs""]","True","https://docs.aws.amazon.com/service-authorization/latest/reference/list_route53.html"
"route53domains","Amazon Route 53 Domains","[""AcceptDomainTransferFromAnotherAwsAccount"",""AssociateDelegationSignerToDomain"",""CancelDomainTransferToAnotherAwsAccount"",""CheckDomainAvailability"",""CheckDomainTransferability"",""DeleteDomain"",""DeleteTagsForDomain"",""DisableDomainAutoRenew"",""DisableDomainTransferLock"",""DisassociateDelegationSignerFromDomain"",""EnableDomainAutoRenew"",""EnableDomainTransferLock"",""GetContactReachabilityStatus"",""GetDomainDetail"",""GetDomainSuggestions"",""GetOperationDetail"",""ListDomains"",""ListOperations"",""ListPrices"",""ListTagsForDomain"",""PushDomain"",""RegisterDomain"",""RejectDomainTransferFromAnotherAwsAccount"",""RenewDomain"",""ResendContactReachabilityEmail"",""ResendOperationAuthorization"",""RetrieveDomainAuthCode"",""TransferDomain"",""TransferDomainToAnotherAwsAccount"",""UpdateDomainContact"",""UpdateDomainContactPrivacy"",""UpdateDomainNameservers"",""UpdateTagsForDomain"",""ViewBilling""]","","","null","False","https://docs.aws.amazon.com/service-authorization/latest/reference/list_route53domains.html"
"route53profiles","Amazon Route 53 Profiles","[""AssociateProfile"",""AssociateResourceToProfile"",""CreateProfile"",""DeleteProfile"",""DisassociateProfile"",""DisassociateResourceFromProfile"",""GetProfile"",""GetProfileAssociation"",""GetProfilePolicy"",""GetProfileResourceAssociation"",""ListProfileAssociations"",""ListProfileResourceAssociations"",""ListProfiles"",""ListTagsForResource"",""PutProfilePolicy"",""TagResource"",""UntagResource"",""UpdateProfileResourceAssociation""]","arn:aws:route53profiles:${Region}:${Account}:${ResourceType}/${ResourceId}","^arn:aws:route53profiles:.+:.+:.+","[""aws:RequestTag/${TagKey}"",""aws:ResourceTag/${TagKey}"",""aws:TagKeys"",""route53profiles:FirewallRuleGroupPriority"",""route53profiles:HostedZoneDomains"",""route53profiles:ResolverRuleDomains"",""route53profiles:ResourceArns"",""route53profiles:ResourceIds"",""route53profiles:ResourceTypes""]","True","https://docs.aws.amazon.com/service-authorization/latest/reference/list_route53profiles.html"
"route53-recovery-cluster","Amazon Route 53 Recovery Cluster","[""GetRoutingControlState"",""ListRoutingControls"",""UpdateRoutingControlState"",""UpdateRoutingControlStates""]","arn:aws:route53-recovery-control::${Account}:${ResourceType}/${ResourceName}","^arn:aws:route53-recovery-control::.+:.+","""route53-recovery-cluster:AllowSafetyRulesOverrides""","True","https://docs.aws.amazon.com/service-authorization/latest/reference/list_route53-recovery-cluster.html"
"route53-recovery-control-config","Amazon Route 53 Recovery Controls","[""CreateCluster"",""CreateControlPanel"",""CreateRoutingControl"",""CreateSafetyRule"",""DeleteCluster"",""DeleteControlPanel"",""DeleteResourcePolicy"",""DeleteRoutingControl"",""DeleteSafetyRule"",""DescribeCluster"",""DescribeControlPanel"",""DescribeRoutingControl"",""DescribeSafetyRule"",""GetResourcePolicy"",""ListAssociatedRoute53HealthChecks"",""ListClusters"",""ListControlPanels"",""ListRoutingControls"",""ListSafetyRules"",""ListTagsForResource"",""PutResourcePolicy"",""TagResource"",""UntagResource"",""UpdateCluster"",""UpdateControlPanel"",""UpdateRoutingControl"",""UpdateSafetyRule""]","arn:aws:route53-recovery-control::${Account}:${ResourceType}/${ResourceName}","^arn:aws:route53-recovery-control::.+:.+","[""aws:RequestTag/${TagKey}"",""aws:ResourceTag/${TagKey}"",""aws:TagKeys""]","True","https://docs.aws.amazon.com/service-authorization/latest/reference/list_route53-recovery-control-config.html"
"route53-recovery-readiness","Amazon Route 53 Recovery Readiness","[""CreateCell"",""CreateCrossAccountAuthorization"",""CreateReadinessCheck"",""CreateRecoveryGroup"",""CreateResourceSet"",""DeleteCell"",""DeleteCrossAccountAuthorization"",""DeleteReadinessCheck"",""DeleteRecoveryGroup"",""DeleteResourceSet"",""GetArchitectureRecommendations"",""GetCell"",""GetCellReadinessSummary"",""GetReadinessCheck"",""GetReadinessCheckResourceStatus"",""GetReadinessCheckStatus"",""GetRecoveryGroup"",""GetRecoveryGroupReadinessSummary"",""GetResourceSet"",""ListCells"",""ListCrossAccountAuthorizations"",""ListReadinessChecks"",""ListRecoveryGroups"",""ListResourceSets"",""ListRules"",""ListTagsForResources"",""TagResource"",""UntagResource"",""UpdateCell"",""UpdateReadinessCheck"",""UpdateRecoveryGroup"",""UpdateResourceSet""]","arn:aws:route53-recovery-readiness::${Account}:${ResourceType}/${ResourceName}","^arn:aws:route53-recovery-readiness::.+:.+","[""aws:RequestTag/${TagKey}"",""aws:ResourceTag/${TagKey}"",""aws:TagKeys""]","True","https://docs.aws.amazon.com/service-authorization/latest/reference/list_route53-recovery-readiness.html"
"route53resolver","Amazon Route 53 Resolver","[""AssociateFirewallRuleGroup"",""AssociateResolverEndpointIpAddress"",""AssociateResolverQueryLogConfig"",""AssociateResolverRule"",""CreateFirewallDomainList"",""CreateFirewallRule"",""CreateFirewallRuleGroup"",""CreateOutpostResolver"",""CreateResolverEndpoint"",""CreateResolverQueryLogConfig"",""CreateResolverRule"",""DeleteFirewallDomainList"",""DeleteFirewallRule"",""DeleteFirewallRuleGroup"",""DeleteOutpostResolver"",""DeleteResolverEndpoint"",""DeleteResolverQueryLogConfig"",""DeleteResolverRule"",""DisassociateFirewallRuleGroup"",""DisassociateResolverEndpointIpAddress"",""DisassociateResolverQueryLogConfig"",""DisassociateResolverRule"",""GetFirewallConfig"",""GetFirewallDomainList"",""GetFirewallRuleGroup"",""GetFirewallRuleGroupAssociation"",""GetFirewallRuleGroupPolicy"",""GetOutpostResolver"",""GetResolverConfig"",""GetResolverDnssecConfig"",""GetResolverEndpoint"",""GetResolverQueryLogConfig"",""GetResolverQueryLogConfigAssociation"",""GetResolverQueryLogConfigPolicy"",""GetResolverRule"",""GetResolverRuleAssociation"",""GetResolverRulePolicy"",""ImportFirewallDomains"",""ListFirewallConfigs"",""ListFirewallDomainLists"",""ListFirewallDomains"",""ListFirewallRuleGroupAssociations"",""ListFirewallRuleGroups"",""ListFirewallRuleTypes"",""ListFirewallRules"",""ListOutpostResolvers"",""ListResolverConfigs"",""ListResolverDnssecConfigs"",""ListResolverEndpointIpAddresses"",""ListResolverEndpoints"",""ListResolverQueryLogConfigAssociations"",""ListResolverQueryLogConfigs"",""ListResolverRuleAssociations"",""ListResolverRules"",""ListTagsForResource"",""PutFirewallRuleGroupPolicy"",""PutResolverQueryLogConfigPolicy"",""PutResolverRulePolicy"",""TagResource"",""UntagResource"",""UpdateFirewallConfig"",""UpdateFirewallDomains"",""UpdateFirewallRule"",""UpdateFirewallRuleGroupAssociation"",""UpdateOutpostResolver"",""UpdateResolverConfig"",""UpdateResolverDnssecConfig"",""UpdateResolverEndpoint"",""UpdateResolverRule""]","arn:aws:route53resolver:${Region}:${Account}:${ResourceType}/${ResourceId}","^arn:aws:route53resolver:.+:.+:.+","[""aws:RequestTag/${TagKey}"",""aws:ResourceTag/${TagKey}"",""aws:TagKeys""]","True","https://docs.aws.amazon.com/service-authorization/latest/reference/list_route53resolver.html"
"s3","Amazon S3","[""AbortMultipartUpload"",""AllowVendedLogDeliveryForResource"",""AssociateAccessGrantsIdentityCenter"",""BypassGovernanceRetention"",""CreateAccessGrant"",""CreateAccessGrantsInstance"",""CreateAccessGrantsLocation"",""CreateAccessPoint"",""CreateAccessPointForObjectLambda"",""CreateBucket"",""CreateBucketMetadataTableConfiguration"",""CreateJob"",""CreateMultiRegionAccessPoint"",""CreateStorageLensGroup"",""DeleteAccessGrant"",""DeleteAccessGrantsInstance"",""DeleteAccessGrantsInstanceResourcePolicy"",""DeleteAccessGrantsLocation"",""DeleteAccessPoint"",""DeleteAccessPointForObjectLambda"",""DeleteAccessPointPolicy"",""DeleteAccessPointPolicyForObjectLambda"",""DeleteBucket"",""DeleteBucketMetadataTableConfiguration"",""DeleteBucketPolicy"",""DeleteBucketWebsite"",""DeleteJobTagging"",""DeleteMultiRegionAccessPoint"",""DeleteObject"",""DeleteObjectAnnotation"",""DeleteObjectTagging"",""DeleteObjectVersion"",""DeleteObjectVersionAnnotation"",""DeleteObjectVersionTagging"",""DeleteStorageLensConfiguration"",""DeleteStorageLensConfigurationTagging"",""DeleteStorageLensGroup"",""DescribeJob"",""DescribeMultiRegionAccessPointOperation"",""DissociateAccessGrantsIdentityCenter"",""GetAccelerateConfiguration"",""GetAccessGrant"",""GetAccessGrantsInstance"",""GetAccessGrantsInstanceForPrefix"",""GetAccessGrantsInstanceResourcePolicy"",""GetAccessGrantsLocation"",""GetAccessPoint"",""GetAccessPointConfigurationForObjectLambda"",""GetAccessPointForObjectLambda"",""GetAccessPointPolicy"",""GetAccessPointPolicyForObjectLambda"",""GetAccessPointPolicyStatus"",""GetAccessPointPolicyStatusForObjectLambda"",""GetAccountPublicAccessBlock"",""GetAnalyticsConfiguration"",""GetBucketAbac"",""GetBucketAcl"",""GetBucketCORS"",""GetBucketLocation"",""GetBucketLogging"",""GetBucketMetadataTableConfiguration"",""GetBucketNotification"",""GetBucketObjectLockConfiguration"",""GetBucketOwnershipControls"",""GetBucketPolicy"",""GetBucketPolicyStatus"",""GetBucketPublicAccessBlock"",""GetBucketRequestPayment"",""GetBucketTagging"",""GetBucketVersioning"",""GetBucketWebsite"",""GetDataAccess"",""GetEncryptionConfiguration"",""GetIntelligentTieringConfiguration"",""GetInventoryConfiguration"",""GetJobTagging"",""GetLifecycleConfiguration"",""GetMetricsConfiguration"",""GetMultiRegionAccessPoint"",""GetMultiRegionAccessPointPolicy"",""GetMultiRegionAccessPointPolicyStatus"",""GetMultiRegionAccessPointRoutes"",""GetObject"",""GetObjectAcl"",""GetObjectAnnotation"",""GetObjectAttributes"",""GetObjectLegalHold"",""GetObjectRetention"",""GetObjectTagging"",""GetObjectTorrent"",""GetObjectVersion"",""GetObjectVersionAcl"",""GetObjectVersionAnnotation"",""GetObjectVersionAnnotationForReplication"",""GetObjectVersionAttributes"",""GetObjectVersionForReplication"",""GetObjectVersionTagging"",""GetObjectVersionTorrent"",""GetReplicationConfiguration"",""GetStorageLensConfiguration"",""GetStorageLensConfigurationTagging"",""GetStorageLensDashboard"",""GetStorageLensGroup"",""InitiateReplication"",""ListAccessGrants"",""ListAccessGrantsInstances"",""ListAccessGrantsLocations"",""ListAccessPoints"",""ListAccessPointsForObjectLambda"",""ListAllMyBuckets"",""ListBucket"",""ListBucketMultipartUploads"",""ListBucketVersions"",""ListCallerAccessGrants"",""ListJobs"",""ListMultiRegionAccessPoints"",""ListMultipartUploadParts"",""ListObjectAnnotations"",""ListObjectVersionAnnotations"",""ListStorageLensConfigurations"",""ListStorageLensGroups"",""ListTagsForResource"",""ObjectOwnerOverrideToBucketOwner"",""PauseReplication"",""PutAccelerateConfiguration"",""PutAccessGrantsInstanceResourcePolicy"",""PutAccessPointConfigurationForObjectLambda"",""PutAccessPointPolicy"",""PutAccessPointPolicyForObjectLambda"",""PutAccessPointPublicAccessBlock"",""PutAccountPublicAccessBlock"",""PutAnalyticsConfiguration"",""PutBucketAbac"",""PutBucketAcl"",""PutBucketCORS"",""PutBucketLogging"",""PutBucketNotification"",""PutBucketObjectLockConfiguration"",""PutBucketOwnershipControls"",""PutBucketPolicy"",""PutBucketPublicAccessBlock"",""PutBucketRequestPayment"",""PutBucketTagging"",""PutBucketVersioning"",""PutBucketWebsite"",""PutEncryptionConfiguration"",""PutIntelligentTieringConfiguration"",""PutInventoryConfiguration"",""PutJobTagging"",""PutLifecycleConfiguration"",""PutMetricsConfiguration"",""PutMultiRegionAccessPointPolicy"",""PutObject"",""PutObjectAcl"",""PutObjectAnnotation"",""PutObjectLegalHold"",""PutObjectRetention"",""PutObjectTagging"",""PutObjectVersionAcl"",""PutObjectVersionAnnotation"",""PutObjectVersionTagging"",""PutReplicationConfiguration"",""PutStorageLensConfiguration"",""PutStorageLensConfigurationTagging"",""ReplicateDelete"",""ReplicateObject"",""ReplicateObjectAnnotation"",""ReplicateTags"",""RestoreObject"",""SubmitMultiRegionAccessPointRoutes"",""TagResource"",""UntagResource"",""UpdateAccessGrantsLocation"",""UpdateBucketMetadataAnnotationTableConfiguration"",""UpdateBucketMetadataInventoryTableConfiguration"",""UpdateBucketMetadataJournalTableConfiguration"",""UpdateJobPriority"",""UpdateJobStatus"",""UpdateObjectEncryption"",""UpdateStorageLensGroup""]","arn:aws:s3:::${BucketName}/${KeyName}","^arn:aws:s3:::.+","[""aws:RequestTag/${TagKey}"",""aws:ResourceTag/${TagKey}"",""aws:TagKeys"",""s3:AccessGrantScope"",""s3:AccessGrantsInstanceArn"",""s3:AccessGrantsLocationScope"",""s3:AccessPointNetworkOrigin"",""s3:AccessPointTag/${TagKey}"",""s3:BucketTag/${TagKey}"",""s3:DataAccessPointAccount"",""s3:DataAccessPointArn"",""s3:ExistingJobOperation"",""s3:ExistingJobPriority"",""s3:ExistingObjectTag/<key>"",""s3:InventoryAccessibleOptionalFields"",""s3:JobSuspendedCause"",""s3:ObjectCreationOperation"",""s3:RequestJobOperation"",""s3:RequestJobPriority"",""s3:RequestObjectTag/<key>"",""s3:RequestObjectTagKeys"",""s3:ResourceAccount"",""s3:TlsVersion"",""s3:annotation-prefix"",""s3:authType"",""s3:delimiter"",""s3:deliverySourceArn"",""s3:destinationRegion"",""s3:if-match"",""s3:if-none-match"",""s3:isReplicationPauseRequest"",""s3:locationconstraint"",""s3:logType"",""s3:max-annotation-results"",""s3:max-keys"",""s3:object-lock-event-hold"",""s3:object-lock-event-hold-duration-days"",""s3:object-lock-legal-hold"",""s3:object-lock-mode"",""s3:object-lock-remaining-retention-days"",""s3:object-lock-retain-until-date"",""s3:prefix"",""s3:resourceArnBeingAuthorized"",""s3:signatureAge"",""s3:signatureversion"",""s3:versionid"",""s3:x-amz-acl"",""s3:x-amz-bucket-namespace"",""s3:x-amz-content-sha256"",""s3:x-amz-copy-source"",""s3:x-amz-grant-full-control"",""s3:x-amz-grant-read"",""s3:x-amz-grant-read-acp"",""s3:x-amz-grant-write"",""s3:x-amz-grant-write-acp"",""s3:x-amz-metadata-directive"",""s3:x-amz-object-annotation-directive"",""s3:x-amz-object-if-match"",""s3:x-amz-object-ownership"",""s3:x-amz-server-side-encryption"",""s3:x-amz-server-side-encryption-aws-kms-key-id"",""s3:x-amz-server-side-encryption-customer-algorithm"",""s3:x-amz-storage-class"",""s3:x-amz-website-redirect-location""]","True","https://docs.aws.amazon.com/service-authorization/latest/reference/list_s3.html"
"s3express","Amazon S3 Express","[""CreateAccessPoint"",""CreateBucket"",""CreateSession"",""DeleteAccessPoint"",""DeleteAccessPointPolicy"",""DeleteAccessPointScope"",""DeleteBucket"",""DeleteBucketPolicy"",""GetAccessPoint"",""GetAccessPointPolicy"",""GetAccessPointScope"",""GetBucketPolicy"",""GetEncryptionConfiguration"",""GetInventoryConfiguration"",""GetLifecycleConfiguration"",""GetMetricsConfiguration"",""ListAccessPointsForDirectoryBuckets"",""ListAllMyDirectoryBuckets"",""ListTagsForResource"",""PutAccessPointPolicy"",""PutAccessPointScope"",""PutBucketPolicy"",""PutEncryptionConfiguration"",""PutInventoryConfiguration"",""PutLifecycleConfiguration"",""PutMetricsConfiguration"",""TagResource"",""UntagResource""]","arn:aws:s3express:${Region}:${Account}:bucket/${BucketName}","^arn:aws:s3express:${Region}:${Account}:bucket/.+","[""aws:RequestTag/${TagKey}"",""aws:ResourceTag/${TagKey}"",""aws:TagKeys"",""s3express:AccessPointNetworkOrigin"",""s3express:AccessPointTag/${TagKey}"",""s3express:AllAccessRestrictedToLocalZoneGroup"",""s3express:BucketTag/${TagKey}"",""s3express:DataAccessPointAccount"",""s3express:DataAccessPointArn"",""s3express:InventoryAccessibleOptionalFields"",""s3express:LocationName"",""s3express:Permissions"",""s3express:ResourceAccount"",""s3express:SessionMode"",""s3express:TlsVersion"",""s3express:authType"",""s3express:signatureAge"",""s3express:signatureversion"",""s3express:x-amz-content-sha256"",""s3express:x-amz-server-side-encryption"",""s3express:x-amz-server-side-encryption-aws-kms-key-id""]","True","https://docs.aws.amazon.com/service-authorization/latest/reference/list_s3express.html"
"s3files","Amazon S3 Files","[""ClientMount"",""ClientRootAccess"",""ClientWrite"",""CreateAccessPoint"",""CreateFileSystem"",""CreateMountTarget"",""DeleteAccessPoint"",""DeleteFileSystem"",""DeleteFileSystemPolicy"",""DeleteMountTarget"",""GetAccessPoint"",""GetFileSystem"",""GetFileSystemPolicy"",""GetMountTarget"",""GetSynchronizationConfiguration"",""ListAccessPoints"",""ListFileSystems"",""ListMountTargets"",""ListTagsForResource"",""PutFileSystemPolicy"",""PutSynchronizationConfiguration"",""TagResource"",""UntagResource"",""UpdateMountTarget""]","arn:aws:s3files:${Region}:${Account}:${ResourceType}/${ResourcePath}","^arn:aws:s3files:.+","[""aws:RequestTag/${TagKey}"",""aws:ResourceTag/${TagKey}"",""aws:TagKeys"",""s3files:AccessPointArn"",""s3files:CreateAction""]","True","https://docs.aws.amazon.com/service-authorization/latest/reference/list_s3files.html"
"glacier","Amazon S3 Glacier","[""AbortMultipartUpload"",""AbortVaultLock"",""AddTagsToVault"",""CompleteMultipartUpload"",""CompleteVaultLock"",""CreateVault"",""DeleteArchive"",""DeleteVault"",""DeleteVaultAccessPolicy"",""DeleteVaultNotifications"",""DescribeJob"",""DescribeVault"",""GetDataRetrievalPolicy"",""GetJobOutput"",""GetVaultAccessPolicy"",""GetVaultLock"",""GetVaultNotifications"",""InitiateJob"",""InitiateMultipartUpload"",""InitiateVaultLock"",""ListJobs"",""ListMultipartUploads"",""ListParts"",""ListProvisionedCapacity"",""ListTagsForVault"",""ListVaults"",""PurchaseProvisionedCapacity"",""RemoveTagsFromVault"",""SetDataRetrievalPolicy"",""SetVaultAccessPolicy"",""SetVaultNotifications"",""UploadArchive"",""UploadMultipartPart""]","arn:aws:glacier:${Region}:${Account}:vault/${VaultName}","^arn:aws:glacier:.+:.+:.+","[""glacier:ArchiveAgeInDays"",""glacier:ResourceTag/""]","True","https://docs.aws.amazon.com/service-authorization/latest/reference/list_glacier.html"
"s3-object-lambda","Amazon S3 Object Lambda","[""AbortMultipartUpload"",""DeleteObject"",""DeleteObjectTagging"",""DeleteObjectVersion"",""DeleteObjectVersionTagging"",""GetObject"",""GetObjectAcl"",""GetObjectLegalHold"",""GetObjectRetention"",""GetObjectTagging"",""GetObjectVersion"",""GetObjectVersionAcl"",""GetObjectVersionTagging"",""ListBucket"",""ListBucketMultipartUploads"",""ListBucketVersions"",""ListMultipartUploadParts"",""PutObject"",""PutObjectAcl"",""PutObjectLegalHold"",""PutObjectRetention"",""PutObjectTagging"",""PutObjectVersionAcl"",""PutObjectVersionTagging"",""RestoreObject"",""WriteGetObjectResponse""]","arn:aws:s3-object-lambda:::accesspoint/${AccessPointName}","^arn:aws:s3-object-lambda:::.+","[""s3-object-lambda:TlsVersion"",""s3-object-lambda:authType"",""s3-object-lambda:signatureAge"",""s3-object-lambda:versionid""]","True","https://docs.aws.amazon.com/service-authorization/latest/reference/list_s3-object-lambda.html"
"s3-outposts","Amazon S3 on Outposts","[""AbortMultipartUpload"",""CreateAccessPoint"",""CreateBucket"",""CreateEndpoint"",""DeleteAccessPoint"",""DeleteAccessPointPolicy"",""DeleteBucket"",""DeleteBucketPolicy"",""DeleteEndpoint"",""DeleteObject"",""DeleteObjectTagging"",""DeleteObjectVersion"",""DeleteObjectVersionTagging"",""GetAccessPoint"",""GetAccessPointPolicy"",""GetBucket"",""GetBucketPolicy"",""GetBucketTagging"",""GetBucketVersioning"",""GetLifecycleConfiguration"",""GetObject"",""GetObjectTagging"",""GetObjectVersion"",""GetObjectVersionForReplication"",""GetObjectVersionTagging"",""GetReplicationConfiguration"",""ListAccessPoints"",""ListBucket"",""ListBucketMultipartUploads"",""ListBucketVersions"",""ListEndpoints"",""ListMultipartUploadParts"",""ListOutpostsWithS3"",""ListRegionalBuckets"",""ListSharedEndpoints"",""PutAccessPointPolicy"",""PutBucketPolicy"",""PutBucketTagging"",""PutBucketVersioning"",""PutLifecycleConfiguration"",""PutObject"",""PutObjectAcl"",""PutObjectTagging"",""PutObjectVersionTagging"",""PutReplicationConfiguration"",""ReplicateDelete"",""ReplicateObject"",""ReplicateTags""]","arn:aws:s3-outposts:${Region}:${Account}:${ResourceType}/${ResourcePath}","^arn:aws:s3-outposts:.+","[""s3-outposts:AccessPointNetworkOrigin"",""s3-outposts:DataAccessPointAccount"",""s3-outposts:DataAccessPointArn"",""s3-outposts:ExistingObjectTag/<key>"",""s3-outposts:RequestObjectTag/<key>"",""s3-outposts:RequestObjectTagKeys"",""s3-outposts:authType"",""s3-outposts:delimiter"",""s3-outposts:max-keys"",""s3-outposts:prefix"",""s3-outposts:signatureAge"",""s3-outposts:signatureversion"",""s3-outposts:versionid"",""s3-outposts:x-amz-acl"",""s3-outposts:x-amz-content-sha256"",""s3-outposts:x-amz-copy-source"",""s3-outposts:x-amz-metadata-directive"",""s3-outposts:x-amz-server-side-encryption"",""s3-outposts:x-amz-storage-class""]","True","https://docs.aws.amazon.com/service-authorization/latest/reference/list_s3outposts.html"
"s3tables","Amazon S3 Tables","[""CreateNamespace"",""CreateTable"",""CreateTableBucket"",""DeleteNamespace"",""DeleteTable"",""DeleteTableBucket"",""DeleteTableBucketEncryption"",""DeleteTableBucketMetricsConfiguration"",""DeleteTableBucketPolicy"",""DeleteTableBucketReplication"",""DeleteTablePolicy"",""DeleteTableReplication"",""GetNamespace"",""GetTable"",""GetTableBucket"",""GetTableBucketEncryption"",""GetTableBucketMaintenanceConfiguration"",""GetTableBucketMetricsConfiguration"",""GetTableBucketPolicy"",""GetTableBucketReplication"",""GetTableBucketStorageClass"",""GetTableData"",""GetTableEncryption"",""GetTableMaintenanceConfiguration"",""GetTableMaintenanceJobStatus"",""GetTableMetadataLocation"",""GetTablePolicy"",""GetTableRecordExpirationConfiguration"",""GetTableRecordExpirationJobStatus"",""GetTableReplication"",""GetTableReplicationStatus"",""GetTableStorageClass"",""ListNamespaces"",""ListTableBuckets"",""ListTables"",""ListTagsForResource"",""PutTableBucketEncryption"",""PutTableBucketMaintenanceConfiguration"",""PutTableBucketMetricsConfiguration"",""PutTableBucketPolicy"",""PutTableBucketReplication"",""PutTableBucketStorageClass"",""PutTableData"",""PutTableEncryption"",""PutTableMaintenanceConfiguration"",""PutTablePolicy"",""PutTableRecordExpirationConfiguration"",""PutTableReplication"",""PutTableStorageClass"",""RenameTable"",""TagResource"",""UntagResource"",""UpdateTableMetadataLocation""]","arn:aws:s3tables:${Region}:${Account}:${ResourceType}","^arn:aws:s3tables:.+","[""aws:RequestTag/${TagKey}"",""aws:ResourceTag/${TagKey}"",""aws:TagKeys"",""s3tables:KMSKeyArn"",""s3tables:SSEAlgorithm"",""s3tables:StorageClass"",""s3tables:TableBucketTag/${TagKey}"",""s3tables:namespace"",""s3tables:tableName""]","True","https://docs.aws.amazon.com/service-authorization/latest/reference/list_s3tables.html"
"s3vectors","Amazon S3 Vectors","[""CreateIndex"",""CreateVectorBucket"",""DeleteIndex"",""DeleteVectorBucket"",""DeleteVectorBucketPolicy"",""DeleteVectors"",""GetIndex"",""GetVectorBucket"",""GetVectorBucketPolicy"",""GetVectors"",""ListIndexes"",""ListTagsForResource"",""ListVectorBuckets"",""ListVectors"",""PutVectorBucketDefaultIndexMode"",""PutVectorBucketPolicy"",""PutVectors"",""QueryVectors"",""TagResource"",""UntagResource"",""UpdateIndexMode""]","arn:aws:s3vectors:${Region}:${Account}:${ResourceType}","^arn:aws:s3vectors:.+:.+:.+","[""aws:RequestTag/${TagKey}"",""aws:ResourceTag/${TagKey}"",""aws:TagKeys"",""s3vectors:VectorBucketTag/${TagKey}"",""s3vectors:kmsKeyArn"",""s3vectors:sseType""]","True","https://docs.aws.amazon.com/service-authorization/latest/reference/list_s3vectors.html"
"sagemaker","Amazon SageMaker","[""AccessModelPackage"",""AddAssociation"",""AddTags"",""AssociateTrialComponent"",""AttachClusterNodeNetworkInterface"",""AttachClusterNodeVolume"",""BatchAddClusterNodes"",""BatchDeleteClusterNodes"",""BatchDescribeModelPackage"",""BatchGetMetrics"",""BatchGetRecord"",""BatchPutMetrics"",""BatchRebootClusterNodes"",""BatchReplaceClusterNodes"",""BatchWriteRecord"",""CallMlflowAppApi"",""CallPartnerAppApi"",""CallWithBearerToken"",""CompleteRollout"",""CreateAIBenchmarkJob"",""CreateAIRecommendationJob"",""CreateAIWorkloadConfig"",""CreateAction"",""CreateAlgorithm"",""CreateApp"",""CreateAppImageConfig"",""CreateArtifact"",""CreateAutoMLJob"",""CreateAutoMLJobV2"",""CreateCluster"",""CreateClusterSchedulerConfig"",""CreateCodeRepository"",""CreateCompilationJob"",""CreateComputeQuota"",""CreateContext"",""CreateDataQualityJobDefinition"",""CreateDeviceFleet"",""CreateDomain"",""CreateEdgeDeploymentPlan"",""CreateEdgeDeploymentStage"",""CreateEdgePackagingJob"",""CreateEndpoint"",""CreateEndpointConfig"",""CreateExperiment"",""CreateFeatureGroup"",""CreateFlowDefinition"",""CreateHub"",""CreateHubContentPresignedUrls"",""CreateHubContentReference"",""CreateHumanTaskUi"",""CreateHyperParameterTuningJob"",""CreateImage"",""CreateImageVersion"",""CreateInferenceComponent"",""CreateInferenceExperiment"",""CreateInferenceRecommendationsJob"",""CreateJob"",""CreateLabelingJob"",""CreateLineageGroupPolicy"",""CreateMlflowApp"",""CreateMlflowTrackingServer"",""CreateModel"",""CreateModelBiasJobDefinition"",""CreateModelCard"",""CreateModelCardExportJob"",""CreateModelExplainabilityJobDefinition"",""CreateModelPackage"",""CreateModelPackageGroup"",""CreateModelQualityJobDefinition"",""CreateMonitoringSchedule"",""CreateNotebookInstance"",""CreateNotebookInstanceLifecycleConfig"",""CreateOptimizationJob"",""CreatePartnerApp"",""CreatePartnerAppPresignedUrl"",""CreatePipeline"",""CreatePresignedDomainUrl"",""CreatePresignedMlflowAppUrl"",""CreatePresignedMlflowTrackingServerUrl"",""CreatePresignedNotebookInstanceUrl"",""CreateProcessingJob"",""CreateProject"",""CreateReservedCapacity"",""CreateSharedModel"",""CreateSpace"",""CreateStudioLifecycleConfig"",""CreateTrainingJob"",""CreateTrainingPlan"",""CreateTransformJob"",""CreateTrial"",""CreateTrialComponent"",""CreateUserProfile"",""CreateWorkforce"",""CreateWorkteam"",""DeleteAIBenchmarkJob"",""DeleteAIRecommendationJob"",""DeleteAIWorkloadConfig"",""DeleteAction"",""DeleteAlgorithm"",""DeleteApp"",""DeleteAppImageConfig"",""DeleteArtifact"",""DeleteAssociation"",""DeleteCluster"",""DeleteClusterSchedulerConfig"",""DeleteCodeRepository"",""DeleteCompilationJob"",""DeleteComputeQuota"",""DeleteContext"",""DeleteDataQualityJobDefinition"",""DeleteDeviceFleet"",""DeleteDomain"",""DeleteEdgeDeploymentPlan"",""DeleteEdgeDeploymentStage"",""DeleteEndpoint"",""DeleteEndpointConfig"",""DeleteExperiment"",""DeleteFeatureGroup"",""DeleteFlowDefinition"",""DeleteHub"",""DeleteHubContent"",""DeleteHubContentReference"",""DeleteHumanLoop"",""DeleteHumanTaskUi"",""DeleteHyperParameterTuningJob"",""DeleteImage"",""DeleteImageVersion"",""DeleteInferenceComponent"",""DeleteInferenceExperiment"",""DeleteJob"",""DeleteLineageGroupPolicy"",""DeleteMlflowApp"",""DeleteMlflowTrackingServer"",""DeleteModel"",""DeleteModelBiasJobDefinition"",""DeleteModelCard"",""DeleteModelExplainabilityJobDefinition"",""DeleteModelPackage"",""DeleteModelPackageGroup"",""DeleteModelPackageGroupPolicy"",""DeleteModelQualityJobDefinition"",""DeleteMonitoringSchedule"",""DeleteNotebookInstance"",""DeleteNotebookInstanceLifecycleConfig"",""DeleteOptimizationJob"",""DeletePartnerApp"",""DeletePipeline"",""DeleteProcessingJob"",""DeleteProject"",""DeleteRecord"",""DeleteResourcePolicy"",""DeleteSpace"",""DeleteStudioLifecycleConfig"",""DeleteTags"",""DeleteTrainingJob"",""DeleteTrial"",""DeleteTrialComponent"",""DeleteUserProfile"",""DeleteWorkforce"",""DeleteWorkteam"",""DeployHubModel"",""DeregisterDevices"",""DescribeAIBenchmarkJob"",""DescribeAIRecommendationJob"",""DescribeAIWorkloadConfig"",""DescribeAction"",""DescribeAlgorithm"",""DescribeApp"",""DescribeAppImageConfig"",""DescribeArtifact"",""DescribeAutoMLJob"",""DescribeAutoMLJobV2"",""DescribeCluster"",""DescribeClusterEvent"",""DescribeClusterInference"",""DescribeClusterNode"",""DescribeClusterSchedulerConfig"",""DescribeCodeRepository"",""DescribeCompilationJob"",""DescribeComputeQuota"",""DescribeContext"",""DescribeDataQualityJobDefinition"",""DescribeDevice"",""DescribeDeviceFleet"",""DescribeDomain"",""DescribeEdgeDeploymentPlan"",""DescribeEdgePackagingJob"",""DescribeEndpoint"",""DescribeEndpointConfig"",""DescribeExperiment"",""DescribeFeatureGroup"",""DescribeFeatureMetadata"",""DescribeFlowDefinition"",""DescribeHub"",""DescribeHubContent"",""DescribeHumanLoop"",""DescribeHumanTaskUi"",""DescribeHyperParameterTuningJob"",""DescribeImage"",""DescribeImageVersion"",""DescribeInferenceComponent"",""DescribeInferenceExperiment"",""DescribeInferenceRecommendationsJob"",""DescribeJob"",""DescribeJobSchemaVersion"",""DescribeLabelingJob"",""DescribeLineageGroup"",""DescribeMlflowApp"",""DescribeMlflowTrackingServer"",""DescribeModel"",""DescribeModelBiasJobDefinition"",""DescribeModelCard"",""DescribeModelCardExportJob"",""DescribeModelExplainabilityJobDefinition"",""DescribeModelPackage"",""DescribeModelPackageGroup"",""DescribeModelQualityJobDefinition"",""DescribeMonitoringSchedule"",""DescribeNotebookInstance"",""DescribeNotebookInstanceLifecycleConfig"",""DescribeOptimizationJob"",""DescribePartnerApp"",""DescribePipeline"",""DescribePipelineDefinitionForExecution"",""DescribePipelineExecution"",""DescribeProcessingJob"",""DescribeProject"",""DescribeReservedCapacity"",""DescribeSharedModel"",""DescribeSpace"",""DescribeStudioLifecycleConfig"",""DescribeSubscribedWorkteam"",""DescribeTrainingJob"",""DescribeTrainingPlan"",""DescribeTrainingPlanExtensionHistory"",""DescribeTransformJob"",""DescribeTrial"",""DescribeTrialComponent"",""DescribeUserProfile"",""DescribeWorkforce"",""DescribeWorkteam"",""DetachClusterNodeVolume"",""DisableSagemakerServicecatalogPortfolio"",""DisassociateTrialComponent"",""EnableSagemakerServicecatalogPortfolio"",""ExtendTrainingPlan"",""GetDeployments"",""GetDeviceFleetReport"",""GetDeviceRegistration"",""GetLineageGroupPolicy"",""GetModelPackageGroupPolicy"",""GetRecord"",""GetResourcePolicy"",""GetSagemakerServicecatalogPortfolioStatus"",""GetScalingConfigurationRecommendation"",""GetSearchSuggestions"",""ImportHubContent"",""InvokeEndpoint"",""InvokeEndpointAsync"",""InvokeEndpointWithResponseStream"",""ListAIBenchmarkJobs"",""ListAIRecommendationJobs"",""ListAIWorkloadConfigs"",""ListActions"",""ListAlgorithms"",""ListAliases"",""ListAppImageConfigs"",""ListApps"",""ListArtifacts"",""ListAssociations"",""ListAutoMLJobs"",""ListCandidatesForAutoMLJob"",""ListClusterEvents"",""ListClusterNodes"",""ListClusterSchedulerConfigs"",""ListClusters"",""ListCodeRepositories"",""ListCompilationJobs"",""ListComputeQuotas"",""ListContexts"",""ListDataQualityJobDefinitions"",""ListDeviceFleets"",""ListDevices"",""ListDomains"",""ListEdgeDeploymentPlans"",""ListEdgePackagingJobs"",""ListEndpointConfigs"",""ListEndpoints"",""ListExperiments"",""ListFeatureGroups"",""ListFlowDefinitions"",""ListHubContentVersions"",""ListHubContents"",""ListHubs"",""ListHumanLoops"",""ListHumanTaskUis"",""ListHyperParameterTuningJobs"",""ListImageVersions"",""ListImages"",""ListInferenceComponents"",""ListInferenceExperiments"",""ListInferenceRecommendationsJobSteps"",""ListInferenceRecommendationsJobs"",""ListJobSchemaVersions"",""ListJobs"",""ListLabelingJobs"",""ListLabelingJobsForWorkteam"",""ListLineageGroups"",""ListMlflowApps"",""ListMlflowTrackingServers"",""ListModelBiasJobDefinitions"",""ListModelCardExportJobs"",""ListModelCardVersions"",""ListModelCards"",""ListModelExplainabilityJobDefinitions"",""ListModelMetadata"",""ListModelPackageGroups"",""ListModelPackages"",""ListModelQualityJobDefinitions"",""ListModels"",""ListMonitoringAlertHistory"",""ListMonitoringAlerts"",""ListMonitoringExecutions"",""ListMonitoringSchedules"",""ListNotebookInstanceLifecycleConfigs"",""ListNotebookInstances"",""ListOptimizationJobs"",""ListPartnerApps"",""ListPipelineExecutionSteps"",""ListPipelineExecutions"",""ListPipelineParametersForExecution"",""ListPipelineVersions"",""ListPipelines"",""ListProcessingJobs"",""ListProjects"",""ListRecords"",""ListResourceCatalogs"",""ListSharedModelEvents"",""ListSharedModelVersions"",""ListSharedModels"",""ListSpaces"",""ListStageDevices"",""ListStudioLifecycleConfigs"",""ListSubscribedWorkteams"",""ListTags"",""ListTrainingJobs"",""ListTrainingJobsForHyperParameterTuningJob"",""ListTrainingPlans"",""ListTransformJobs"",""ListTrialComponents"",""ListTrials"",""ListUltraServersByReservedCapacity"",""ListUserProfiles"",""ListWorkforces"",""ListWorkteams"",""PutLineageGroupPolicy"",""PutModelPackageGroupPolicy"",""PutRecord"",""PutResourcePolicy"",""QueryLineage"",""RegisterDevices"",""RenderUiTemplate"",""RetryPipelineExecution"",""Sample"",""SampleWithResponseStream"",""Search"",""SearchTrainingPlanOfferings"",""SendHeartbeat"",""SendPipelineExecutionStepFailure"",""SendPipelineExecutionStepSuccess"",""SendSharedModelEvent"",""StartClusterHealthCheck"",""StartEdgeDeploymentStage"",""StartHumanLoop"",""StartInferenceExperiment"",""StartMlflowTrackingServer"",""StartMonitoringSchedule"",""StartNotebookInstance"",""StartPipelineExecution"",""StartSession"",""StopAIBenchmarkJob"",""StopAIRecommendationJob"",""StopAutoMLJob"",""StopCompilationJob"",""StopEdgeDeploymentStage"",""StopEdgePackagingJob"",""StopHumanLoop"",""StopHyperParameterTuningJob"",""StopInferenceExperiment"",""StopInferenceRecommendationsJob"",""StopJob"",""StopLabelingJob"",""StopMlflowTrackingServer"",""StopMonitoringSchedule"",""StopNotebookInstance"",""StopOptimizationJob"",""StopPipelineExecution"",""StopProcessingJob"",""StopTrainingJob"",""StopTransformJob"",""TrainHubModel"",""UpdateAction"",""UpdateAppImageConfig"",""UpdateArtifact"",""UpdateCluster"",""UpdateClusterInference"",""UpdateClusterSchedulerConfig"",""UpdateClusterSoftware"",""UpdateCodeRepository"",""UpdateComputeQuota"",""UpdateContext"",""UpdateDeviceFleet"",""UpdateDevices"",""UpdateDomain"",""UpdateEndpoint"",""UpdateEndpointWeightsAndCapacities"",""UpdateExperiment"",""UpdateFeatureGroup"",""UpdateFeatureMetadata"",""UpdateHub"",""UpdateHubContent"",""UpdateHubContentReference"",""UpdateImage"",""UpdateImageVersion"",""UpdateInferenceComponent"",""UpdateInferenceComponentRuntimeConfig"",""UpdateInferenceExperiment"",""UpdateMlflowApp"",""UpdateMlflowTrackingServer"",""UpdateModelCard"",""UpdateModelPackage"",""UpdateMonitoringAlert"",""UpdateMonitoringSchedule"",""UpdateNotebookInstance"",""UpdateNotebookInstanceLifecycleConfig"",""UpdatePartnerApp"",""UpdatePipeline"",""UpdatePipelineExecution"",""UpdatePipelineVersion"",""UpdateProject"",""UpdateReward"",""UpdateSharedModel"",""UpdateSpace"",""UpdateTrainingJob"",""UpdateTrial"",""UpdateTrialComponent"",""UpdateUserProfile"",""UpdateWorkforce"",""UpdateWorkteam""]","arn:aws:sagemaker:${Region}:${Account}:${ResourceType}/${ResourceName}","^arn:aws:sagemaker:.+","[""aws:RequestTag/${TagKey}"",""aws:ResourceTag/${TagKey}"",""aws:TagKeys"",""sagemaker:AcceleratorTypes"",""sagemaker:AppNetworkAccessType"",""sagemaker:AuthMode"",""sagemaker:BearerTokenType"",""sagemaker:CurrentCustomerMetadataProperties/${MetadataKey}"",""sagemaker:CurrentModelLifeCycleStage"",""sagemaker:CurrentModelLifeCycleStageStatus"",""sagemaker:CustomerMetadataProperties/${MetadataKey}"",""sagemaker:CustomerMetadataPropertiesToRemove"",""sagemaker:DirectGatedModelAccess"",""sagemaker:DirectInternetAccess"",""sagemaker:DomainId"",""sagemaker:DomainSharingOutputKmsKey"",""sagemaker:DomainSharingOutputKmsKeyArn"",""sagemaker:EnableRemoteDebug"",""sagemaker:FeatureGroupDisableGlueTableCreation"",""sagemaker:FeatureGroupEnableOnlineStore"",""sagemaker:FeatureGroupOfflineStoreConfig"",""sagemaker:FeatureGroupOfflineStoreKmsKey"",""sagemaker:FeatureGroupOfflineStoreKmsKeyArn"",""sagemaker:FeatureGroupOfflineStoreS3Uri"",""sagemaker:FeatureGroupOnlineStoreKmsKey"",""sagemaker:FeatureGroupOnlineStoreKmsKeyArn"",""sagemaker:FileSystemAccessMode"",""sagemaker:FileSystemDirectoryPath"",""sagemaker:FileSystemId"",""sagemaker:FileSystemType"",""sagemaker:HomeEfsFileSystemKmsKey"",""sagemaker:ImageArns"",""sagemaker:ImageVersionArns"",""sagemaker:InstanceTypes"",""sagemaker:InterContainerTrafficEncryption"",""sagemaker:IsUpdateRecord"",""sagemaker:KeepAlivePeriod"",""sagemaker:MaxRuntimeInSeconds"",""sagemaker:MinimumInstanceMetadataServiceVersion"",""sagemaker:ModelApprovalStatus"",""sagemaker:ModelArn"",""sagemaker:ModelLifeCycle:Stage"",""sagemaker:ModelLifeCycle:StageStatus"",""sagemaker:NetworkIsolation"",""sagemaker:NotebookInstanceLifecycleConfigArns"",""sagemaker:OutputKmsKey"",""sagemaker:OutputKmsKeyArn"",""sagemaker:OwnerUserProfileArn"",""sagemaker:PipelineVersionId"",""sagemaker:RemoteAccess"",""sagemaker:ResourceTag/"",""sagemaker:ResourceTag/${TagKey}"",""sagemaker:RootAccess"",""sagemaker:SearchVisibilityCondition/${FilterKey}"",""sagemaker:ServerlessMaxConcurrency"",""sagemaker:ServerlessMemorySize"",""sagemaker:SpaceSharingType"",""sagemaker:StudioLifecycleConfigArns"",""sagemaker:TaggingAction"",""sagemaker:TargetModel"",""sagemaker:UpdatableFeatures"",""sagemaker:UserProfileName"",""sagemaker:VolumeKmsKey"",""sagemaker:VolumeKmsKeyArn"",""sagemaker:VpcSecurityGroupIds"",""sagemaker:VpcSubnets"",""sagemaker:WorkteamArn"",""sagemaker:WorkteamType""]","True","https://docs.aws.amazon.com/service-authorization/latest/reference/list_sagemaker.html"
"sagemaker-data-science-assistant","Amazon SageMaker data science assistant","""SendConversation""","","","null","False","https://docs.aws.amazon.com/service-authorization/latest/reference/list_sagemaker-data-science-assistant.html"
"sagemaker-geospatial","Amazon SageMaker geospatial capabilities","[""DeleteEarthObservationJob"",""DeleteVectorEnrichmentJob"",""ExportEarthObservationJob"",""ExportVectorEnrichmentJob"",""GetEarthObservationJob"",""GetRasterDataCollection"",""GetTile"",""GetVectorEnrichmentJob"",""ListEarthObservationJobs"",""ListRasterDataCollections"",""ListTagsForResource"",""ListVectorEnrichmentJobs"",""SearchRasterDataCollection"",""StartEarthObservationJob"",""StartVectorEnrichmentJob"",""StopEarthObservationJob"",""StopVectorEnrichmentJob"",""TagResource"",""UntagResource""]","arn:aws:sagemaker-geospatial:${Region}:${Account}:${ResourceType}/${ResourceName}","^arn:aws:sagemaker-geospatial:.+:.+","[""aws:RequestTag/${TagKey}"",""aws:ResourceTag/${TagKey}"",""aws:TagKeys""]","True","https://docs.aws.amazon.com/service-authorization/latest/reference/list_sagemaker-geospatial.html"
"sagemaker-unified-studio-mcp","Amazon SageMaker Unified Studio MCP","""AuthorizeVpce""","arn:${Partition}:sagemaker-unified-studio-mcp:${Region}:${Account}:${ResourceType}/${ResourcePath}","^arn:${Partition}:sagemaker-unified-studio-mcp:.+:.+","null","False","https://docs.aws.amazon.com/service-authorization/latest/reference/list_sagemaker-unified-studio-mcp.html"
"sagemaker-mlflow","Amazon SageMaker with MLflow","[""AccessUI"",""CreateExperiment"",""CreateModelVersion"",""CreateRegisteredModel"",""CreateRun"",""DeleteExperiment"",""DeleteLoggedModel"",""DeleteLoggedModelTag"",""DeleteModelVersion"",""DeleteModelVersionTag"",""DeleteRegisteredModel"",""DeleteRegisteredModelAlias"",""DeleteRegisteredModelTag"",""DeleteRun"",""DeleteTag"",""DeleteTraceTag"",""DeleteTraces"",""EndTrace"",""FinalizeLoggedModel"",""GetDownloadURIForModelVersionArtifacts"",""GetExperiment"",""GetExperimentByName"",""GetLatestModelVersions"",""GetLoggedModel"",""GetMetricHistory"",""GetModelVersion"",""GetModelVersionByAlias"",""GetRegisteredModel"",""GetRun"",""GetTraceInfo"",""ListArtifacts"",""ListLoggedModelArtifacts"",""LogBatch"",""LogInputs"",""LogLoggedModelParams"",""LogMetric"",""LogModel"",""LogOutputs"",""LogParam"",""RenameRegisteredModel"",""RestoreExperiment"",""RestoreRun"",""SearchExperiments"",""SearchLoggedModels"",""SearchModelVersions"",""SearchRegisteredModels"",""SearchRuns"",""SearchTraces"",""SetExperimentTag"",""SetLoggedModelTags"",""SetModelVersionTag"",""SetRegisteredModelAlias"",""SetRegisteredModelTag"",""SetTag"",""SetTraceTag"",""StartTrace"",""TransitionModelVersionStage"",""UpdateExperiment"",""UpdateModelVersion"",""UpdateRegisteredModel"",""UpdateRun""]","arn:aws:sagemaker:${Region}:${Account}:${ResourceType}/${ResourceName}","^arn:aws:sagemaker:.+","""aws:ResourceTag/${TagKey}""","True","https://docs.aws.amazon.com/service-authorization/latest/reference/list_sagemaker-mlflow.html"
"securitylake","Amazon Security Lake","[""CreateAwsLogSource"",""CreateCustomLogSource"",""CreateDataLake"",""CreateDataLakeExceptionSubscription"",""CreateDataLakeOrganizationConfiguration"",""CreateSubscriber"",""CreateSubscriberNotification"",""DeleteAwsLogSource"",""DeleteCustomLogSource"",""DeleteDataLake"",""DeleteDataLakeExceptionSubscription"",""DeleteDataLakeOrganizationConfiguration"",""DeleteSubscriber"",""DeleteSubscriberNotification"",""DeregisterDataLakeDelegatedAdministrator"",""GetDataLakeExceptionSubscription"",""GetDataLakeOrganizationConfiguration"",""GetDataLakeSources"",""GetSubscriber"",""ListDataLakeExceptions"",""ListDataLakes"",""ListLogSources"",""ListSubscribers"",""ListTagsForResource"",""RegisterDataLakeDelegatedAdministrator"",""TagResource"",""UntagResource"",""UpdateDataLake"",""UpdateDataLakeExceptionSubscription"",""UpdateSubscriber"",""UpdateSubscriberNotification""]","arn:aws:securitylake:${Region}:${Account}:${ResourceType}/${ResourcePath}","^arn:aws:securitylake:.+:.+:.+","[""aws:RequestTag/${TagKey}"",""aws:ResourceTag/${TagKey}"",""aws:TagKeys""]","True","https://docs.aws.amazon.com/service-authorization/latest/reference/list_securitylake.html"
"ses","Amazon SES","[""CloneReceiptRuleSet"",""CreateConfigurationSet"",""CreateConfigurationSetEventDestination"",""CreateConfigurationSetTrackingOptions"",""CreateCustomVerificationEmailTemplate"",""CreateReceiptFilter"",""CreateReceiptRule"",""CreateReceiptRuleSet"",""CreateTemplate"",""DeleteConfigurationSet"",""DeleteConfigurationSetEventDestination"",""DeleteConfigurationSetTrackingOptions"",""DeleteCustomVerificationEmailTemplate"",""DeleteIdentity"",""DeleteIdentityPolicy"",""DeleteReceiptFilter"",""DeleteReceiptRule"",""DeleteReceiptRuleSet"",""DeleteTemplate"",""DeleteVerifiedEmailAddress"",""DescribeActiveReceiptRuleSet"",""DescribeConfigurationSet"",""DescribeReceiptRule"",""DescribeReceiptRuleSet"",""GetAccountSendingEnabled"",""GetCustomVerificationEmailTemplate"",""GetIdentityDkimAttributes"",""GetIdentityMailFromDomainAttributes"",""GetIdentityNotificationAttributes"",""GetIdentityPolicies"",""GetIdentityVerificationAttributes"",""GetSendQuota"",""GetSendStatistics"",""GetTemplate"",""ListConfigurationSets"",""ListCustomVerificationEmailTemplates"",""ListIdentities"",""ListIdentityPolicies"",""ListReceiptFilters"",""ListReceiptRuleSets"",""ListTemplates"",""ListVerifiedEmailAddresses"",""PutConfigurationSetDeliveryOptions"",""PutIdentityPolicy"",""ReorderReceiptRuleSet"",""SendBounce"",""SendBulkTemplatedEmail"",""SendCustomVerificationEmail"",""SendEmail"",""SendRawEmail"",""SendTemplatedEmail"",""SetActiveReceiptRuleSet"",""SetIdentityDkimEnabled"",""SetIdentityFeedbackForwardingEnabled"",""SetIdentityHeadersInNotificationsEnabled"",""SetIdentityMailFromDomain"",""SetIdentityNotificationTopic"",""SetReceiptRulePosition"",""TestRenderTemplate"",""UpdateAccountSendingEnabled"",""UpdateConfigurationSetEventDestination"",""UpdateConfigurationSetReputationMetricsEnabled"",""UpdateConfigurationSetSendingEnabled"",""UpdateConfigurationSetTrackingOptions"",""UpdateCustomVerificationEmailTemplate"",""UpdateReceiptRule"",""UpdateTemplate"",""VerifyDomainDkim"",""VerifyDomainIdentity"",""VerifyEmailAddress"",""VerifyEmailIdentity""]","arn:aws:ses:${Region}:${Account}:${ResourceType}/${ResourceId}","^arn:aws:ses:.+:[0-9]+:.+","[""ses:ApiVersion"",""ses:FeedbackAddress"",""ses:FromAddress"",""ses:FromDisplayName"",""ses:Recipients""]","True","https://docs.aws.amazon.com/service-authorization/latest/reference/list_ses.html"
"ses","Amazon Simple Email Service - Mail Manager","[""AllowVendedLogDeliveryForResource"",""CreateAddonInstance"",""CreateAddonSubscription"",""CreateAddressList"",""CreateAddressListImportJob"",""CreateArchive"",""CreateIngressPoint"",""CreateRelay"",""CreateRuleSet"",""CreateTrafficPolicy"",""DeleteAddonInstance"",""DeleteAddonSubscription"",""DeleteAddressList"",""DeleteArchive"",""DeleteIngressPoint"",""DeleteRelay"",""DeleteRuleSet"",""DeleteTrafficPolicy"",""DeregisterMemberFromAddressList"",""GetAddonInstance"",""GetAddonSubscription"",""GetAddressList"",""GetAddressListImportJob"",""GetArchive"",""GetArchiveExport"",""GetArchiveMessage"",""GetArchiveMessageContent"",""GetArchiveSearch"",""GetArchiveSearchResults"",""GetIngressPoint"",""GetMemberOfAddressList"",""GetRelay"",""GetRuleSet"",""GetTrafficPolicy"",""ListAddonInstances"",""ListAddonSubscriptions"",""ListAddressListImportJobs"",""ListAddressLists"",""ListArchiveExports"",""ListArchiveSearches"",""ListArchives"",""ListIngressPoints"",""ListMembersOfAddressList"",""ListRelays"",""ListRuleSets"",""ListTagsForResource"",""ListTrafficPolicies"",""RegisterMemberToAddressList"",""StartAddressListImportJob"",""StartArchiveExport"",""StartArchiveSearch"",""StopAddressListImportJob"",""StopArchiveExport"",""StopArchiveSearch"",""TagResource"",""UntagResource"",""UpdateArchive"",""UpdateIngressPoint"",""UpdateRelay"",""UpdateRuleSet"",""UpdateTrafficPolicy""]","arn:aws:ses:${Region}:${Account}:${ResourceType}/${ResourceId}","^arn:aws:ses:.+:[0-9]+:.+","[""aws:RequestTag/${TagKey}"",""aws:ResourceTag/${TagKey}"",""aws:TagKeys"",""ses:AddonSubscriptionArn"",""ses:MailManagerIngressPointType"",""ses:MailManagerRuleSetArn"",""ses:MailManagerTrafficPolicyArn""]","True","https://docs.aws.amazon.com/service-authorization/latest/reference/list_mailmanager.html"
"ses","Amazon Simple Email Service v2","[""ApplyTrackingConfigurationOverrides"",""AssociateEmailIdentityCertificate"",""BatchGetMetricData"",""CancelExportJob"",""CreateConfigurationSet"",""CreateConfigurationSetEventDestination"",""CreateContact"",""CreateContactList"",""CreateCustomVerificationEmailTemplate"",""CreateDedicatedIpPool"",""CreateDeliverabilityTestReport"",""CreateEmailIdentity"",""CreateEmailIdentityPolicy"",""CreateEmailTemplate"",""CreateExportJob"",""CreateImportJob"",""CreateMultiRegionEndpoint"",""CreateTenant"",""CreateTenantResourceAssociation"",""DeleteConfigurationSet"",""DeleteConfigurationSetEventDestination"",""DeleteContact"",""DeleteContactList"",""DeleteCustomVerificationEmailTemplate"",""DeleteDedicatedIpPool"",""DeleteEmailIdentity"",""DeleteEmailIdentityPolicy"",""DeleteEmailTemplate"",""DeleteMultiRegionEndpoint"",""DeleteSuppressedDestination"",""DeleteTenant"",""DeleteTenantResourceAssociation"",""DisassociateEmailIdentityCertificate"",""GetAccount"",""GetBlacklistReports"",""GetConfigurationSet"",""GetConfigurationSetEventDestinations"",""GetContact"",""GetContactList"",""GetCustomVerificationEmailTemplate"",""GetDedicatedIp"",""GetDedicatedIpPool"",""GetDedicatedIps"",""GetDeliverabilityDashboardOptions"",""GetDeliverabilityTestReport"",""GetDomainDeliverabilityCampaign"",""GetDomainStatisticsReport"",""GetEmailAddressInsights"",""GetEmailIdentity"",""GetEmailIdentityPolicies"",""GetEmailTemplate"",""GetExportJob"",""GetImportJob"",""GetMessageInsights"",""GetMultiRegionEndpoint"",""GetReputationEntity"",""GetSuppressedDestination"",""GetTenant"",""ListConfigurationSets"",""ListContactLists"",""ListContacts"",""ListCustomVerificationEmailTemplates"",""ListDedicatedIpPools"",""ListDeliverabilityTestReports"",""ListDomainDeliverabilityCampaigns"",""ListEmailIdentities"",""ListEmailIdentityCertificates"",""ListEmailTemplates"",""ListExportJobs"",""ListImportJobs"",""ListMultiRegionEndpoints"",""ListRecommendations"",""ListReputationEntities"",""ListResourceTenants"",""ListSuppressedDestinations"",""ListTagsForResource"",""ListTenantResources"",""ListTenants"",""PutAccountDedicatedIpWarmupAttributes"",""PutAccountDetails"",""PutAccountPricingAttributes"",""PutAccountSendingAttributes"",""PutAccountSuppressionAttributes"",""PutAccountVdmAttributes"",""PutConfigurationSetArchivingOptions"",""PutConfigurationSetDeliveryOptions"",""PutConfigurationSetReputationOptions"",""PutConfigurationSetSendingOptions"",""PutConfigurationSetSuppressionOptions"",""PutConfigurationSetTrackingOptions"",""PutConfigurationSetVdmOptions"",""PutDedicatedIpInPool"",""PutDedicatedIpPoolScalingAttributes"",""PutDedicatedIpWarmupAttributes"",""PutDeliverabilityDashboardOption"",""PutEmailIdentityConfigurationSetAttributes"",""PutEmailIdentityDkimAttributes"",""PutEmailIdentityDkimSigningAttributes"",""PutEmailIdentityFeedbackAttributes"",""PutEmailIdentityMailFromAttributes"",""PutSuppressedDestination"",""PutTenantSuppressionAttributes"",""ReplicateEmailIdentityDkimSigningKey"",""SendBulkEmail"",""SendCustomVerificationEmail"",""SendEmail"",""TagResource"",""TestRenderEmailTemplate"",""UntagResource"",""UpdateConfigurationSet"",""UpdateConfigurationSetEventDestination"",""UpdateContact"",""UpdateContactList"",""UpdateCustomVerificationEmailTemplate"",""UpdateEmailIdentityPolicy"",""UpdateEmailTemplate"",""UpdateReputationEntityCustomerManagedStatus"",""UpdateReputationEntityPolicy""]","arn:aws:ses:${Region}:${Account}:${ResourceType}/${ResourceId}","^arn:aws:ses:.+:[0-9]+:.+","[""aws:RequestTag/${TagKey}"",""aws:ResourceTag/${TagKey}"",""aws:TagKeys"",""ses:ApiVersion"",""ses:ClickTrackingEnabled"",""ses:ConfigurationSetOptions"",""ses:ExportSourceType"",""ses:FeedbackAddress"",""ses:FromAddress"",""ses:FromDisplayName"",""ses:MultiRegionEndpointId"",""ses:OpenTrackingEnabled"",""ses:Recipients"",""ses:ReplicaRegion"",""ses:TenantName""]","True","https://docs.aws.amazon.com/service-authorization/latest/reference/list_sesv2.html"
"swf","Amazon Simple Workflow Service","[""CancelTimer"",""CancelWorkflowExecution"",""CompleteWorkflowExecution"",""ContinueAsNewWorkflowExecution"",""CountClosedWorkflowExecutions"",""CountOpenWorkflowExecutions"",""CountPendingActivityTasks"",""CountPendingDecisionTasks"",""DeleteActivityType"",""DeleteWorkflowType"",""DeprecateActivityType"",""DeprecateDomain"",""DeprecateWorkflowType"",""DescribeActivityType"",""DescribeDomain"",""DescribeWorkflowExecution"",""DescribeWorkflowType"",""FailWorkflowExecution"",""GetWorkflowExecutionHistory"",""ListActivityTypes"",""ListClosedWorkflowExecutions"",""ListDomains"",""ListOpenWorkflowExecutions"",""ListTagsForResource"",""ListWorkflowTypes"",""PollForActivityTask"",""PollForDecisionTask"",""RecordActivityTaskHeartbeat"",""RecordMarker"",""RegisterActivityType"",""RegisterDomain"",""RegisterWorkflowType"",""RequestCancelActivityTask"",""RequestCancelExternalWorkflowExecution"",""RequestCancelWorkflowExecution"",""RespondActivityTaskCanceled"",""RespondActivityTaskCompleted"",""RespondActivityTaskFailed"",""RespondDecisionTaskCompleted"",""ScheduleActivityTask"",""SignalExternalWorkflowExecution"",""SignalWorkflowExecution"",""StartChildWorkflowExecution"",""StartTimer"",""StartWorkflowExecution"",""TagResource"",""TerminateWorkflowExecution"",""UndeprecateActivityType"",""UndeprecateDomain"",""UndeprecateWorkflowType"",""UntagResource""]","arn:aws:swf:${Region}:${Account}:/domain/${DomainName}","^arn:aws:swf:.+","[""aws:RequestTag/${TagKey}"",""aws:ResourceTag/${TagKey}"",""aws:TagKeys"",""swf:activityType.name"",""swf:activityType.version"",""swf:defaultTaskList.name"",""swf:name"",""swf:tagFilter.tag"",""swf:tagList.member.0"",""swf:tagList.member.1"",""swf:tagList.member.2"",""swf:tagList.member.3"",""swf:tagList.member.4"",""swf:taskList.name"",""swf:typeFilter.name"",""swf:typeFilter.version"",""swf:version"",""swf:workflowType.name"",""swf:workflowType.version""]","True","https://docs.aws.amazon.com/service-authorization/latest/reference/list_swf.html"
"sdb","Amazon SimpleDB","[""BatchDeleteAttributes"",""BatchPutAttributes"",""CreateDomain"",""DeleteAttributes"",""DeleteDomain"",""DomainMetadata"",""GetAttributes"",""GetExport"",""ListDomains"",""ListExports"",""PutAttributes"",""Select"",""StartDomainExport""]","arn:aws:sdb:${Region}:${Account}:domain/${DomainName}","^arn:aws:sdb:.+","null","True","https://docs.aws.amazon.com/service-authorization/latest/reference/list_simpledb.html"
"sns","Amazon SNS","[""AddPermission"",""CheckIfPhoneNumberIsOptedOut"",""ConfirmSubscription"",""CreatePlatformApplication"",""CreatePlatformEndpoint"",""CreateSMSSandboxPhoneNumber"",""CreateTopic"",""DeleteEndpoint"",""DeletePlatformApplication"",""DeleteSMSSandboxPhoneNumber"",""DeleteTopic"",""GetDataProtectionPolicy"",""GetEndpointAttributes"",""GetPlatformApplicationAttributes"",""GetSMSAttributes"",""GetSMSSandboxAccountStatus"",""GetSubscriptionAttributes"",""GetTopicAttributes"",""ListEndpointsByPlatformApplication"",""ListOriginationNumbers"",""ListPhoneNumbersOptedOut"",""ListPlatformApplications"",""ListSMSSandboxPhoneNumbers"",""ListSubscriptions"",""ListSubscriptionsByTopic"",""ListTagsForResource"",""ListTopics"",""OptInPhoneNumber"",""Publish"",""PutDataProtectionPolicy"",""RemovePermission"",""SetEndpointAttributes"",""SetPlatformApplicationAttributes"",""SetSMSAttributes"",""SetSubscriptionAttributes"",""SetTopicAttributes"",""Subscribe"",""TagResource"",""Unsubscribe"",""UntagResource"",""VerifySMSSandboxPhoneNumber""]","arn:aws:sns:${Region}:${Account}:${TopicName}","^arn:aws:sns:.+","[""aws:RequestTag/${TagKey}"",""aws:ResourceTag/${TagKey}"",""aws:TagKeys"",""sns:Endpoint"",""sns:Protocol""]","True","https://docs.aws.amazon.com/service-authorization/latest/reference/list_sns.html"
"sqs","Amazon SQS","[""AddPermission"",""CancelMessageMoveTask"",""ChangeMessageVisibility"",""CreateQueue"",""DeleteMessage"",""DeleteQueue"",""GetQueueAttributes"",""GetQueueUrl"",""ListDeadLetterSourceQueues"",""ListMessageMoveTasks"",""ListQueueTags"",""ListQueues"",""PurgeQueue"",""ReceiveMessage"",""RemovePermission"",""SendMessage"",""SetQueueAttributes"",""StartMessageMoveTask"",""TagQueue"",""UntagQueue""]","arn:aws:sqs:${Region}:${Account}:${QueueName}","^arn:aws:sqs:.+","[""aws:RequestTag/${TagKey}"",""aws:ResourceTag/${TagKey}"",""aws:TagKeys""]","True","https://docs.aws.amazon.com/service-authorization/latest/reference/list_sqs.html"
"textract","Amazon Textract","[""AnalyzeDocument"",""AnalyzeExpense"",""AnalyzeID"",""CreateAdapter"",""CreateAdapterVersion"",""DeleteAdapter"",""DeleteAdapterVersion"",""DetectDocumentText"",""GetAdapter"",""GetAdapterVersion"",""GetDocumentAnalysis"",""GetDocumentTextDetection"",""GetExpenseAnalysis"",""GetLendingAnalysis"",""GetLendingAnalysisSummary"",""ListAdapterVersions"",""ListAdapters"",""ListTagsForResource"",""StartDocumentAnalysis"",""StartDocumentTextDetection"",""StartExpenseAnalysis"",""StartLendingAnalysis"",""TagResource"",""UntagResource"",""UpdateAdapter""]","arn:aws:textract:${Region}:${Account}:${RelativeId}","^arn:aws:textract:.+","[""aws:RequestTag/${TagKey}"",""aws:ResourceTag/${TagKey}"",""aws:TagKeys""]","True","https://docs.aws.amazon.com/service-authorization/latest/reference/list_textract.html"
"timestream","Amazon Timestream","[""CancelQuery"",""CreateBatchLoadTask"",""CreateDatabase"",""CreateScheduledQuery"",""CreateTable"",""DeleteDatabase"",""DeleteScheduledQuery"",""DeleteTable"",""DescribeAccountSettings"",""DescribeBatchLoadTask"",""DescribeDatabase"",""DescribeEndpoints"",""DescribeScheduledQuery"",""DescribeTable"",""ExecuteScheduledQuery"",""GetAwsBackupStatus"",""GetAwsRestoreStatus"",""ListBatchLoadTasks"",""ListDatabases"",""ListMeasures"",""ListScheduledQueries"",""ListTables"",""ListTagsForResource"",""PrepareQuery"",""ResumeBatchLoadTask"",""Select"",""SelectValues"",""StartAwsBackupJob"",""StartAwsRestoreJob"",""TagResource"",""Unload"",""UntagResource"",""UpdateAccountSettings"",""UpdateDatabase"",""UpdateScheduledQuery"",""UpdateTable"",""WriteRecords""]","arn:aws:timestream:${Region}:${Account}:database/${DatabaseName}/table/${TableName}","^arn:aws:timestream:.+","[""aws:RequestTag/${TagKey}"",""aws:ResourceTag/${TagKey}"",""aws:TagKeys""]","True","https://docs.aws.amazon.com/service-authorization/latest/reference/list_timestream.html"
"timestream-influxdb","Amazon Timestream InfluxDB","[""CreateDbBackup"",""CreateDbCluster"",""CreateDbInstance"",""CreateDbParameterGroup"",""DeleteDbBackup"",""DeleteDbCluster"",""DeleteDbInstance"",""GetDbBackup"",""GetDbCluster"",""GetDbInstance"",""GetDbParameterGroup"",""ListDbBackups"",""ListDbClusters"",""ListDbInstances"",""ListDbInstancesForCluster"",""ListDbParameterGroups"",""ListTagsForResource"",""RebootDbCluster"",""RebootDbInstance"",""RestoreFromDbBackup"",""TagResource"",""UntagResource"",""UpdateDbCluster"",""UpdateDbInstance""]","arn:aws:timestream-influxdb:${Region}:${Account}:${ResourceType}/${ResourcePath}","^arn:aws:timestream-influxdb:.+:.+:.+","[""aws:RequestTag/${TagKey}"",""aws:ResourceTag/${TagKey}"",""aws:TagKeys"",""timestream-influxdb:RestoreMode""]","True","https://docs.aws.amazon.com/service-authorization/latest/reference/list_timestream-influxdb.html"
"transcribe","Amazon Transcribe","[""CreateCallAnalyticsCategory"",""CreateLanguageModel"",""CreateMedicalVocabulary"",""CreateVocabulary"",""CreateVocabularyFilter"",""DeleteCallAnalyticsCategory"",""DeleteCallAnalyticsJob"",""DeleteLanguageModel"",""DeleteMedicalScribeJob"",""DeleteMedicalTranscriptionJob"",""DeleteMedicalVocabulary"",""DeleteTranscriptionJob"",""DeleteVocabulary"",""DeleteVocabularyFilter"",""DescribeLanguageModel"",""GetCallAnalyticsCategory"",""GetCallAnalyticsJob"",""GetMedicalScribeJob"",""GetMedicalScribeStream"",""GetMedicalTranscriptionJob"",""GetMedicalVocabulary"",""GetTranscriptionJob"",""GetVocabulary"",""GetVocabularyFilter"",""ListCallAnalyticsCategories"",""ListCallAnalyticsJobs"",""ListLanguageModels"",""ListMedicalScribeJobs"",""ListMedicalTranscriptionJobs"",""ListMedicalVocabularies"",""ListTagsForResource"",""ListTranscriptionJobs"",""ListVocabularies"",""ListVocabularyFilters"",""StartCallAnalyticsJob"",""StartCallAnalyticsStreamTranscription"",""StartCallAnalyticsStreamTranscriptionWebSocket"",""StartMedicalScribeJob"",""StartMedicalScribeStream"",""StartMedicalStreamTranscription"",""StartMedicalStreamTranscriptionWebSocket"",""StartMedicalTranscriptionJob"",""StartStreamTranscription"",""StartStreamTranscriptionWebSocket"",""StartTranscriptionJob"",""TagResource"",""UntagResource"",""UpdateCallAnalyticsCategory"",""UpdateMedicalVocabulary"",""UpdateVocabulary"",""UpdateVocabularyFilter""]","arn:aws:transcribe:${Region}:${Account}:${ResourceType}/${ResourceName}","^arn:aws:transcribe:.+:.+:.+","[""aws:RequestTag/${TagKey}"",""aws:ResourceTag/${TagKey}"",""aws:TagKeys"",""transcribe:OutputBucketName"",""transcribe:OutputEncryptionKMSKeyId"",""transcribe:OutputKey"",""transcribe:OutputLocation""]","True","https://docs.aws.amazon.com/service-authorization/latest/reference/list_transcribe.html"
"translate","Amazon Translate","[""CreateParallelData"",""DeleteParallelData"",""DeleteTerminology"",""DescribeTextTranslationJob"",""GetParallelData"",""GetTerminology"",""ImportTerminology"",""ListLanguages"",""ListParallelData"",""ListTagsForResource"",""ListTerminologies"",""ListTextTranslationJobs"",""StartTextTranslationJob"",""StopTextTranslationJob"",""TagResource"",""TranslateDocument"",""TranslateText"",""UntagResource"",""UpdateParallelData""]","arn:aws:translate:${Region}:${Account}:${ResourceType}/${ResourceName}","^arn:aws:translate:.+:.+:.+","[""aws:RequestTag/${TagKey}"",""aws:ResourceTag/${TagKey}"",""aws:TagKeys""]","True","https://docs.aws.amazon.com/service-authorization/latest/reference/list_translate.html"
"verifiedpermissions","Amazon Verified Permissions","[""CreateIdentitySource"",""CreatePolicy"",""CreatePolicyStore"",""CreatePolicyStoreAlias"",""CreatePolicyTemplate"",""DeleteIdentitySource"",""DeletePolicy"",""DeletePolicyStore"",""DeletePolicyStoreAlias"",""DeletePolicyTemplate"",""GetIdentitySource"",""GetPolicy"",""GetPolicyStore"",""GetPolicyStoreAlias"",""GetPolicyTemplate"",""GetSchema"",""IsAuthorized"",""IsAuthorizedWithToken"",""ListIdentitySources"",""ListPolicies"",""ListPolicyStoreAliases"",""ListPolicyStores"",""ListPolicyTemplates"",""ListTagsForResource"",""PutSchema"",""TagResource"",""UntagResource"",""UpdateIdentitySource"",""UpdatePolicy"",""UpdatePolicyStore"",""UpdatePolicyTemplate""]","arn:aws:verifiedpermissions:${Region}:${Account}:${ResourceType}/${ResourceId}","^arn:aws:verifiedpermissions:.+","[""aws:RequestTag/${TagKey}"",""aws:ResourceTag/${TagKey}"",""aws:TagKeys""]","True","https://docs.aws.amazon.com/service-authorization/latest/reference/list_verifiedpermissions.html"
"vpc-lattice","Amazon VPC Lattice","[""AssociateViaAWSService"",""AssociateViaAWSService-EventsAndStates"",""CreateAccessLogSubscription"",""CreateListener"",""CreateResourceConfiguration"",""CreateResourceGateway"",""CreateRule"",""CreateService"",""CreateServiceNetwork"",""CreateServiceNetworkResourceAssociation"",""CreateServiceNetworkServiceAssociation"",""CreateServiceNetworkVpcAssociation"",""CreateServiceNetworkVpcEndpointAssociation"",""CreateTargetGroup"",""DeleteAccessLogSubscription"",""DeleteAuthPolicy"",""DeleteDomainVerification"",""DeleteListener"",""DeleteResourceConfiguration"",""DeleteResourceEndpointAssociation"",""DeleteResourceGateway"",""DeleteResourcePolicy"",""DeleteRule"",""DeleteService"",""DeleteServiceNetwork"",""DeleteServiceNetworkResourceAssociation"",""DeleteServiceNetworkServiceAssociation"",""DeleteServiceNetworkVpcAssociation"",""DeleteTargetGroup"",""DeregisterTargets"",""GetAccessLogSubscription"",""GetAuthPolicy"",""GetDomainVerification"",""GetListener"",""GetResourceConfiguration"",""GetResourceGateway"",""GetResourcePolicy"",""GetRule"",""GetService"",""GetServiceNetwork"",""GetServiceNetworkResourceAssociation"",""GetServiceNetworkServiceAssociation"",""GetServiceNetworkVpcAssociation"",""GetTargetGroup"",""ListAccessLogSubscriptions"",""ListDomainVerifications"",""ListListeners"",""ListResourceConfigurations"",""ListResourceEndpointAssociations"",""ListResourceGateways"",""ListRules"",""ListServiceNetworkResourceAssociations"",""ListServiceNetworkServiceAssociations"",""ListServiceNetworkVpcAssociations"",""ListServiceNetworkVpcEndpointAssociations"",""ListServiceNetworks"",""ListServices"",""ListTagsForResource"",""ListTargetGroups"",""ListTargets"",""PutAuthPolicy"",""PutResourcePolicy"",""RegisterTargets"",""StartDomainVerification"",""TagResource"",""UntagResource"",""UpdateAccessLogSubscription"",""UpdateListener"",""UpdateResourceConfiguration"",""UpdateResourceGateway"",""UpdateRule"",""UpdateService"",""UpdateServiceNetwork"",""UpdateServiceNetworkVpcAssociation"",""UpdateTargetGroup""]","arn:aws:vpc-lattice:${Region}:${Account}:${ResourceType}/${RelativeId}","^arn:aws:vpc-lattice:.+","[""aws:RequestTag/${TagKey}"",""aws:ResourceTag/${TagKey}"",""aws:TagKeys"",""vpc-lattice:AuthType"",""vpc-lattice:CreateAction"",""vpc-lattice:DomainName"",""vpc-lattice:PrivateDnsPreference"",""vpc-lattice:PrivateDnsSpecifiedDomains"",""vpc-lattice:Protocol"",""vpc-lattice:ResourceConfigurationArn"",""vpc-lattice:SecurityGroupIds"",""vpc-lattice:ServiceArn"",""vpc-lattice:ServiceNetworkArn"",""vpc-lattice:TargetGroupArns"",""vpc-lattice:VpcEndpointId"",""vpc-lattice:VpcId""]","True","https://docs.aws.amazon.com/service-authorization/latest/reference/list_vpc-lattice.html"
"vpc-lattice-svcs","Amazon VPC Lattice Services","[""Connect"",""Invoke""]","arn:aws:vpc-lattice:${Region}:${Account}:${ResourceType}/${RelativeId}","^arn:aws:vpc-lattice:.+","[""aws:ResourceTag/${TagKey}"",""vpc-lattice-svcs:Port"",""vpc-lattice-svcs:RequestHeader/${HeaderName}"",""vpc-lattice-svcs:RequestMethod"",""vpc-lattice-svcs:RequestPath"",""vpc-lattice-svcs:RequestQueryString/${QueryStringKey}"",""vpc-lattice-svcs:ServiceArn"",""vpc-lattice-svcs:ServiceNetworkArn"",""vpc-lattice-svcs:SourceVpc"",""vpc-lattice-svcs:SourceVpcOwnerAccount""]","True","https://docs.aws.amazon.com/service-authorization/latest/reference/list_vpc-lattice-svcs.html"
"workdocs","Amazon WorkDocs","[""AbortDocumentVersionUpload"",""ActivateUser"",""AddNotificationPermissions"",""AddResourcePermissions"",""AddUserToGroup"",""CheckAlias"",""CreateComment"",""CreateCustomMetadata"",""CreateFolder"",""CreateInstance"",""CreateLabels"",""CreateNotificationSubscription"",""CreateUser"",""DeactivateUser"",""DeleteComment"",""DeleteCustomMetadata"",""DeleteDocument"",""DeleteDocumentVersion"",""DeleteFolder"",""DeleteFolderContents"",""DeleteInstance"",""DeleteLabels"",""DeleteNotificationPermissions"",""DeleteNotificationSubscription"",""DeleteUser"",""DeregisterDirectory"",""DescribeActivities"",""DescribeAvailableDirectories"",""DescribeComments"",""DescribeDocumentVersions"",""DescribeFolderContents"",""DescribeGroups"",""DescribeInstanceExports"",""DescribeInstances"",""DescribeNotificationPermissions"",""DescribeNotificationSubscriptions"",""DescribeResourcePermissions"",""DescribeRootFolders"",""DescribeUsers"",""DownloadDocumentVersion"",""GetCurrentUser"",""GetDocument"",""GetDocumentPath"",""GetDocumentVersion"",""GetFolder"",""GetFolderPath"",""GetGroup"",""GetResources"",""InitiateDocumentVersionUpload"",""RegisterDirectory"",""RemoveAllResourcePermissions"",""RemoveResourcePermission"",""RestoreDocumentVersions"",""SearchResources"",""StartInstanceExport"",""UpdateDocument"",""UpdateDocumentVersion"",""UpdateFolder"",""UpdateInstanceAlias"",""UpdateUser"",""UpdateUserAdministrativeSettings""]","arn:aws:workdocs:${Region}:${Account}:${ResourceType}/${ResourceName}","^arn:aws:workdocs:.+:.+:.+","null","True","https://docs.aws.amazon.com/service-authorization/latest/reference/list_workdocs.html"
"worklink","Amazon WorkLink","[""AssociateDomain"",""AssociateWebsiteAuthorizationProvider"",""AssociateWebsiteCertificateAuthority"",""CreateFleet"",""DeleteFleet"",""DescribeAuditStreamConfiguration"",""DescribeCompanyNetworkConfiguration"",""DescribeDevice"",""DescribeDevicePolicyConfiguration"",""DescribeDomain"",""DescribeFleetMetadata"",""DescribeIdentityProviderConfiguration"",""DescribeWebsiteCertificateAuthority"",""DisassociateDomain"",""DisassociateWebsiteAuthorizationProvider"",""DisassociateWebsiteCertificateAuthority"",""ListDevices"",""ListDomains"",""ListFleets"",""ListTagsForResource"",""ListWebsiteAuthorizationProviders"",""ListWebsiteCertificateAuthorities"",""RestoreDomainAccess"",""RevokeDomainAccess"",""SearchEntity"",""SignOutUser"",""TagResource"",""UntagResource"",""UpdateAuditStreamConfiguration"",""UpdateCompanyNetworkConfiguration"",""UpdateDevicePolicyConfiguration"",""UpdateDomainMetadata"",""UpdateFleetMetadata"",""UpdateIdentityProviderConfiguration""]","arn:aws:worklink::${Account}:${ResourceType}/${ResourcePath}","^arn:aws:worklink:.+","[""aws:RequestTag/${TagKey}"",""aws:ResourceTag/${TagKey}"",""aws:TagKeys""]","True","https://docs.aws.amazon.com/service-authorization/latest/reference/list_worklink.html"
"workmail","Amazon WorkMail","[""AllowVendedLogDeliveryForResource"",""AssociateDelegateToResource"",""AssociateMemberToGroup"",""AssumeImpersonationRole"",""CancelMailboxExportJob"",""CreateAlias"",""CreateAvailabilityConfiguration"",""CreateGroup"",""CreateIdentityCenterApplication"",""CreateImpersonationRole"",""CreateInboundMailFlowRule"",""CreateMailDomain"",""CreateMobileDeviceAccessRule"",""CreateOrganization"",""CreateOutboundMailFlowRule"",""CreateResource"",""CreateSmtpGateway"",""CreateUser"",""DeleteAccessControlRule"",""DeleteAlias"",""DeleteAvailabilityConfiguration"",""DeleteEmailMonitoringConfiguration"",""DeleteGroup"",""DeleteIdentityCenterApplication"",""DeleteIdentityProviderConfiguration"",""DeleteImpersonationRole"",""DeleteInboundMailFlowRule"",""DeleteMailDomain"",""DeleteMailboxPermissions"",""DeleteMobileDevice"",""DeleteMobileDeviceAccessOverride"",""DeleteMobileDeviceAccessRule"",""DeleteOrganization"",""DeleteOutboundMailFlowRule"",""DeletePersonalAccessToken"",""DeleteResource"",""DeleteRetentionPolicy"",""DeleteSmtpGateway"",""DeleteUser"",""DeliverToMailbox"",""DeregisterFromWorkMail"",""DeregisterMailDomain"",""DescribeEmailMonitoringConfiguration"",""DescribeEntity"",""DescribeGroup"",""DescribeIdentityProviderConfiguration"",""DescribeInboundDmarcSettings"",""DescribeInboundMailFlowRule"",""DescribeMailDomains"",""DescribeMailboxExportJob"",""DescribeOrganization"",""DescribeOutboundMailFlowRule"",""DescribeResource"",""DescribeSmtpGateway"",""DescribeUser"",""DisassociateDelegateFromResource"",""DisassociateMemberFromGroup"",""EnableMailDomain"",""GetAccessControlEffect"",""GetDefaultRetentionPolicy"",""GetImpersonationRole"",""GetImpersonationRoleEffect"",""GetJournalingRules"",""GetMailDomain"",""GetMailDomainDetails"",""GetMailboxDetails"",""GetMobileDeviceAccessEffect"",""GetMobileDeviceAccessOverride"",""GetMobileDeviceDetails"",""GetMobileDevicesForUser"",""GetMobilePolicyDetails"",""GetPersonalAccessTokenMetadata"",""ListAccessControlRules"",""ListAliases"",""ListAvailabilityConfigurations"",""ListGroupMembers"",""ListGroups"",""ListGroupsForEntity"",""ListImpersonationRoles"",""ListInboundMailFlowRules"",""ListMailDomains"",""ListMailboxExportJobs"",""ListMailboxPermissions"",""ListMobileDeviceAccessOverrides"",""ListMobileDeviceAccessRules"",""ListOrganizations"",""ListOutboundMailFlowRules"",""ListPersonalAccessTokens"",""ListResourceDelegates"",""ListResources"",""ListSmtpGateways"",""ListTagsForResource"",""ListUsers"",""PutAccessControlRule"",""PutEmailMonitoringConfiguration"",""PutIdentityProviderConfiguration"",""PutInboundDmarcSettings"",""PutMailboxPermissions"",""PutMobileDeviceAccessOverride"",""PutRetentionPolicy"",""RegisterMailDomain"",""RegisterToWorkMail"",""ResetPassword"",""SearchMembers"",""SetDefaultMailDomain"",""SetJournalingRules"",""SetMobilePolicyDetails"",""StartMailboxExportJob"",""TagResource"",""TestAvailabilityConfiguration"",""TestInboundMailFlowRules"",""TestOutboundMailFlowRules"",""UntagResource"",""UpdateAvailabilityConfiguration"",""UpdateDefaultMailDomain"",""UpdateGroup"",""UpdateImpersonationRole"",""UpdateInboundMailFlowRule"",""UpdateMailboxQuota"",""UpdateMobileDeviceAccessRule"",""UpdateOutboundMailFlowRule"",""UpdatePrimaryEmailAddress"",""UpdateResource"",""UpdateSmtpGateway"",""UpdateUser"",""WipeMobileDevice""]","arn:aws:workmail:${Region}:${Account}:${ResourceType}/${ResourceId}","^arn:aws:workmail:.+:.+:.+","[""aws:RequestTag/${TagKey}"",""aws:ResourceTag/${TagKey}"",""aws:TagKeys"",""workmail:ImpersonationRoleId""]","True","https://docs.aws.amazon.com/service-authorization/latest/reference/list_workmail.html"
"workmailmessageflow","Amazon WorkMail Message Flow","[""GetRawMessageContent"",""PutRawMessageContent""]","arn:aws:workmailmessageflow:${Region}:${Account}:message/${OrganizationId}/${Context}/${MessageId}","^arn:aws:workmailmessageflow:.+:.+:.+","null","True","https://docs.aws.amazon.com/service-authorization/latest/reference/list_workmailmessageflow.html"
"workspaces","Amazon WorkSpaces","[""AcceptAccountLinkInvitation"",""AssociateConnectionAlias"",""AssociateIpGroups"",""AssociateWorkspaceApplication"",""AuthorizeIpRules"",""CopyWorkspaceImage"",""CreateAccountLinkInvitation"",""CreateConnectClientAddIn"",""CreateConnectionAlias"",""CreateIpGroup"",""CreateRootClientCertificate"",""CreateStandbyWorkspaces"",""CreateTags"",""CreateUpdatedWorkspaceImage"",""CreateWorkspaceBundle"",""CreateWorkspaceImage"",""CreateWorkspaces"",""CreateWorkspacesPool"",""DeleteAccountLinkInvitation"",""DeleteClientBranding"",""DeleteConnectClientAddIn"",""DeleteConnectionAlias"",""DeleteIpGroup"",""DeleteRootClientCertificate"",""DeleteTags"",""DeleteWorkspaceBundle"",""DeleteWorkspaceImage"",""DeployWorkspaceApplications"",""DeregisterWorkspaceDirectory"",""DescribeAccount"",""DescribeAccountModifications"",""DescribeApplicationAssociations"",""DescribeApplications"",""DescribeBundleAssociations"",""DescribeClientBranding"",""DescribeClientProperties"",""DescribeConnectClientAddIns"",""DescribeConnectionAliasPermissions"",""DescribeConnectionAliases"",""DescribeConsent"",""DescribeCustomWorkspaceImageImport"",""DescribeImageAssociations"",""DescribeIpGroups"",""DescribeTags"",""DescribeWorkspaceAssociations"",""DescribeWorkspaceBundles"",""DescribeWorkspaceDirectories"",""DescribeWorkspaceImagePermissions"",""DescribeWorkspaceImages"",""DescribeWorkspaceSnapshots"",""DescribeWorkspaces"",""DescribeWorkspacesConnectionStatus"",""DescribeWorkspacesPoolSessions"",""DescribeWorkspacesPools"",""DirectoryAccessManagement"",""DisassociateConnectionAlias"",""DisassociateIpGroups"",""DisassociateWorkspaceApplication"",""GetAccountLink"",""GetTroubleshootingRecommendation"",""ImportClientBranding"",""ImportCustomWorkspaceImage"",""ImportWorkspaceImage"",""InvokeOnboardingAgent"",""InvokeTroubleshootingInvestigation"",""ListAccountLinks"",""ListAvailableManagementCidrRanges"",""ListTroubleshootingRecommendations"",""MigrateWorkspace"",""ModifyAccount"",""ModifyCertificateBasedAuthProperties"",""ModifyClientProperties"",""ModifyEndpointEncryptionMode"",""ModifySamlProperties"",""ModifySelfservicePermissions"",""ModifyStreamingProperties"",""ModifyWorkspaceAccessProperties"",""ModifyWorkspaceCreationProperties"",""ModifyWorkspaceProperties"",""ModifyWorkspaceState"",""Personalization"",""RebootWorkspaces"",""RebuildWorkspaces"",""RegisterWorkspaceDirectory"",""RejectAccountLinkInvitation"",""RestoreWorkspace"",""RevokeIpRules"",""StartWorkspaces"",""StartWorkspacesPool"",""StopWorkspaces"",""StopWorkspacesPool"",""Stream"",""TerminateWorkspaces"",""TerminateWorkspacesPool"",""TerminateWorkspacesPoolSession"",""UpdateConnectClientAddIn"",""UpdateConnectionAliasPermission"",""UpdateConsent"",""UpdateRootClientCertificate"",""UpdateRulesOfIpGroup"",""UpdateWorkspaceBundle"",""UpdateWorkspaceImagePermission"",""UpdateWorkspacesPool""]","arn:aws:workspaces:${Region}:${Account}:*","^arn:aws:workspaces:.*:.*:.*","[""aws:RequestTag/${TagKey}"",""aws:ResourceTag/${TagKey}"",""aws:TagKeys"",""workspaces:userId""]","True","https://docs.aws.amazon.com/service-authorization/latest/reference/list_workspaces.html"
"agentaccess-mcp","Amazon WorkSpaces AgentAccess MCP Server","[""CallForwardedTool"",""CheckConnectionStatus"",""DoubleClick"",""GetScreenshot"",""HoldKey"",""InvokeMcp"",""KeyPress"",""LeftClick"",""LeftClickDrag"",""LeftMouseDown"",""LeftMouseUp"",""MiddleClick"",""MovePointer"",""RightClick"",""Scroll"",""TripleClick"",""TypeText""]","arn:${Partition}:agentaccess-mcp:${Region}:${Account}:*","^arn:${Partition}:agentaccess-mcp:.","""agentaccess-mcp:StackArn""","False","https://docs.aws.amazon.com/service-authorization/latest/reference/list_agentaccess-mcp.html"
"wam","Amazon WorkSpaces Application Manager","""AuthenticatePackager""","","","null","False","https://docs.aws.amazon.com/service-authorization/latest/reference/list_wam.html"
"workspaces-web","Amazon WorkSpaces Secure Browser","[""AssociateBrowserSettings"",""AssociateDataProtectionSettings"",""AssociateIpAccessSettings"",""AssociateNetworkSettings"",""AssociateSessionLogger"",""AssociateTrustStore"",""AssociateUserAccessLoggingSettings"",""AssociateUserSettings"",""CreateBrowserSettings"",""CreateDataProtectionSettings"",""CreateIdentityProvider"",""CreateIpAccessSettings"",""CreateNetworkSettings"",""CreatePortal"",""CreateSessionLogger"",""CreateTrustStore"",""CreateUserAccessLoggingSettings"",""CreateUserSettings"",""DeleteBrowserSettings"",""DeleteDataProtectionSettings"",""DeleteIdentityProvider"",""DeleteIpAccessSettings"",""DeleteNetworkSettings"",""DeletePortal"",""DeleteSessionLogger"",""DeleteTrustStore"",""DeleteUserAccessLoggingSettings"",""DeleteUserSettings"",""DisassociateBrowserSettings"",""DisassociateDataProtectionSettings"",""DisassociateIpAccessSettings"",""DisassociateNetworkSettings"",""DisassociateSessionLogger"",""DisassociateTrustStore"",""DisassociateUserAccessLoggingSettings"",""DisassociateUserSettings"",""ExpireSession"",""GetBrowserSettings"",""GetDataProtectionSettings"",""GetIdentityProvider"",""GetIpAccessSettings"",""GetNetworkSettings"",""GetPortal"",""GetPortalServiceProviderMetadata"",""GetSession"",""GetSessionLogger"",""GetTrustStore"",""GetTrustStoreCertificate"",""GetUserAccessLoggingSettings"",""GetUserSettings"",""ListBrowserSettings"",""ListDataProtectionSettings"",""ListIdentityProviders"",""ListIpAccessSettings"",""ListNetworkSettings"",""ListPortals"",""ListSessionLoggers"",""ListSessions"",""ListTagsForResource"",""ListTrustStoreCertificates"",""ListTrustStores"",""ListUserAccessLoggingSettings"",""ListUserSettings"",""TagResource"",""UntagResource"",""UpdateBrowserSettings"",""UpdateDataProtectionSettings"",""UpdateIdentityProvider"",""UpdateIpAccessSettings"",""UpdateNetworkSettings"",""UpdatePortal"",""UpdateSessionLogger"",""UpdateTrustStore"",""UpdateUserAccessLoggingSettings"",""UpdateUserSettings""]","arn:aws:workspaces-web:${Region}:${Account}:${ResourceType}/${ResourceIdentifier}","^arn:aws:workspaces-web:.+","[""aws:RequestTag/${TagKey}"",""aws:ResourceTag/${TagKey}"",""aws:TagKeys""]","True","https://docs.aws.amazon.com/service-authorization/latest/reference/list_workspaces-web.html"
"thinclient","Amazon WorkSpaces Thin Client","[""CreateEnvironment"",""DeleteDevice"",""DeleteEnvironment"",""DeregisterDevice"",""GetDevice"",""GetDeviceDetails"",""GetEnvironment"",""GetSoftwareSet"",""ListDeviceSessions"",""ListDevices"",""ListEnvironments"",""ListSoftwareSets"",""ListTagsForResource"",""TagResource"",""UntagResource"",""UpdateDevice"",""UpdateEnvironment"",""UpdateSoftwareSet""]","arn:aws:thinclient:${Region}:${Account}:${ResourceType}/${ResourceIdentifier}","^arn:aws:thinclient:.+:.+:.+","[""aws:RequestTag/${TagKey}"",""aws:ResourceTag/${TagKey}"",""aws:TagKeys""]","True","https://docs.aws.amazon.com/service-authorization/latest/reference/list_workspaces-thin-client.html"
"mediaimport","AmazonMediaImport","""CreateDatabaseBinarySnapshot""","arn:aws:mediaimport:${Region}:${Account}/*","","null","False","https://docs.aws.amazon.com/service-authorization/latest/reference/list_mediaimport.html"
"kafka-cluster","Apache Kafka APIs for Amazon MSK clusters","[""AlterCluster"",""AlterClusterDynamicConfiguration"",""AlterGroup"",""AlterTopic"",""AlterTopicDynamicConfiguration"",""AlterTransactionalId"",""Connect"",""CreateTopic"",""DeleteGroup"",""DeleteTopic"",""DescribeCluster"",""DescribeClusterDynamicConfiguration"",""DescribeGroup"",""DescribeTopic"",""DescribeTopicDynamicConfiguration"",""DescribeTransactionalId"",""ReadData"",""WriteData"",""WriteDataIdempotently""]","arn:aws:kafka:${Region}:${Account}:${ResourceType}/${ResourceDescriptor}","^arn:aws:kafka:.+","""aws:ResourceTag/${TagKey}""","True","https://docs.aws.amazon.com/service-authorization/latest/reference/list_kafka-cluster.html"
"arsenal","Application Discovery Arsenal","""RegisterOnPremisesAgent""","","","null","False","https://docs.aws.amazon.com/service-authorization/latest/reference/list_arsenal.html"
"account","AWS Account Management","[""AcceptPrimaryEmailUpdate"",""CloseAccount"",""DeleteAlternateContact"",""DisableRegion"",""EnableRegion"",""GetAccountInformation"",""GetAlternateContact"",""GetContactInformation"",""GetGovCloudAccountInformation"",""GetPrimaryEmail"",""GetPrimaryEmailUpdateStatus"",""GetRegionOptStatus"",""ListRegions"",""PutAccountName"",""PutAlternateContact"",""PutContactInformation"",""SendPhoneNumberVerification"",""StartPrimaryEmailUpdate"",""VerifyPhoneNumber""]","arn:aws:account::${Account}:account","^arn:aws:account::.+:account","[""account:AccountResourceOrgPaths"",""account:AccountResourceOrgTags/${TagKey}"",""account:AlternateContactTypes"",""account:EmailTargetDomain"",""account:TargetRegion""]","True","https://docs.aws.amazon.com/service-authorization/latest/reference/list_account.html"
"action-recommendations","AWS Action Recommendations","""ListRecommendedActions""","","","null","False","https://docs.aws.amazon.com/service-authorization/latest/reference/list_action-recommendations.html"
"activate","AWS Activate","[""CreateForm"",""GetAccountContact"",""GetContentInfo"",""GetCosts"",""GetCredits"",""GetMemberInfo"",""GetProgram"",""PutMemberInfo""]","","","null","False","https://docs.aws.amazon.com/service-authorization/latest/reference/list_activate.html"
"agent-registry","AWS Agent Registry","[""CreateRegistry"",""CreateRegistryRecord"",""DeleteRegistry"",""DeleteRegistryRecord"",""DeleteResourcePolicy"",""GetDiscoverableRegistryRecord"",""GetRegistry"",""GetRegistryRecord"",""GetResourcePolicy"",""InvokeRegistryMcp"",""ListDiscoverableRegistryRecords"",""ListRegistries"",""ListRegistryRecords"",""ListTagsForResource"",""PutResourcePolicy"",""SearchDiscoverableRegistryRecords"",""SubmitRegistryRecordForApproval"",""TagResource"",""UntagResource"",""UpdateRegistry"",""UpdateRegistryRecord"",""UpdateRegistryRecordStatus""]","arn:aws:agent-registry:${Region}:${Account}:${ResourceType}/${ResourceId}","^arn:aws:agent-registry:.+:.+:.+","[""agent-registry:RecordCreatorAccount"",""agent-registry:RecordSourceAccount"",""aws:RequestTag/${TagKey}"",""aws:ResourceTag/${TagKey}"",""aws:TagKeys""]","True","https://docs.aws.amazon.com/service-authorization/latest/reference/list_agent-registry.html"
"amplify","AWS Amplify","[""AssociateWebACL"",""CreateApp"",""CreateBackendEnvironment"",""CreateBranch"",""CreateDeployment"",""CreateDomainAssociation"",""CreateWebHook"",""DeleteApp"",""DeleteBackendEnvironment"",""DeleteBranch"",""DeleteDomainAssociation"",""DeleteJob"",""DeleteWebHook"",""DisassociateWebACL"",""GenerateAccessLogs"",""GetApp"",""GetArtifactUrl"",""GetBackendEnvironment"",""GetBranch"",""GetDomainAssociation"",""GetJob"",""GetWebACLForResource"",""GetWebHook"",""ListApps"",""ListArtifacts"",""ListBackendEnvironments"",""ListBranches"",""ListDomainAssociations"",""ListJobs"",""ListResourcesForWebACL"",""ListTagsForResource"",""ListWebHooks"",""StartDeployment"",""StartJob"",""StopJob"",""TagResource"",""UntagResource"",""UpdateApp"",""UpdateBranch"",""UpdateDomainAssociation"",""UpdateWebHook""]","arn:aws:amplify:${Region}:${Account}:${ResourceType}/${ResourceName}","^arn:aws:amplify:.+:.+:.+","[""aws:RequestTag/${TagKey}"",""aws:ResourceTag/${TagKey}"",""aws:TagKeys""]","True","https://docs.aws.amazon.com/service-authorization/latest/reference/list_amplify.html"
"amplifybackend","AWS Amplify Admin","[""CloneBackend"",""CreateBackend"",""CreateBackendAPI"",""CreateBackendAuth"",""CreateBackendConfig"",""CreateBackendStorage"",""CreateToken"",""DeleteBackend"",""DeleteBackendAPI"",""DeleteBackendAuth"",""DeleteBackendStorage"",""DeleteToken"",""GenerateBackendAPIModels"",""GetBackend"",""GetBackendAPI"",""GetBackendAPIModels"",""GetBackendAuth"",""GetBackendJob"",""GetBackendStorage"",""GetToken"",""ImportBackendAuth"",""ImportBackendStorage"",""ListBackendJobs"",""ListS3Buckets"",""RemoveAllBackends"",""RemoveBackendConfig"",""UpdateBackendAPI"",""UpdateBackendAuth"",""UpdateBackendConfig"",""UpdateBackendJob"",""UpdateBackendStorage""]","arn:aws:amplifybackend:${Region}:${Account}:/${ResourceType}/${ResourceName}","^arn:aws:amplifybackend:.+:.+:.+","null","True","https://docs.aws.amazon.com/service-authorization/latest/reference/list_amplifybackend.html"
"amplifyuibuilder","AWS Amplify UI Builder","[""CreateComponent"",""CreateForm"",""CreateTheme"",""DeleteComponent"",""DeleteForm"",""DeleteTheme"",""ExchangeCodeForToken"",""ExportComponents"",""ExportForms"",""ExportThemes"",""GetCodegenJob"",""GetComponent"",""GetForm"",""GetMetadata"",""GetTheme"",""ListCodegenJobs"",""ListComponents"",""ListForms"",""ListTagsForResource"",""ListThemes"",""PutMetadataFlag"",""RefreshToken"",""ResetMetadataFlag"",""StartCodegenJob"",""TagResource"",""UntagResource"",""UpdateComponent"",""UpdateForm"",""UpdateTheme""]","arn:aws:amplifyuibuilder:${Region}:${Account}:${ResourceType}/${ResourcePath}","^arn:aws:amplifyuibuilder:.+:.+:.+","[""amplifyuibuilder:CodegenJobResourceAppId"",""amplifyuibuilder:CodegenJobResourceEnvironmentName"",""amplifyuibuilder:CodegenJobResourceId"",""amplifyuibuilder:ComponentResourceAppId"",""amplifyuibuilder:ComponentResourceEnvironmentName"",""amplifyuibuilder:ComponentResourceId"",""amplifyuibuilder:FormResourceAppId"",""amplifyuibuilder:FormResourceEnvironmentName"",""amplifyuibuilder:FormResourceId"",""amplifyuibuilder:ThemeResourceAppId"",""amplifyuibuilder:ThemeResourceEnvironmentName"",""amplifyuibuilder:ThemeResourceId"",""aws:RequestTag/${TagKey}"",""aws:ResourceTag/${TagKey}"",""aws:TagKeys""]","True","https://docs.aws.amazon.com/service-authorization/latest/reference/list_amplifyuibuilder.html"
"appmesh","AWS App Mesh","[""CreateGatewayRoute"",""CreateMesh"",""CreateRoute"",""CreateVirtualGateway"",""CreateVirtualNode"",""CreateVirtualRouter"",""CreateVirtualService"",""DeleteGatewayRoute"",""DeleteMesh"",""DeleteMeshPolicy"",""DeleteRoute"",""DeleteVirtualGateway"",""DeleteVirtualNode"",""DeleteVirtualRouter"",""DeleteVirtualService"",""DescribeGatewayRoute"",""DescribeMesh"",""DescribeRoute"",""DescribeVirtualGateway"",""DescribeVirtualNode"",""DescribeVirtualRouter"",""DescribeVirtualService"",""GetMeshPolicy"",""ListGatewayRoutes"",""ListMeshes"",""ListRoutes"",""ListTagsForResource"",""ListVirtualGateways"",""ListVirtualNodes"",""ListVirtualRouters"",""ListVirtualServices"",""PutMeshPolicy"",""StreamAggregatedResources"",""TagResource"",""UntagResource"",""UpdateGatewayRoute"",""UpdateMesh"",""UpdateRoute"",""UpdateVirtualGateway"",""UpdateVirtualNode"",""UpdateVirtualRouter"",""UpdateVirtualService""]","arn:aws:appmesh:${Region}:${Account}:${ResourceType}/${ResourceName}","^arn:aws:appmesh:.+:.+:.+","[""aws:RequestTag/${TagKey}"",""aws:ResourceTag/${TagKey}"",""aws:TagKeys""]","True","https://docs.aws.amazon.com/service-authorization/latest/reference/list_appmesh.html"
"appmesh-preview","AWS App Mesh Preview","[""CreateGatewayRoute"",""CreateMesh"",""CreateRoute"",""CreateVirtualGateway"",""CreateVirtualNode"",""CreateVirtualRouter"",""CreateVirtualService"",""DeleteGatewayRoute"",""DeleteMesh"",""DeleteMeshPolicy"",""DeleteRoute"",""DeleteVirtualGateway"",""DeleteVirtualNode"",""DeleteVirtualRouter"",""DeleteVirtualService"",""DescribeGatewayRoute"",""DescribeMesh"",""DescribeRoute"",""DescribeVirtualGateway"",""DescribeVirtualNode"",""DescribeVirtualRouter"",""DescribeVirtualService"",""GetMeshPolicy"",""ListGatewayRoutes"",""ListMeshes"",""ListRoutes"",""ListVirtualGateways"",""ListVirtualNodes"",""ListVirtualRouters"",""ListVirtualServices"",""PutMeshPolicy"",""StreamAggregatedResources"",""UpdateGatewayRoute"",""UpdateMesh"",""UpdateRoute"",""UpdateVirtualGateway"",""UpdateVirtualNode"",""UpdateVirtualRouter"",""UpdateVirtualService""]","arn:aws:appmesh-preview:${Region}:${Account}:${ResourceType}/${ResourceName}","^arn:aws:appmesh-preview:.+:.+:.+","null","True","https://docs.aws.amazon.com/service-authorization/latest/reference/list_appmesh-preview.html"
"apprunner","AWS App Runner","[""AssociateCustomDomain"",""AssociateWebAcl"",""CreateAutoScalingConfiguration"",""CreateConnection"",""CreateObservabilityConfiguration"",""CreateService"",""CreateVpcConnector"",""CreateVpcIngressConnection"",""DeleteAutoScalingConfiguration"",""DeleteConnection"",""DeleteObservabilityConfiguration"",""DeleteService"",""DeleteVpcConnector"",""DeleteVpcIngressConnection"",""DescribeAutoScalingConfiguration"",""DescribeCustomDomains"",""DescribeObservabilityConfiguration"",""DescribeOperation"",""DescribeService"",""DescribeVpcConnector"",""DescribeVpcIngressConnection"",""DescribeWebAclForService"",""DisassociateCustomDomain"",""DisassociateWebAcl"",""ListAssociatedServicesForWebAcl"",""ListAutoScalingConfigurations"",""ListConnections"",""ListObservabilityConfigurations"",""ListOperations"",""ListServices"",""ListServicesForAutoScalingConfiguration"",""ListTagsForResource"",""ListVpcConnectors"",""ListVpcIngressConnections"",""PauseService"",""ResumeService"",""StartDeployment"",""TagResource"",""UntagResource"",""UpdateDefaultAutoScalingConfiguration"",""UpdateService"",""UpdateVpcIngressConnection""]","arn:aws:apprunner:${Region}:${Account}:${ResourceType}/${PathToResource}","^arn:aws:apprunner:.+","[""apprunner:AutoScalingConfigurationArn"",""apprunner:ConnectionArn"",""apprunner:ObservabilityConfigurationArn"",""apprunner:ServiceArn"",""apprunner:VpcConnectorArn"",""apprunner:VpcEndpointId"",""apprunner:VpcId"",""aws:RequestTag/${TagKey}"",""aws:ResourceTag/${TagKey}"",""aws:TagKeys""]","True","https://docs.aws.amazon.com/service-authorization/latest/reference/list_apprunner.html"
"appstudio","AWS App Studio","[""GetAccountStatus"",""GetEnablementJobStatus"",""StartEnablementJob"",""StartRollbackEnablementJob"",""StartTeamDeployment""]","arn:aws:appstudio:${Region}:${Account}:${ResourceType}/${ResourcePath}","^arn:aws:appstudio:.+:.+:.+","null","True","https://docs.aws.amazon.com/service-authorization/latest/reference/list_appstudio.html"
"a2c","AWS App2Container","[""GetContainerizationJobDetails"",""GetDeploymentJobDetails"",""StartContainerizationJob"",""StartDeploymentJob""]","arn:${Partition}:a2c:${Region}:${Account}:${ResourceType}/${ResourceName}","^arn:${Partition}:a2c:.+:.+:.+","null","False","https://docs.aws.amazon.com/service-authorization/latest/reference/list_a2c.html"
"appconfig","AWS AppConfig","[""CreateApplication"",""CreateConfigurationProfile"",""CreateDeploymentStrategy"",""CreateEnvironment"",""CreateExperimentDefinition"",""CreateExtension"",""CreateExtensionAssociation"",""CreateHostedConfigurationVersion"",""DeleteApplication"",""DeleteConfigurationProfile"",""DeleteDeploymentStrategy"",""DeleteEnvironment"",""DeleteExperimentDefinition"",""DeleteExtension"",""DeleteExtensionAssociation"",""DeleteHostedConfigurationVersion"",""GetAccountSettings"",""GetApplication"",""GetConfiguration"",""GetConfigurationProfile"",""GetDeployment"",""GetDeploymentStrategy"",""GetEnvironment"",""GetExperimentDefinition"",""GetExperimentRun"",""GetExtension"",""GetExtensionAssociation"",""GetHostedConfigurationVersion"",""GetLatestConfiguration"",""ListApplications"",""ListConfigurationProfiles"",""ListDeploymentStrategies"",""ListDeployments"",""ListEnvironments"",""ListExperimentDefinitions"",""ListExperimentRunEvents"",""ListExperimentRuns"",""ListExtensionAssociations"",""ListExtensions"",""ListHostedConfigurationVersions"",""ListTagsForResource"",""StartConfigurationSession"",""StartDeployment"",""StartExperimentRun"",""StopDeployment"",""StopExperimentRun"",""TagResource"",""UntagResource"",""UpdateAccountSettings"",""UpdateApplication"",""UpdateConfigurationProfile"",""UpdateDeploymentStrategy"",""UpdateEnvironment"",""UpdateExperimentDefinition"",""UpdateExperimentRun"",""UpdateExtension"",""UpdateExtensionAssociation"",""ValidateConfiguration""]","arn:aws:appconfig:${Region}:${Account}:${RelativeId}","^arn:aws:appconfig:.+","[""aws:RequestTag/${TagKey}"",""aws:ResourceTag/${TagKey}"",""aws:TagKeys""]","True","https://docs.aws.amazon.com/service-authorization/latest/reference/list_appconfig.html"
"appfabric","AWS AppFabric","[""BatchGetUserAccessTasks"",""ConnectAppAuthorization"",""CreateAppAuthorization"",""CreateAppBundle"",""CreateIngestion"",""CreateIngestionDestination"",""DeleteAppAuthorization"",""DeleteAppBundle"",""DeleteIngestion"",""DeleteIngestionDestination"",""GetAppAuthorization"",""GetAppBundle"",""GetIngestion"",""GetIngestionDestination"",""ListAppAuthorizations"",""ListAppBundles"",""ListIngestionDestinations"",""ListIngestions"",""ListTagsForResource"",""StartIngestion"",""StartUserAccessTasks"",""StopIngestion"",""TagResource"",""UntagResource"",""UpdateAppAuthorization"",""UpdateIngestionDestination""]","arn:aws:appfabric:${Region}:${Account}:${ResourceInfo}","^arn:aws:appfabric:.+:.+:.+","[""aws:RequestTag/${TagKey}"",""aws:ResourceTag/${TagKey}"",""aws:TagKeys""]","True","https://docs.aws.amazon.com/service-authorization/latest/reference/list_appfabric.html"
"application-autoscaling","AWS Application Auto Scaling","[""DeleteScalingPolicy"",""DeleteScheduledAction"",""DeregisterScalableTarget"",""DescribeScalableTargets"",""DescribeScalingActivities"",""DescribeScalingPolicies"",""DescribeScheduledActions"",""GetPredictiveScalingForecast"",""ListTagsForResource"",""PutScalingPolicy"",""PutScheduledAction"",""RegisterScalableTarget"",""TagResource"",""UntagResource""]","arn:aws:application-autoscaling:${Region}:${Account}:${RelativeId}","^arn:aws:application-autoscaling:.+:.+:.+","[""application-autoscaling:scalable-dimension"",""application-autoscaling:service-namespace"",""aws:RequestTag/${TagKey}"",""aws:ResourceTag/${TagKey}"",""aws:TagKeys""]","True","https://docs.aws.amazon.com/service-authorization/latest/reference/list_application-autoscaling.html"
"discovery","AWS Application Discovery Service","[""AssociateConfigurationItemsToApplication"",""BatchDeleteAgents"",""BatchDeleteImportData"",""CreateApplication"",""CreateTags"",""DeleteApplications"",""DeleteTags"",""DescribeAgents"",""DescribeBatchDeleteConfigurationTask"",""DescribeConfigurations"",""DescribeContinuousExports"",""DescribeExportConfigurations"",""DescribeExportTasks"",""DescribeImportTasks"",""DescribeTags"",""DisassociateConfigurationItemsFromApplication"",""ExportConfigurations"",""GetDiscoverySummary"",""GetNetworkConnectionGraph"",""ListConfigurations"",""ListServerNeighbors"",""StartBatchDeleteConfigurationTask"",""StartContinuousExport"",""StartDataCollectionByAgentIds"",""StartExportTask"",""StartImportTask"",""StopContinuousExport"",""StopDataCollectionByAgentIds"",""UpdateApplication""]","","","""aws:TagKeys""","False","https://docs.aws.amazon.com/service-authorization/latest/reference/list_discovery.html"
"mgn","AWS Application Migration Service","[""ArchiveApplication"",""ArchiveWave"",""AssociateApplications"",""AssociateSourceServers"",""BatchCreateVolumeSnapshotGroupForMgn"",""BatchDeleteSnapshotRequestForMgn"",""ChangeServerLifeCycleState"",""CreateApplication"",""CreateConnector"",""CreateLaunchConfigurationTemplate"",""CreateNetworkMigrationDefinition"",""CreateReplicationConfigurationTemplate"",""CreateVcenterClientForMgn"",""CreateWave"",""DeleteApplication"",""DeleteConnector"",""DeleteJob"",""DeleteLaunchConfigurationTemplate"",""DeleteNetworkMigrationDefinition"",""DeleteReplicationConfigurationTemplate"",""DeleteSourceServer"",""DeleteVcenterClient"",""DeleteWave"",""DescribeJobLogItems"",""DescribeJobs"",""DescribeLaunchConfigurationTemplates"",""DescribeReplicationConfigurationTemplates"",""DescribeReplicationServerAssociationsForMgn"",""DescribeSnapshotRequestsForMgn"",""DescribeSourceServers"",""DescribeVcenterClients"",""DisassociateApplications"",""DisassociateSourceServers"",""DisconnectFromService"",""FinalizeCutover"",""GetAccountSettings"",""GetAgentCommandForMgn"",""GetAgentConfirmedResumeInfoForMgn"",""GetAgentInstallationAssetsForMgn"",""GetAgentReplicationInfoForMgn"",""GetAgentRuntimeConfigurationForMgn"",""GetAgentSnapshotCreditsForMgn"",""GetChannelCommandsForMgn"",""GetLaunchConfiguration"",""GetNetworkMigrationDefinition"",""GetNetworkMigrationMapperSegmentConstruct"",""GetReplicationConfiguration"",""GetVcenterClientCommandsForMgn"",""InitializeService"",""IssueClientCertificateForMgn"",""ListApplications"",""ListConnectors"",""ListExportErrors"",""ListExports"",""ListImportErrors"",""ListImportFileEnrichments"",""ListImports"",""ListManagedAccounts"",""ListNetworkMigrationAnalyses"",""ListNetworkMigrationAnalysisResults"",""ListNetworkMigrationCodeGenerationSegments"",""ListNetworkMigrationCodeGenerations"",""ListNetworkMigrationDefinitions"",""ListNetworkMigrationDeployedStacks"",""ListNetworkMigrationDeployedStacksDeletions"",""ListNetworkMigrationDeployments"",""ListNetworkMigrationExecutionArtifacts"",""ListNetworkMigrationExecutions"",""ListNetworkMigrationMapperSegmentConstructs"",""ListNetworkMigrationMapperSegments"",""ListNetworkMigrationMappingUpdates"",""ListNetworkMigrationMappings"",""ListSourceServerActions"",""ListTagsForResource"",""ListTemplateActions"",""ListWaves"",""MarkAsArchived"",""NotifyAgentAuthenticationForMgn"",""NotifyAgentConnectedForMgn"",""NotifyAgentDisconnectedForMgn"",""NotifyAgentReplicationProgressForMgn"",""NotifyVcenterClientStartedForMgn"",""PauseReplication"",""PutSourceServerAction"",""PutTemplateAction"",""RegisterAgentForMgn"",""RemoveSourceServerAction"",""RemoveTemplateAction"",""ResumeReplication"",""RetryDataReplication"",""SendAgentLogsForMgn"",""SendAgentMetricsForMgn"",""SendChannelCommandResultForMgn"",""SendClientLogsForMgn"",""SendClientMetricsForMgn"",""SendVcenterClientCommandResultForMgn"",""SendVcenterClientLogsForMgn"",""SendVcenterClientMetricsForMgn"",""StartCutover"",""StartExport"",""StartImport"",""StartImportFileEnrichment"",""StartNetworkMigrationAnalysis"",""StartNetworkMigrationCodeGeneration"",""StartNetworkMigrationDeployedStacksDeletion"",""StartNetworkMigrationDeployment"",""StartNetworkMigrationMapping"",""StartNetworkMigrationMappingUpdate"",""StartReplication"",""StartSnapshotGroupForMgn"",""StartTest"",""StopReplication"",""TagResource"",""TerminateTargetInstances"",""UnarchiveApplication"",""UnarchiveWave"",""UntagResource"",""UpdateAccountSettings"",""UpdateAgentBacklogForMgn"",""UpdateAgentConversionInfoForMgn"",""UpdateAgentReplicationInfoForMgn"",""UpdateAgentReplicationProcessStateForMgn"",""UpdateAgentSourcePropertiesForMgn"",""UpdateApplication"",""UpdateConnector"",""UpdateLaunchConfiguration"",""UpdateLaunchConfigurationTemplate"",""UpdateNetworkMigrationDefinition"",""UpdateNetworkMigrationMapperSegment"",""UpdateNetworkMigrationMapperSegmentConstruct"",""UpdateReplicationConfiguration"",""UpdateReplicationConfigurationTemplate"",""UpdateSourceServer"",""UpdateSourceServerReplicationType"",""UpdateWave"",""VerifyClientRoleForMgn""]","arn:aws:mgn:${Region}:${Account}:${ResourceType}/${ResourceName}","^arn:aws:mgn:.+","[""aws:RequestTag/${TagKey}"",""aws:ResourceTag/${TagKey}"",""aws:TagKeys"",""mgn:CreateAction""]","True","https://docs.aws.amazon.com/service-authorization/latest/reference/list_mgn.html"
"application-transformation","AWS Application Transformation Service","[""GetContainerization"",""GetDeployment"",""GetGroupingAssessment"",""GetPortingCompatibilityAssessment"",""GetPortingRecommendationAssessment"",""GetRuntimeAssessment"",""PutLogData"",""PutMetricData"",""StartContainerization"",""StartDeployment"",""StartGroupingAssessment"",""StartPortingCompatibilityAssessment"",""StartPortingRecommendationAssessment"",""StartRuntimeAssessment""]","arn:${Partition}:application-transformation:${Region}:${Account}:${ResourceType}","^arn:${Partition}:application-transformation:.+:.+:.+","null","False","https://docs.aws.amazon.com/service-authorization/latest/reference/list_application-transformation.html"
"appsync","AWS AppSync","[""AssociateApi"",""AssociateMergedGraphqlApi"",""AssociateSourceGraphqlApi"",""AssociateWebACL"",""CreateApi"",""CreateApiCache"",""CreateApiKey"",""CreateChannelNamespace"",""CreateDataSource"",""CreateDomainName"",""CreateFunction"",""CreateGraphqlApi"",""CreateResolver"",""CreateType"",""DeleteApi"",""DeleteApiCache"",""DeleteApiKey"",""DeleteChannelNamespace"",""DeleteDataSource"",""DeleteDomainName"",""DeleteFunction"",""DeleteGraphqlApi"",""DeleteResolver"",""DeleteResourcePolicy"",""DeleteType"",""DisassociateApi"",""DisassociateMergedGraphqlApi"",""DisassociateSourceGraphqlApi"",""DisassociateWebACL"",""EvaluateCode"",""EvaluateMappingTemplate"",""EventConnect"",""EventPublish"",""EventSubscribe"",""FlushApiCache"",""GetApi"",""GetApiAssociation"",""GetApiCache"",""GetChannelNamespace"",""GetDataSource"",""GetDataSourceIntrospection"",""GetDomainName"",""GetFunction"",""GetGraphqlApi"",""GetGraphqlApiEnvironmentVariables"",""GetIntrospectionSchema"",""GetResolver"",""GetResourcePolicy"",""GetSchemaCreationStatus"",""GetSourceApiAssociation"",""GetType"",""GetWebACLForResource"",""GraphQL"",""ListApiKeys"",""ListApis"",""ListChannelNamespaces"",""ListDataSources"",""ListDomainNames"",""ListFunctions"",""ListGraphqlApis"",""ListResolvers"",""ListResolversByFunction"",""ListResourcesForWebACL"",""ListSourceApiAssociations"",""ListTagsForResource"",""ListTypes"",""ListTypesByAssociation"",""PutGraphqlApiEnvironmentVariables"",""PutResourcePolicy"",""SetWebACL"",""SourceGraphQL"",""StartDataSourceIntrospection"",""StartSchemaCreation"",""StartSchemaMerge"",""TagResource"",""UntagResource"",""UpdateApi"",""UpdateApiCache"",""UpdateApiKey"",""UpdateChannelNamespace"",""UpdateDataSource"",""UpdateDomainName"",""UpdateFunction"",""UpdateGraphqlApi"",""UpdateResolver"",""UpdateSourceApiAssociation"",""UpdateType""]","arn:aws:appsync:${Region}:${Account}:${ResourceType}/${ResourcePath}","^arn:aws:appsync:.+","[""appsync:Visibility"",""aws:RequestTag/${TagKey}"",""aws:ResourceTag/${TagKey}"",""aws:TagKeys""]","True","https://docs.aws.amazon.com/service-authorization/latest/reference/list_appsync.html"
"artifact","AWS Artifact","[""AcceptAgreement"",""AcceptNdaForAgreement"",""CreateComplianceInquiry"",""ExportComplianceInquiry"",""GetAccountSettings"",""GetAgreement"",""GetComplianceInquiryMetadata"",""GetCustomerAgreement"",""GetNdaForAgreement"",""GetReport"",""GetReportMetadata"",""GetTermForReport"",""ListAgreements"",""ListComplianceInquiries"",""ListComplianceInquiryQueries"",""ListCustomerAgreements"",""ListReportVersions"",""ListReports"",""ListTagsForResource"",""PutAccountSettings"",""PutComplianceInquiryFeedback"",""TagResource"",""TerminateAgreement"",""UntagResource""]","arn:aws:artifact:::${Resource}","^arn:aws:artifact::.+","[""artifact:ReportCategory"",""artifact:ReportSeries"",""aws:RequestTag/${TagKey}"",""aws:ResourceTag/${TagKey}"",""aws:TagKeys""]","True","https://docs.aws.amazon.com/service-authorization/latest/reference/list_artifact.html"
"auditmanager","AWS Audit Manager","[""AssociateAssessmentReportEvidenceFolder"",""BatchAssociateAssessmentReportEvidence"",""BatchCreateDelegationByAssessment"",""BatchDeleteDelegationByAssessment"",""BatchDisassociateAssessmentReportEvidence"",""BatchImportEvidenceToAssessmentControl"",""CreateAssessment"",""CreateAssessmentFramework"",""CreateAssessmentReport"",""CreateControl"",""DeleteAssessment"",""DeleteAssessmentFramework"",""DeleteAssessmentFrameworkShare"",""DeleteAssessmentReport"",""DeleteControl"",""DeregisterAccount"",""DeregisterOrganizationAdminAccount"",""DisassociateAssessmentReportEvidenceFolder"",""GetAccountStatus"",""GetAssessment"",""GetAssessmentFramework"",""GetAssessmentReportUrl"",""GetChangeLogs"",""GetControl"",""GetDelegations"",""GetEvidence"",""GetEvidenceByEvidenceFolder"",""GetEvidenceFileUploadUrl"",""GetEvidenceFolder"",""GetEvidenceFoldersByAssessment"",""GetEvidenceFoldersByAssessmentControl"",""GetInsights"",""GetInsightsByAssessment"",""GetOrganizationAdminAccount"",""GetServicesInScope"",""GetSettings"",""ListAssessmentControlInsightsByControlDomain"",""ListAssessmentFrameworkShareRequests"",""ListAssessmentFrameworks"",""ListAssessmentReports"",""ListAssessments"",""ListControlDomainInsights"",""ListControlDomainInsightsByAssessment"",""ListControlInsightsByControlDomain"",""ListControls"",""ListKeywordsForDataSource"",""ListNotifications"",""ListTagsForResource"",""RegisterAccount"",""RegisterOrganizationAdminAccount"",""StartAssessmentFrameworkShare"",""TagResource"",""UntagResource"",""UpdateAssessment"",""UpdateAssessmentControl"",""UpdateAssessmentControlSetStatus"",""UpdateAssessmentFramework"",""UpdateAssessmentFrameworkShare"",""UpdateAssessmentStatus"",""UpdateControl"",""UpdateSettings"",""ValidateAssessmentReportIntegrity""]","arn:aws:auditmanager:::${ResourceType}/${ResourceName}","^arn:aws:auditmanager::.+","[""aws:RequestTag/${TagKey}"",""aws:ResourceTag/${TagKey}"",""aws:TagKeys""]","True","https://docs.aws.amazon.com/service-authorization/latest/reference/list_auditmanager.html"
"autoscaling-plans","AWS Auto Scaling","[""CreateScalingPlan"",""DeleteScalingPlan"",""DescribeScalingPlanResources"",""DescribeScalingPlans"",""GetScalingPlanResourceForecastData"",""UpdateScalingPlan""]","","","null","False","https://docs.aws.amazon.com/service-authorization/latest/reference/list_autoscaling-plans.html"
"b2bi","AWS B2B Data Interchange","[""CreateCapability"",""CreatePartnership"",""CreateProfile"",""CreateStarterMappingTemplate"",""CreateTransformer"",""DeleteCapability"",""DeletePartnership"",""DeleteProfile"",""DeleteTransformer"",""GenerateMapping"",""GetCapability"",""GetPartnership"",""GetProfile"",""GetTransformer"",""GetTransformerJob"",""ListCapabilities"",""ListPartnerships"",""ListProfiles"",""ListTagsForResource"",""ListTransformers"",""StartTransformerJob"",""TagResource"",""TestConversion"",""TestMapping"",""TestParsing"",""UntagResource"",""UpdateCapability"",""UpdatePartnership"",""UpdateProfile"",""UpdateTransformer""]","arn:aws:b2bi:${Region}:${Account}:${ResourceType}/${ResourceName}","^arn:aws:b2bi:.+:.+:.+","[""aws:RequestTag/${TagKey}"",""aws:ResourceTag/${TagKey}"",""aws:TagKeys""]","True","https://docs.aws.amazon.com/service-authorization/latest/reference/list_b2bi.html"
"backup","AWS Backup","[""AssociateBackupVaultMpaApprovalTeam"",""CancelLegalHold"",""CopyFromBackupVault"",""CopyIntoBackupVault"",""CreateBackupAccessPoint"",""CreateBackupPlan"",""CreateBackupSelection"",""CreateBackupVault"",""CreateFramework"",""CreateLegalHold"",""CreateLogicallyAirGappedBackupVault"",""CreateReportPlan"",""CreateRestoreAccessBackupVault"",""CreateRestoreTestingPlan"",""CreateRestoreTestingSelection"",""CreateTieringConfiguration"",""DeleteBackupAccessPoint"",""DeleteBackupPlan"",""DeleteBackupSelection"",""DeleteBackupVault"",""DeleteBackupVaultAccessPolicy"",""DeleteBackupVaultLockConfiguration"",""DeleteBackupVaultNotifications"",""DeleteBackupVaultSharingPolicy"",""DeleteFramework"",""DeleteRecoveryPoint"",""DeleteReportPlan"",""DeleteRestoreTestingPlan"",""DeleteRestoreTestingSelection"",""DeleteTieringConfiguration"",""DescribeBackupAccessPoint"",""DescribeBackupJob"",""DescribeBackupVault"",""DescribeCopyJob"",""DescribeFramework"",""DescribeGlobalSettings"",""DescribeProtectedResource"",""DescribeRecoveryPoint"",""DescribeRegionSettings"",""DescribeReportJob"",""DescribeReportPlan"",""DescribeRestoreJob"",""DescribeScanJob"",""DisassociateBackupVaultMpaApprovalTeam"",""DisassociateRecoveryPoint"",""DisassociateRecoveryPointFromParent"",""ExportBackupPlanTemplate"",""GetBackupPlan"",""GetBackupPlanFromJSON"",""GetBackupPlanFromTemplate"",""GetBackupSelection"",""GetBackupVaultAccessPolicy"",""GetBackupVaultNotifications"",""GetBackupVaultSharingPolicy"",""GetLegalHold"",""GetPITRMalwareScanResults"",""GetRecoveryPointIndexDetails"",""GetRecoveryPointRestoreMetadata"",""GetRestoreJobMetadata"",""GetRestoreTestingInferredMetadata"",""GetRestoreTestingPlan"",""GetRestoreTestingSelection"",""GetSupportedResourceTypes"",""GetTieringConfiguration"",""ListBackupAccessPoints"",""ListBackupAccessPointsByRecoveryPoint"",""ListBackupAccessPointsByResource"",""ListBackupJobSummaries"",""ListBackupJobs"",""ListBackupPlanTemplates"",""ListBackupPlanVersions"",""ListBackupPlans"",""ListBackupSelections"",""ListBackupVaults"",""ListCopyJobSummaries"",""ListCopyJobs"",""ListFrameworks"",""ListIndexedRecoveryPoints"",""ListIndexedRecoveryPointsForSearch"",""ListLegalHolds"",""ListProtectedResources"",""ListProtectedResourcesByBackupVault"",""ListRecoveryPointsByBackupVault"",""ListRecoveryPointsByLegalHold"",""ListRecoveryPointsByResource"",""ListReportJobs"",""ListReportPlans"",""ListRestoreAccessBackupVaults"",""ListRestoreJobSummaries"",""ListRestoreJobs"",""ListRestoreJobsByProtectedResource"",""ListRestoreTestingPlans"",""ListRestoreTestingSelections"",""ListScanJobSummaries"",""ListScanJobs"",""ListTags"",""ListTieringConfigurations"",""PutBackupVaultAccessPolicy"",""PutBackupVaultLockConfiguration"",""PutBackupVaultNotifications"",""PutBackupVaultSharingPolicy"",""PutRestoreValidationResult"",""RevokeRestoreAccessBackupVault"",""SearchRecoveryPoint"",""StartBackupJob"",""StartCopyJob"",""StartReportJob"",""StartRestoreJob"",""StartScanJob"",""StopBackupJob"",""TagResource"",""UntagResource"",""UpdateBackupPlan"",""UpdateFramework"",""UpdateGlobalSettings"",""UpdateRecoveryPointIndexSettings"",""UpdateRecoveryPointLifecycle"",""UpdateRegionSettings"",""UpdateReportPlan"",""UpdateRestoreTestingPlan"",""UpdateRestoreTestingSelection"",""UpdateTieringConfiguration""]","arn:aws:backup:${Region}:${Account}:${ResourceType}:${ResourceName}","^arn:aws:backup:.+:.+:.+","[""aws:RequestTag/${TagKey}"",""aws:ResourceTag/${TagKey}"",""aws:TagKeys"",""backup:ChangeableForDays"",""backup:CopyTargetOrgPaths"",""backup:CopyTargets"",""backup:FrameworkArns"",""backup:Index"",""backup:MaxRetentionDays"",""backup:MinRetentionDays"",""backup:MpaApprovalTeamArn""]","True","https://docs.aws.amazon.com/service-authorization/latest/reference/list_backup.html"
"backup-gateway","AWS Backup Gateway","[""AssociateGatewayToServer"",""Backup"",""CreateGateway"",""DeleteGateway"",""DeleteHypervisor"",""DisassociateGatewayFromServer"",""GetBandwidthRateLimitSchedule"",""GetGateway"",""GetHypervisor"",""GetHypervisorPropertyMappings"",""GetVirtualMachine"",""ImportHypervisorConfiguration"",""ListGateways"",""ListHypervisors"",""ListTagsForResource"",""ListVirtualMachines"",""PutBandwidthRateLimitSchedule"",""PutHypervisorPropertyMappings"",""PutMaintenanceStartTime"",""Restore"",""StartVirtualMachinesMetadataSync"",""TagResource"",""TestHypervisorConfiguration"",""UntagResource"",""UpdateGatewayInformation"",""UpdateGatewaySoftwareNow"",""UpdateHypervisor""]","arn:aws:backup-gateway:${Region}:${Account}:${ResourceType}/${ResourcePath}","^arn:aws:*:backup-gateway:.+:.+:.+","[""aws:RequestTag/${TagKey}"",""aws:ResourceTag/${TagKey}"",""aws:TagKeys""]","True","https://docs.aws.amazon.com/service-authorization/latest/reference/list_backup-gateway.html"
"backup-search","AWS Backup Search","[""GetSearchJob"",""GetSearchResultExportJob"",""ListSearchJobBackups"",""ListSearchJobResults"",""ListSearchJobs"",""ListSearchResultExportJobs"",""ListTagsForResource"",""StartSearchJob"",""StartSearchResultExportJob"",""StopSearchJob"",""TagResource"",""UntagResource""]","arn:aws:backup-search:${Region}:${Account}:${ResourceType}:${ResourceName}","^arn:aws:backup-search:.+:.+:.+","[""aws:RequestTag/${TagKey}"",""aws:ResourceTag/${TagKey}"",""aws:TagKeys""]","True","https://docs.aws.amazon.com/service-authorization/latest/reference/list_backupsearch.html"
"backup-storage","AWS Backup storage","[""CommitBackupJob"",""DeleteObjects"",""DescribeBackupJob"",""GetBaseBackup"",""GetChunk"",""GetIncrementalBaseBackup"",""GetObjectMetadata"",""ListChunks"",""ListObjects"",""MountCapsule"",""NotifyObjectComplete"",""PutChunk"",""PutObject"",""StartObject"",""UpdateObjectComplete""]","arn:${Partition}:backup-storage:${Region}:${Account}:${ResourceType}:${ResourceName}","^^arn:aws:backup-storage:.+:.+:.+","null","False","https://docs.aws.amazon.com/service-authorization/latest/reference/list_backup-storage.html"
"batch","AWS Batch","[""CancelJob"",""CreateComputeEnvironment"",""CreateConsumableResource"",""CreateJobQueue"",""CreateQuotaShare"",""CreateSchedulingPolicy"",""CreateServiceEnvironment"",""DeleteComputeEnvironment"",""DeleteConsumableResource"",""DeleteJobQueue"",""DeleteQuotaShare"",""DeleteSchedulingPolicy"",""DeleteServiceEnvironment"",""DeregisterJobDefinition"",""DescribeComputeEnvironments"",""DescribeConsumableResource"",""DescribeJobDefinitions"",""DescribeJobQueues"",""DescribeJobs"",""DescribeQuotaShare"",""DescribeSchedulingPolicies"",""DescribeServiceEnvironments"",""DescribeServiceJob"",""GetJobQueueSnapshot"",""ListConsumableResources"",""ListJobs"",""ListJobsByConsumableResource"",""ListQuotaShares"",""ListSchedulingPolicies"",""ListServiceJobs"",""ListTagsForResource"",""RegisterJobDefinition"",""SetCapacityTags"",""SubmitJob"",""SubmitServiceJob"",""TagResource"",""TerminateJob"",""TerminateServiceJob"",""UntagResource"",""UpdateComputeEnvironment"",""UpdateConsumableResource"",""UpdateJobQueue"",""UpdateQuotaShare"",""UpdateSchedulingPolicy"",""UpdateServiceEnvironment"",""UpdateServiceJob""]","arn:aws:batch:${Region}:${Account}:${ResourceType}/${ResourcePath}","^arn:aws:batch:.+","[""aws:RequestTag/${TagKey}"",""aws:ResourceTag/${TagKey}"",""aws:TagKeys"",""batch:AWSLogsCreateGroup"",""batch:AWSLogsGroup"",""batch:AWSLogsRegion"",""batch:AWSLogsStreamPrefix"",""batch:EKSImage"",""batch:EKSNamespace"",""batch:EKSPrivileged"",""batch:EKSRunAsGroup"",""batch:EKSRunAsUser"",""batch:EKSServiceAccountName"",""batch:Image"",""batch:LogDriver"",""batch:Privileged"",""batch:SchedulingPriority"",""batch:ShareIdentifier"",""batch:User""]","True","https://docs.aws.amazon.com/service-authorization/latest/reference/list_batch.html"
"billing","AWS Billing","[""AssociateSourceViews"",""CreateBillingView"",""DeleteBillingView"",""DeleteResourcePolicy"",""DisassociateSourceViews"",""GetBillingData"",""GetBillingDetails"",""GetBillingNotifications"",""GetBillingPreferences"",""GetBillingView"",""GetBillingViewData"",""GetContractInformation"",""GetCreditAllocationHistory"",""GetCredits"",""GetEnterpriseSupportChargeSummary"",""GetEnterpriseSupportContractDetails"",""GetIAMAccessPreference"",""GetResourcePolicy"",""GetSellerOfRecord"",""ListBillingViewSegments"",""ListBillingViews"",""ListEnterpriseSupportLinkedAccountCharges"",""ListSourceViewsForBillingView"",""ListTagsForResource"",""PutContractInformation"",""PutResourcePolicy"",""RedeemCredits"",""TagResource"",""UntagResource"",""UpdateBillingPreferences"",""UpdateBillingView"",""UpdateIAMAccessPreference"",""UseSourceView""]","arn:aws:billing::${Account}:${ResourceType}","^arn:aws:billing:.+","[""aws:RequestTag/${TagKey}"",""aws:ResourceTag/${TagKey}"",""aws:TagKeys""]","True","https://docs.aws.amazon.com/service-authorization/latest/reference/list_billing.html"
"bcm-dashboards","AWS Billing and Cost Management Dashboards","[""CreateDashboard"",""CreateScheduledReport"",""DeleteDashboard"",""DeleteScheduledReport"",""ExecuteScheduledReport"",""GetDashboard"",""GetResourcePolicy"",""GetScheduledReport"",""ListDashboards"",""ListScheduledReports"",""ListTagsForResource"",""TagResource"",""UntagResource"",""UpdateDashboard"",""UpdateScheduledReport""]","arn:aws:bcm-dashboards::${Account}:${ResourceType}","^arn:aws:bcm-dashboards:.+","[""aws:RequestTag/${TagKey}"",""aws:ResourceTag/${TagKey}"",""aws:TagKeys""]","True","https://docs.aws.amazon.com/service-authorization/latest/reference/list_bcm-dashboards.html"
"bcm-data-exports","AWS Billing And Cost Management Data Exports","[""CreateExport"",""DeleteExport"",""GetExecution"",""GetExport"",""GetTable"",""ListExecutions"",""ListExports"",""ListTables"",""ListTagsForResource"",""TagResource"",""UntagResource"",""UpdateExport""]","arn:aws:bcm-data-exports:${Region}:${Account}:${ResourceType}","^arn:aws:bcm-data-exports:.+:.+:.+","[""aws:RequestTag/${TagKey}"",""aws:ResourceTag/${TagKey}"",""aws:TagKeys""]","True","https://docs.aws.amazon.com/service-authorization/latest/reference/list_bcm-data-exports.html"
"bcm-pricing-calculator","AWS Billing And Cost Management Pricing Calculator","[""CreateBillEstimate"",""CreateBillScenario"",""CreateBillScenarioCommitmentModification"",""CreateBillScenarioUsageModification"",""CreateWorkloadEstimate"",""CreateWorkloadEstimateUsage"",""DeleteBillEstimate"",""DeleteBillScenario"",""DeleteBillScenarioCommitmentModification"",""DeleteBillScenarioUsageModification"",""DeleteWorkloadEstimate"",""DeleteWorkloadEstimateUsage"",""GetBillEstimate"",""GetBillScenario"",""GetPreferences"",""GetWorkloadEstimate"",""ListBillEstimateCommitments"",""ListBillEstimateInputCommitmentModifications"",""ListBillEstimateInputUsageModifications"",""ListBillEstimateLineItems"",""ListBillEstimates"",""ListBillScenarioCommitmentModifications"",""ListBillScenarioUsageModifications"",""ListBillScenarios"",""ListTagsForResource"",""ListWorkloadEstimateUsage"",""ListWorkloadEstimates"",""TagResource"",""UntagResource"",""UpdateBillEstimate"",""UpdateBillScenario"",""UpdateBillScenarioCommitmentModification"",""UpdateBillScenarioUsageModification"",""UpdatePreferences"",""UpdateWorkloadEstimate"",""UpdateWorkloadEstimateUsage""]","arn:aws:bcm-pricing-calculator::${Account}:${ResourceType}/${ResourceName}","^arn:aws:bcm-pricing-calculator::.+:.+","[""aws:RequestTag/${TagKey}"",""aws:ResourceTag/${TagKey}"",""aws:TagKeys""]","True","https://docs.aws.amazon.com/service-authorization/latest/reference/list_bcm-pricing-calculator.html"
"bcm-recommended-actions","AWS Billing And Cost Management Recommended Actions","""ListRecommendedActions""","","","null","False","https://docs.aws.amazon.com/service-authorization/latest/reference/list_bcm-recommended-actions.html"
"billingconductor","AWS Billing Conductor","[""AssociateAccounts"",""AssociatePricingRules"",""BatchAssociateResourcesToCustomLineItem"",""BatchDisassociateResourcesFromCustomLineItem"",""CreateBillingGroup"",""CreateCustomLineItem"",""CreatePricingPlan"",""CreatePricingRule"",""DeleteBillingGroup"",""DeleteCustomLineItem"",""DeletePricingPlan"",""DeletePricingRule"",""DisassociateAccounts"",""DisassociatePricingRules"",""GetBillingGroupCostReport"",""GetBillingTransferPreference"",""ListAccountAssociations"",""ListBillingGroupCostReports"",""ListBillingGroups"",""ListCustomLineItemVersions"",""ListCustomLineItems"",""ListPricingPlans"",""ListPricingPlansAssociatedWithPricingRule"",""ListPricingRules"",""ListPricingRulesAssociatedToPricingPlan"",""ListResourcesAssociatedToCustomLineItem"",""ListTagsForResource"",""TagResource"",""UntagResource"",""UpdateBillingGroup"",""UpdateBillingTransferPreference"",""UpdateCustomLineItem"",""UpdatePricingPlan"",""UpdatePricingRule""]","arn:aws:billingconductor::${Account}:${ResourceType}","^arn:aws:billingconductor:.+","[""aws:RequestTag/${TagKey}"",""aws:ResourceTag/${TagKey}"",""aws:TagKeys"",""billingconductor:PricingPlanArn""]","True","https://docs.aws.amazon.com/service-authorization/latest/reference/list_billingconductor.html"
"aws-portal","AWS Billing Console","[""GetConsoleActionSetEnforced"",""ModifyAccount"",""ModifyBilling"",""ModifyPaymentMethods"",""UpdateConsoleActionSetEnforced"",""ViewAccount"",""ViewBilling"",""ViewPaymentMethods"",""ViewUsage""]","","","null","False","https://docs.aws.amazon.com/service-authorization/latest/reference/list_aws-portal.html"
"budgets","AWS Budget Service","[""CreateBudgetAction"",""DeleteBudgetAction"",""DescribeBudgetAction"",""DescribeBudgetActionHistories"",""DescribeBudgetActionsForAccount"",""DescribeBudgetActionsForBudget"",""ExecuteBudgetAction"",""ListTagsForResource"",""ModifyBudget"",""TagResource"",""UntagResource"",""UpdateBudgetAction"",""ViewBudget""]","arn:aws:budgets::${Account}:budget/${BudgetName}","^arn:aws:budgets::.+:.+","[""aws:RequestTag/${TagKey}"",""aws:ResourceTag/${TagKey}"",""aws:TagKeys""]","True","https://docs.aws.amazon.com/service-authorization/latest/reference/list_budgets.html"
"bugbust","AWS BugBust","[""CreateEvent"",""EvaluateProfilingGroups"",""GetEvent"",""GetJoinEventStatus"",""JoinEvent"",""ListBugs"",""ListEventParticipants"",""ListEventScores"",""ListEvents"",""ListProfilingGroups"",""ListPullRequests"",""ListTagsForResource"",""TagResource"",""UntagResource"",""UpdateEvent"",""UpdateWorkItem"",""UpdateWorkItemAdmin""]","arn:aws:bugbust:${Region}:${Account}:${ResourceType}/${ResourceName}","^arn:aws:bugbust:.+:.+:.+","[""aws:RequestTag/${TagKey}"",""aws:ResourceTag/${TagKey}"",""aws:TagKeys""]","True","https://docs.aws.amazon.com/service-authorization/latest/reference/list_bugbust.html"
"acm","AWS Certificate Manager","[""AddTagsToCertificate"",""CreateAcmeDomainValidation"",""CreateAcmeEndpoint"",""CreateAcmeExternalAccountBinding"",""DeleteAcmeDomainValidation"",""DeleteAcmeEndpoint"",""DeleteAcmeExternalAccountBinding"",""DeleteCertificate"",""DescribeAcmeAccount"",""DescribeAcmeDomainValidation"",""DescribeAcmeEndpoint"",""DescribeAcmeExternalAccountBinding"",""DescribeCertificate"",""ExportCertificate"",""GetAccountConfiguration"",""GetAcmeExternalAccountBindingCredentials"",""GetCertificate"",""ImportCertificate"",""ListAcmeAccounts"",""ListAcmeDomainValidations"",""ListAcmeEndpoints"",""ListAcmeExternalAccountBindings"",""ListCertificateDomainValidations"",""ListCertificates"",""ListTagsForCertificate"",""ListTagsForResource"",""PutAccountConfiguration"",""RemoveTagsFromCertificate"",""RenewCertificate"",""RequestCertificate"",""ResendValidationEmail"",""RevokeAcmeAccount"",""RevokeAcmeExternalAccountBinding"",""RevokeCertificate"",""SearchCertificates"",""TagResource"",""UntagResource"",""UpdateAcmeDomainValidation"",""UpdateAcmeEndpoint"",""UpdateCertificate"",""UpdateCertificateOptions""]","arn:aws:acm:${Region}:${Account}:${ArnType}/${ResourceId}","^arn:aws:acm:.+:[0-9]+:.+","[""acm:CertificateAuthority"",""acm:CertificateKeyPairOrigin"",""acm:CertificateTransparencyLogging"",""acm:DomainNames"",""acm:Export"",""acm:KeyAlgorithm"",""acm:ValidationMethod"",""aws:RequestTag/${TagKey}"",""aws:ResourceTag/${TagKey}"",""aws:TagKeys""]","True","https://docs.aws.amazon.com/service-authorization/latest/reference/list_acm.html"
"chatbot","AWS Chatbot","[""AssociateToConfiguration"",""CreateChimeWebhookConfiguration"",""CreateCustomAction"",""CreateMicrosoftTeamsChannelConfiguration"",""CreateSlackChannelConfiguration"",""DeleteChimeWebhookConfiguration"",""DeleteCustomAction"",""DeleteMicrosoftTeamsChannelConfiguration"",""DeleteMicrosoftTeamsConfiguredTeam"",""DeleteMicrosoftTeamsUserIdentity"",""DeleteSlackChannelConfiguration"",""DeleteSlackUserIdentity"",""DeleteSlackWorkspaceAuthorization"",""DescribeChimeWebhookConfigurations"",""DescribeSlackChannelConfigurations"",""DescribeSlackChannels"",""DescribeSlackUserIdentities"",""DescribeSlackWorkspaces"",""DisassociateFromConfiguration"",""GetAccountPreferences"",""GetCustomAction"",""GetMicrosoftTeamsChannelConfiguration"",""GetMicrosoftTeamsOauthParameters"",""GetSlackOauthParameters"",""ListAssociations"",""ListCustomActions"",""ListMicrosoftTeamsChannelConfigurations"",""ListMicrosoftTeamsConfiguredTeams"",""ListMicrosoftTeamsUserIdentities"",""ListTagsForResource"",""RedeemMicrosoftTeamsOauthCode"",""RedeemSlackOauthCode"",""TagResource"",""UntagResource"",""UpdateAccountPreferences"",""UpdateChimeWebhookConfiguration"",""UpdateCustomAction"",""UpdateMicrosoftTeamsChannelConfiguration"",""UpdateSlackChannelConfiguration""]","arn:aws:chatbot::${Account}:${ResourceType}/${ResourceName}","^arn:aws:chatbot:.+","[""aws:RequestTag/${TagKey}"",""aws:ResourceTag/${TagKey}"",""aws:TagKeys""]","True","https://docs.aws.amazon.com/service-authorization/latest/reference/list_chatbot.html"
"cleanrooms","AWS Clean Rooms","[""BatchGetCollaborationAnalysisTemplate"",""BatchGetSchema"",""BatchGetSchemaAnalysisRule"",""CreateAnalysisTemplate"",""CreateCollaboration"",""CreateCollaborationChangeRequest"",""CreateConfiguredAudienceModelAssociation"",""CreateConfiguredTable"",""CreateConfiguredTableAnalysisRule"",""CreateConfiguredTableAssociation"",""CreateConfiguredTableAssociationAnalysisRule"",""CreateIdMappingTable"",""CreateIdNamespaceAssociation"",""CreateIntermediateTable"",""CreateIntermediateTableAnalysisRule"",""CreateMembership"",""CreatePrivacyBudgetTemplate"",""DeleteAnalysisTemplate"",""DeleteCollaboration"",""DeleteConfiguredAudienceModelAssociation"",""DeleteConfiguredTable"",""DeleteConfiguredTableAnalysisRule"",""DeleteConfiguredTableAssociation"",""DeleteConfiguredTableAssociationAnalysisRule"",""DeleteIdMappingTable"",""DeleteIdNamespaceAssociation"",""DeleteIntermediateTable"",""DeleteIntermediateTableAnalysisRule"",""DeleteMember"",""DeleteMembership"",""DeletePrivacyBudgetTemplate"",""DisallowIntermediateTable"",""GetAnalysisLogExport"",""GetAnalysisTemplate"",""GetCollaboration"",""GetCollaborationAnalysisTemplate"",""GetCollaborationChangeRequest"",""GetCollaborationConfiguredAudienceModelAssociation"",""GetCollaborationIdNamespaceAssociation"",""GetCollaborationPrivacyBudgetTemplate"",""GetConfiguredAudienceModelAssociation"",""GetConfiguredTable"",""GetConfiguredTableAnalysisRule"",""GetConfiguredTableAssociation"",""GetConfiguredTableAssociationAnalysisRule"",""GetIdMappingTable"",""GetIdNamespaceAssociation"",""GetIntermediateTable"",""GetIntermediateTableAnalysisRule"",""GetMembership"",""GetPrivacyBudgetTemplate"",""GetProtectedJob"",""GetProtectedQuery"",""GetSchema"",""GetSchemaAnalysisRule"",""ListAnalysisLogExports"",""ListAnalysisTemplates"",""ListCollaborationAnalysisTemplates"",""ListCollaborationChangeRequests"",""ListCollaborationConfiguredAudienceModelAssociations"",""ListCollaborationIdNamespaceAssociations"",""ListCollaborationPrivacyBudgetTemplates"",""ListCollaborationPrivacyBudgets"",""ListCollaborations"",""ListConfiguredAudienceModelAssociations"",""ListConfiguredTableAssociations"",""ListConfiguredTables"",""ListIdMappingTables"",""ListIdNamespaceAssociations"",""ListIntermediateTableVersions"",""ListIntermediateTables"",""ListMembers"",""ListMemberships"",""ListPrivacyBudgetTemplates"",""ListPrivacyBudgets"",""ListProtectedJobs"",""ListProtectedQueries"",""ListSchemas"",""ListTagsForResource"",""PassCollaboration"",""PassMembership"",""PopulateIdMappingTable"",""PopulateIntermediateTable"",""PreviewPrivacyImpact"",""StartAnalysisLogExport"",""StartProtectedJob"",""StartProtectedQuery"",""TagResource"",""UntagResource"",""UpdateAnalysisTemplate"",""UpdateCollaboration"",""UpdateCollaborationChangeRequest"",""UpdateConfiguredAudienceModelAssociation"",""UpdateConfiguredTable"",""UpdateConfiguredTableAllowedColumns"",""UpdateConfiguredTableAnalysisRule"",""UpdateConfiguredTableAssociation"",""UpdateConfiguredTableAssociationAnalysisRule"",""UpdateConfiguredTableReference"",""UpdateIdMappingTable"",""UpdateIdNamespaceAssociation"",""UpdateIntermediateTable"",""UpdateIntermediateTableAnalysisRule"",""UpdateMembership"",""UpdatePrivacyBudgetTemplate"",""UpdateProtectedJob"",""UpdateProtectedQuery""]","arn:aws:cleanrooms:${Region}:${Account}:${ResourceType}/${PathToResource}","^arn:aws:cleanrooms:.+","[""aws:RequestTag/${TagKey}"",""aws:ResourceTag/${TagKey}"",""aws:TagKeys""]","True","https://docs.aws.amazon.com/service-authorization/latest/reference/list_cleanrooms.html"
"cleanrooms-ml","AWS Clean Rooms ML","[""CancelTrainedModel"",""CancelTrainedModelInferenceJob"",""CreateAudienceModel"",""CreateConfiguredAudienceModel"",""CreateConfiguredModelAlgorithm"",""CreateConfiguredModelAlgorithmAssociation"",""CreateMLInputChannel"",""CreateTrainedModel"",""CreateTrainingDataset"",""DeleteAudienceGenerationJob"",""DeleteAudienceModel"",""DeleteConfiguredAudienceModel"",""DeleteConfiguredAudienceModelPolicy"",""DeleteConfiguredModelAlgorithm"",""DeleteConfiguredModelAlgorithmAssociation"",""DeleteMLConfiguration"",""DeleteMLInputChannelData"",""DeleteTrainedModelOutput"",""DeleteTrainingDataset"",""GetAudienceGenerationJob"",""GetAudienceModel"",""GetCollaborationConfiguredModelAlgorithmAssociation"",""GetCollaborationMLInputChannel"",""GetCollaborationTrainedModel"",""GetConfiguredAudienceModel"",""GetConfiguredAudienceModelPolicy"",""GetConfiguredModelAlgorithm"",""GetConfiguredModelAlgorithmAssociation"",""GetMLConfiguration"",""GetMLInputChannel"",""GetTrainedModel"",""GetTrainedModelInferenceJob"",""GetTrainingDataset"",""ListAudienceExportJobs"",""ListAudienceGenerationJobs"",""ListAudienceModels"",""ListCollaborationConfiguredModelAlgorithmAssociations"",""ListCollaborationMLInputChannels"",""ListCollaborationTrainedModelExportJobs"",""ListCollaborationTrainedModelInferenceJobs"",""ListCollaborationTrainedModels"",""ListConfiguredAudienceModels"",""ListConfiguredModelAlgorithmAssociations"",""ListConfiguredModelAlgorithms"",""ListMLInputChannels"",""ListTagsForResource"",""ListTrainedModelInferenceJobs"",""ListTrainedModelVersions"",""ListTrainedModels"",""ListTrainingDatasets"",""PutConfiguredAudienceModelPolicy"",""PutMLConfiguration"",""StartAudienceExportJob"",""StartAudienceGenerationJob"",""StartTrainedModelExportJob"",""StartTrainedModelInferenceJob"",""TagResource"",""UnTagResource"",""UpdateConfiguredAudienceModel""]","arn:aws:cleanrooms-ml:${Region}:${Account}:${ResourceType}/${ResourceIdentifier}","^arn:aws:cleanrooms-ml:.+:.+:.+","[""aws:RequestTag/${TagKey}"",""aws:ResourceTag/${TagKey}"",""aws:TagKeys"",""cleanrooms-ml:CollaborationId""]","True","https://docs.aws.amazon.com/service-authorization/latest/reference/list_cleanroomsml.html"
"cloudformation","AWS Cloud Control API","[""CancelResourceRequest"",""CreateResource"",""DeleteResource"",""GetResource"",""GetResourceRequestStatus"",""ListResourceRequests"",""ListResources"",""UpdateResource""]","arn:aws:cloudformation:${Region}:${Account}:${RelativeId}","^arn:aws:cloudformation:.+:[0-9]+:.+","null","False","https://docs.aws.amazon.com/service-authorization/latest/reference/list_cloudcontrol.html"
"servicediscovery","AWS Cloud Map","[""CreateHttpNamespace"",""CreatePrivateDnsNamespace"",""CreatePublicDnsNamespace"",""CreateService"",""DeleteNamespace"",""DeleteResourcePolicy"",""DeleteService"",""DeleteServiceAttributes"",""DeregisterInstance"",""DiscoverInstances"",""DiscoverInstancesRevision"",""GetInstance"",""GetInstancesHealthStatus"",""GetNamespace"",""GetOperation"",""GetResourcePolicy"",""GetService"",""GetServiceAttributes"",""ListInstances"",""ListNamespaces"",""ListOperations"",""ListServices"",""ListTagsForResource"",""PutResourcePolicy"",""RegisterInstance"",""TagResource"",""UntagResource"",""UpdateHttpNamespace"",""UpdateInstanceCustomHealthStatus"",""UpdatePrivateDnsNamespace"",""UpdatePublicDnsNamespace"",""UpdateService"",""UpdateServiceAttributes""]","arn:aws:servicediscovery:${Region}:${Account}:${ResourceType}/${ResourceName}","^arn:aws:servicediscovery:.+","[""aws:RequestTag/${TagKey}"",""aws:ResourceTag/${TagKey}"",""aws:TagKeys"",""servicediscovery:NamespaceArn"",""servicediscovery:NamespaceName"",""servicediscovery:ServiceArn"",""servicediscovery:ServiceCreatedByAccount"",""servicediscovery:ServiceName""]","True","https://docs.aws.amazon.com/service-authorization/latest/reference/list_servicediscovery.html"
"cloud9","AWS Cloud9","[""ActivateEC2Remote"",""CreateEnvironmentEC2"",""CreateEnvironmentMembership"",""CreateEnvironmentSSH"",""CreateEnvironmentToken"",""DeleteEnvironment"",""DeleteEnvironmentMembership"",""DescribeEC2Remote"",""DescribeEnvironmentMemberships"",""DescribeEnvironmentStatus"",""DescribeEnvironments"",""DescribeSSHRemote"",""GetEnvironmentConfig"",""GetEnvironmentSettings"",""GetMembershipSettings"",""GetMigrationExperiences"",""GetUserPublicKey"",""GetUserSettings"",""ListEnvironments"",""ListTagsForResource"",""ModifyTemporaryCredentialsOnEnvironmentEC2"",""TagResource"",""UntagResource"",""UpdateEnvironment"",""UpdateEnvironmentMembership"",""UpdateEnvironmentSettings"",""UpdateMembershipSettings"",""UpdateSSHRemote"",""UpdateUserSettings""]","arn:aws:cloud9:${Region}:${Account}:${ResourceType}:${ResourceId}","^arn:aws:cloud9:.+:[0-9]+:.+:.+","[""aws:RequestTag/${TagKey}"",""aws:ResourceTag/${TagKey}"",""aws:TagKeys"",""cloud9:EnvironmentId"",""cloud9:EnvironmentName"",""cloud9:InstanceType"",""cloud9:OwnerArn"",""cloud9:Permissions"",""cloud9:SubnetId"",""cloud9:UserArn""]","True","https://docs.aws.amazon.com/service-authorization/latest/reference/list_cloud9.html"
"cloudformation","AWS CloudFormation","[""ActivateOrganizationsAccess"",""ActivateType"",""BatchDescribeTypeConfigurations"",""CancelUpdateStack"",""ContinueUpdateRollback"",""CreateChangeSet"",""CreateGeneratedTemplate"",""CreateStack"",""CreateStackInstances"",""CreateStackRefactor"",""CreateStackSet"",""CreateUploadBucket"",""DeactivateOrganizationsAccess"",""DeactivateType"",""DeleteChangeSet"",""DeleteGeneratedTemplate"",""DeleteStack"",""DeleteStackInstances"",""DeleteStackSet"",""DeregisterType"",""DescribeAccountLimits"",""DescribeChangeSet"",""DescribeChangeSetHooks"",""DescribeEvents"",""DescribeGeneratedTemplate"",""DescribeOrganizationsAccess"",""DescribePublisher"",""DescribeResourceScan"",""DescribeStackDriftDetectionStatus"",""DescribeStackEvents"",""DescribeStackInstance"",""DescribeStackRefactor"",""DescribeStackResource"",""DescribeStackResourceDrifts"",""DescribeStackResources"",""DescribeStackSet"",""DescribeStackSetOperation"",""DescribeStacks"",""DescribeType"",""DescribeTypeRegistration"",""DetectStackDrift"",""DetectStackResourceDrift"",""DetectStackSetDrift"",""EstimateTemplateCost"",""ExecuteChangeSet"",""ExecuteStackRefactor"",""GetGeneratedTemplate"",""GetHookResult"",""GetStackPolicy"",""GetTemplate"",""GetTemplateSummary"",""ImportStacksToStackSet"",""ListAllHookResults"",""ListChangeSets"",""ListExports"",""ListGeneratedTemplates"",""ListHookResults"",""ListImports"",""ListResourceScanRelatedResources"",""ListResourceScanResources"",""ListResourceScans"",""ListStackInstanceResourceDrifts"",""ListStackInstances"",""ListStackRefactorActions"",""ListStackRefactors"",""ListStackResources"",""ListStackSetAutoDeploymentTargets"",""ListStackSetOperationResults"",""ListStackSetOperations"",""ListStackSets"",""ListStacks"",""ListTypeRegistrations"",""ListTypeVersions"",""ListTypes"",""PublishType"",""RecordHandlerProgress"",""RegisterPublisher"",""RegisterType"",""RollbackStack"",""SetStackPolicy"",""SetTypeConfiguration"",""SetTypeDefaultVersion"",""SignalResource"",""StartResourceScan"",""StopStackSetOperation"",""TagResource"",""TestType"",""UntagResource"",""UpdateGeneratedTemplate"",""UpdateStack"",""UpdateStackInstances"",""UpdateStackSet"",""UpdateTerminationProtection"",""ValidateTemplate""]","arn:aws:cloudformation:${Region}:${Account}:${ResourceType}/${Id}","^arn:aws:cloudformation:.+:[0-9]+:.+","[""aws:RequestTag/${TagKey}"",""aws:ResourceTag/${TagKey}"",""aws:TagKeys"",""cloudformation:ChangeSetName"",""cloudformation:CreateAction"",""cloudformation:ImportResourceTypes"",""cloudformation:ResourceTypes"",""cloudformation:RoleArn"",""cloudformation:StackPolicyUrl"",""cloudformation:TargetRegion"",""cloudformation:TemplateUrl"",""cloudformation:TypeArn""]","True","https://docs.aws.amazon.com/service-authorization/latest/reference/list_cloudformation.html"
"cloudhsm","AWS CloudHSM","[""CopyBackupToRegion"",""CreateCluster"",""CreateHsm"",""DeleteBackup"",""DeleteCluster"",""DeleteHsm"",""DeleteResourcePolicy"",""DescribeBackups"",""DescribeClusters"",""GetResourcePolicy"",""InitializeCluster"",""ListTags"",""ModifyBackupAttributes"",""ModifyCluster"",""PutResourcePolicy"",""RestoreBackup"",""TagResource"",""UntagResource""]","arn:aws:cloudhsm:${Region}:${Account}:${ResourceName}","^arn:aws:cloudhsm:.+","[""aws:RequestTag/${TagKey}"",""aws:ResourceTag/${TagKey}"",""aws:TagKeys""]","True","https://docs.aws.amazon.com/service-authorization/latest/reference/list_cloudhsm.html"
"cloudshell","AWS CloudShell","[""ApproveCommand"",""CreateEnvironment"",""CreateSession"",""DeleteEnvironment"",""DescribeEnvironments"",""GetEnvironmentStatus"",""GetFileDownloadUrls"",""GetFileUploadUrls"",""PutCredentials"",""StartEnvironment"",""StopEnvironment""]","arn:aws:cloudshell:${Region}:${Account}:environment/${EnvironmentId}","^arn:aws:cloudshell:${Region}:${Account}:environment/.+?","[""cloudshell:SecurityGroupIds"",""cloudshell:SubnetIds"",""cloudshell:VpcIds""]","True","https://docs.aws.amazon.com/service-authorization/latest/reference/list_cloudshell.html"
"cloudtrail","AWS CloudTrail","[""AddTags"",""CancelQuery"",""CreateChannel"",""CreateDashboard"",""CreateEventDataStore"",""CreateServiceLinkedChannel"",""CreateTrail"",""DeleteChannel"",""DeleteDashboard"",""DeleteEventDataStore"",""DeleteResourcePolicy"",""DeleteServiceLinkedChannel"",""DeleteTrail"",""DeregisterOrganizationDelegatedAdmin"",""DescribeQuery"",""DescribeTrails"",""DisableFederation"",""EnableFederation"",""GenerateQuery"",""GenerateQueryResultsSummary"",""GetChannel"",""GetDashboard"",""GetEventConfiguration"",""GetEventDataStore"",""GetEventDataStoreData"",""GetEventSelectors"",""GetImport"",""GetInsightSelectors"",""GetQueryResults"",""GetResourcePolicy"",""GetServiceLinkedChannel"",""GetTrail"",""GetTrailStatus"",""ListChannels"",""ListDashboards"",""ListEventDataStores"",""ListImportFailures"",""ListImports"",""ListInsightsData"",""ListPublicKeys"",""ListQueries"",""ListServiceLinkedChannels"",""ListTags"",""ListTrails"",""LookupEvents"",""PutEventConfiguration"",""PutEventSelectors"",""PutInsightSelectors"",""PutResourcePolicy"",""RegisterOrganizationDelegatedAdmin"",""RemoveTags"",""RestoreEventDataStore"",""SearchSampleQueries"",""StartDashboardRefresh"",""StartEventDataStoreIngestion"",""StartImport"",""StartLogging"",""StartQuery"",""StopEventDataStoreIngestion"",""StopImport"",""StopLogging"",""UpdateChannel"",""UpdateDashboard"",""UpdateEventDataStore"",""UpdateServiceLinkedChannel"",""UpdateTrail""]","arn:aws:cloudtrail:${Region}:${Account}:${Resource}","^arn:aws:cloudtrail:.+:[0-9]+:.+","[""aws:RequestTag/${TagKey}"",""aws:ResourceTag/${TagKey}"",""aws:TagKeys""]","True","https://docs.aws.amazon.com/service-authorization/latest/reference/list_cloudtrail.html"
"cloudtrail-data","AWS CloudTrail Data","""PutAuditEvents""","arn:aws:cloudtrail:${Region}:${Account}:${Resource}","^arn:aws:cloudtrail:.+:[0-9]+:.+","[""aws:RequestTag/${TagKey}"",""aws:ResourceTag/${TagKey}"",""aws:TagKeys""]","True","https://docs.aws.amazon.com/service-authorization/latest/reference/list_cloudtrail-data.html"
"rum","AWS CloudWatch RUM","[""BatchCreateRumMetricDefinitions"",""BatchDeleteRumMetricDefinitions"",""BatchGetRumMetricDefinitions"",""CreateAppMonitor"",""DeleteAppMonitor"",""DeleteResourcePolicy"",""DeleteRumMetricsDestination"",""GetAppMonitor"",""GetAppMonitorData"",""GetResourcePolicy"",""ListAppMonitors"",""ListRumMetricsDestinations"",""ListTagsForResource"",""PutResourcePolicy"",""PutRumEvents"",""PutRumMetricsDestination"",""TagResource"",""UntagResource"",""UpdateAppMonitor"",""UpdateRumMetricDefinition""]","arn:aws:rum:${Region}:${Account}:appmonitor/${Name}","^arn:aws:rum:.+:.+:.+","[""aws:RequestTag/${TagKey}"",""aws:ResourceTag/${TagKey}"",""aws:TagKeys""]","True","https://docs.aws.amazon.com/service-authorization/latest/reference/list_rum.html"
"codeartifact","AWS CodeArtifact","[""AssociateExternalConnection"",""AssociateWithDownstreamRepository"",""CopyPackageVersions"",""CreateDomain"",""CreatePackageGroup"",""CreateRepository"",""DeleteDomain"",""DeleteDomainPermissionsPolicy"",""DeletePackage"",""DeletePackageGroup"",""DeletePackageVersions"",""DeleteRepository"",""DeleteRepositoryPermissionsPolicy"",""DescribeDomain"",""DescribePackage"",""DescribePackageGroup"",""DescribePackageVersion"",""DescribeRepository"",""DisassociateExternalConnection"",""DisposePackageVersions"",""GetAssociatedPackageGroup"",""GetAuthorizationToken"",""GetDomainPermissionsPolicy"",""GetPackageVersionAsset"",""GetPackageVersionReadme"",""GetRepositoryEndpoint"",""GetRepositoryPermissionsPolicy"",""ListAllowedRepositoriesForGroup"",""ListAssociatedPackages"",""ListDomains"",""ListPackageGroups"",""ListPackageVersionAssets"",""ListPackageVersionDependencies"",""ListPackageVersions"",""ListPackages"",""ListRepositories"",""ListRepositoriesInDomain"",""ListSubPackageGroups"",""ListTagsForResource"",""PublishPackageVersion"",""PutDomainPermissionsPolicy"",""PutPackageMetadata"",""PutPackageOriginConfiguration"",""PutRepositoryPermissionsPolicy"",""ReadFromRepository"",""TagResource"",""UntagResource"",""UpdatePackageGroup"",""UpdatePackageGroupOriginConfiguration"",""UpdatePackageVersionsStatus"",""UpdateRepository""]","arn:aws:codeartifact:${Region}:${Account}:${ResourceType}/${ResourceId}","^arn:aws:codeartifact:.+:[0-9]+:.+/.+","[""aws:RequestTag/${TagKey}"",""aws:ResourceTag/${TagKey}"",""aws:TagKeys""]","True","https://docs.aws.amazon.com/service-authorization/latest/reference/list_codeartifact.html"
"codebuild","AWS CodeBuild","[""BatchDeleteBuilds"",""BatchGetBuildBatches"",""BatchGetBuilds"",""BatchGetCommandExecutions"",""BatchGetFleets"",""BatchGetProjects"",""BatchGetReportGroups"",""BatchGetReports"",""BatchGetSandboxes"",""BatchPutCodeCoverages"",""BatchPutTestCases"",""CreateFleet"",""CreateProject"",""CreateReport"",""CreateReportGroup"",""CreateWebhook"",""DeleteBuildBatch"",""DeleteFleet"",""DeleteOAuthToken"",""DeleteProject"",""DeleteReport"",""DeleteReportGroup"",""DeleteResourcePolicy"",""DeleteSourceCredentials"",""DeleteWebhook"",""DescribeCodeCoverages"",""DescribeTestCases"",""GetReportGroupTrend"",""GetResourcePolicy"",""ImportSourceCredentials"",""InvalidateProjectCache"",""ListBuildBatches"",""ListBuildBatchesForProject"",""ListBuilds"",""ListBuildsForProject"",""ListCommandExecutionsForSandbox"",""ListConnectedOAuthAccounts"",""ListCuratedEnvironmentImages"",""ListFleets"",""ListProjects"",""ListReportGroups"",""ListReports"",""ListReportsForReportGroup"",""ListRepositories"",""ListSandboxes"",""ListSandboxesForProject"",""ListSharedProjects"",""ListSharedReportGroups"",""ListSourceCredentials"",""PersistOAuthToken"",""PutResourcePolicy"",""RetryBuild"",""RetryBuildBatch"",""StartBuild"",""StartBuildBatch"",""StartCommandExecution"",""StartSandbox"",""StartSandboxConnection"",""StopBuild"",""StopBuildBatch"",""StopSandbox"",""UpdateFleet"",""UpdateProject"",""UpdateProjectVisibility"",""UpdateReport"",""UpdateReportGroup"",""UpdateWebhook""]","arn:aws:codebuild:${Region}:${Account}:build/${BuildId}","^arn:aws:codebuild:.+:[0-9]+:.+/.+","[""aws:RequestTag/${TagKey}"",""aws:ResourceTag/${TagKey}"",""aws:TagKeys"",""codebuild:artifacts"",""codebuild:artifacts.bucketOwnerAccess"",""codebuild:artifacts.encryptionDisabled"",""codebuild:artifacts.location"",""codebuild:authType"",""codebuild:autoRetryLimit"",""codebuild:buildArn"",""codebuild:buildBatchConfig"",""codebuild:buildBatchConfig.restrictions.computeTypesAllowed"",""codebuild:buildBatchConfig.restrictions.fleetsAllowed"",""codebuild:buildBatchConfig.serviceRole"",""codebuild:buildType"",""codebuild:cache"",""codebuild:cache.location"",""codebuild:cache.modes"",""codebuild:cache.type"",""codebuild:computeConfiguration"",""codebuild:computeConfiguration.disk"",""codebuild:computeConfiguration.instanceType"",""codebuild:computeConfiguration.machineType"",""codebuild:computeConfiguration.memory"",""codebuild:computeConfiguration.vCpu"",""codebuild:computeType"",""codebuild:concurrentBuildLimit"",""codebuild:encryptionKey"",""codebuild:environment"",""codebuild:environment.certificate"",""codebuild:environment.computeConfiguration"",""codebuild:environment.computeConfiguration.disk"",""codebuild:environment.computeConfiguration.instanceType"",""codebuild:environment.computeConfiguration.machineType"",""codebuild:environment.computeConfiguration.memory"",""codebuild:environment.computeConfiguration.vCpu"",""codebuild:environment.computeType"",""codebuild:environment.environmentVariables"",""codebuild:environment.environmentVariables.name"",""codebuild:environment.environmentVariables.value"",""codebuild:environment.environmentVariables/${name}.value"",""codebuild:environment.fleet.fleetArn"",""codebuild:environment.image"",""codebuild:environment.imagePullCredentialsType"",""codebuild:environment.privilegedMode"",""codebuild:environment.registryCredential"",""codebuild:environment.registryCredential.credential"",""codebuild:environment.registryCredential.credentialProvider"",""codebuild:environment.type"",""codebuild:environmentType"",""codebuild:exportConfig.s3Destination.bucket"",""codebuild:exportConfig.s3Destination.bucketOwner"",""codebuild:exportConfig.s3Destination.encryptionDisabled"",""codebuild:exportConfig.s3Destination.encryptionKey"",""codebuild:exportConfig.s3Destination.path"",""codebuild:fileSystemLocations.identifier"",""codebuild:fileSystemLocations.location"",""codebuild:fileSystemLocations.type"",""codebuild:fileSystemLocations/${identifier}.location"",""codebuild:fileSystemLocations/${identifier}.type"",""codebuild:fleetServiceRole"",""codebuild:imageId"",""codebuild:logsConfig"",""codebuild:logsConfig.s3Logs"",""codebuild:logsConfig.s3Logs.bucketOwnerAccess"",""codebuild:logsConfig.s3Logs.encryptionDisabled"",""codebuild:logsConfig.s3Logs.location"",""codebuild:logsConfig.s3Logs.status"",""codebuild:manualCreation"",""codebuild:projectArn"",""codebuild:projectVisibility"",""codebuild:scopeConfiguration.domain"",""codebuild:scopeConfiguration.name"",""codebuild:scopeConfiguration.scope"",""codebuild:secondaryArtifacts"",""codebuild:secondaryArtifacts.artifactIdentifier"",""codebuild:secondaryArtifacts.bucketOwnerAccess"",""codebuild:secondaryArtifacts.encryptionDisabled"",""codebuild:secondaryArtifacts.location"",""codebuild:secondaryArtifacts/${artifactIdentifier}.bucketOwnerAccess"",""codebuild:secondaryArtifacts/${artifactIdentifier}.encryptionDisabled"",""codebuild:secondaryArtifacts/${artifactIdentifier}.location"",""codebuild:secondarySources"",""codebuild:secondarySources.auth.resource"",""codebuild:secondarySources.auth.type"",""codebuild:secondarySources.buildStatusConfig.context"",""codebuild:secondarySources.buildStatusConfig.targetUrl"",""codebuild:secondarySources.buildspec"",""codebuild:secondarySources.insecureSsl"",""codebuild:secondarySources.location"",""codebuild:secondarySources.sourceIdentifier"",""codebuild:secondarySources/${sourceIdentifier}.auth.resource"",""codebuild:secondarySources/${sourceIdentifier}.auth.type"",""codebuild:secondarySources/${sourceIdentifier}.buildStatusConfig.context"",""codebuild:secondarySources/${sourceIdentifier}.buildStatusConfig.targetUrl"",""codebuild:secondarySources/${sourceIdentifier}.buildspec"",""codebuild:secondarySources/${sourceIdentifier}.insecureSsl"",""codebuild:secondarySources/${sourceIdentifier}.location"",""codebuild:serverType"",""codebuild:serviceRole"",""codebuild:shouldOverwrite"",""codebuild:source"",""codebuild:source.auth.resource"",""codebuild:source.auth.type"",""codebuild:source.buildStatusConfig.context"",""codebuild:source.buildStatusConfig.targetUrl"",""codebuild:source.buildspec"",""codebuild:source.insecureSsl"",""codebuild:source.location"",""codebuild:token"",""codebuild:username"",""codebuild:vpcConfig"",""codebuild:vpcConfig.securityGroupIds"",""codebuild:vpcConfig.subnets"",""codebuild:vpcConfig.vpcId""]","True","https://docs.aws.amazon.com/service-authorization/latest/reference/list_codebuild.html"
"codecommit","AWS CodeCommit","[""AssociateApprovalRuleTemplateWithRepository"",""BatchAssociateApprovalRuleTemplateWithRepositories"",""BatchDescribeMergeConflicts"",""BatchDisassociateApprovalRuleTemplateFromRepositories"",""BatchGetCommits"",""BatchGetPullRequests"",""BatchGetRepositories"",""CancelUploadArchive"",""CreateApprovalRuleTemplate"",""CreateBranch"",""CreateCommit"",""CreatePullRequest"",""CreatePullRequestApprovalRule"",""CreateRepository"",""CreateUnreferencedMergeCommit"",""DeleteApprovalRuleTemplate"",""DeleteBranch"",""DeleteCommentContent"",""DeleteFile"",""DeletePullRequestApprovalRule"",""DeleteRepository"",""DescribeMergeConflicts"",""DescribePullRequestEvents"",""DisassociateApprovalRuleTemplateFromRepository"",""EvaluatePullRequestApprovalRules"",""GetApprovalRuleTemplate"",""GetBlob"",""GetBlobDifferences"",""GetBranch"",""GetComment"",""GetCommentReactions"",""GetCommentsForComparedCommit"",""GetCommentsForPullRequest"",""GetCommit"",""GetCommitHistory"",""GetCommitsFromMergeBase"",""GetDifferences"",""GetFile"",""GetFolder"",""GetMergeCommit"",""GetMergeConflicts"",""GetMergeOptions"",""GetObjectIdentifier"",""GetPullRequest"",""GetPullRequestApprovalStates"",""GetPullRequestOverrideState"",""GetReferences"",""GetRepository"",""GetRepositoryTriggers"",""GetTree"",""GetUploadArchiveStatus"",""GitPull"",""GitPush"",""ListApprovalRuleTemplates"",""ListAssociatedApprovalRuleTemplatesForRepository"",""ListBranches"",""ListFileCommitHistory"",""ListPullRequests"",""ListRepositories"",""ListRepositoriesForApprovalRuleTemplate"",""ListTagsForResource"",""MergeBranchesByFastForward"",""MergeBranchesBySquash"",""MergeBranchesByThreeWay"",""MergePullRequestByFastForward"",""MergePullRequestBySquash"",""MergePullRequestByThreeWay"",""OverridePullRequestApprovalRules"",""PostCommentForComparedCommit"",""PostCommentForPullRequest"",""PostCommentReply"",""PutCommentReaction"",""PutFile"",""PutRepositoryTriggers"",""TagResource"",""TestRepositoryTriggers"",""UntagResource"",""UpdateApprovalRuleTemplateContent"",""UpdateApprovalRuleTemplateDescription"",""UpdateApprovalRuleTemplateName"",""UpdateComment"",""UpdateDefaultBranch"",""UpdatePullRequestApprovalRuleContent"",""UpdatePullRequestApprovalState"",""UpdatePullRequestDescription"",""UpdatePullRequestStatus"",""UpdatePullRequestTitle"",""UpdateRepositoryDescription"",""UpdateRepositoryEncryptionKey"",""UpdateRepositoryName"",""UploadArchive""]","arn:aws:codecommit:${Region}:${Account}:${RepositoryName}","^arn:aws:codecommit:.+","[""aws:RequestTag/${TagKey}"",""aws:ResourceTag/${TagKey}"",""aws:TagKeys"",""codecommit:References""]","True","https://docs.aws.amazon.com/service-authorization/latest/reference/list_codecommit.html"
"codeconnections","AWS CodeConnections","[""CreateConnection"",""CreateHost"",""CreateRepositoryLink"",""CreateSyncConfiguration"",""DeleteConnection"",""DeleteHost"",""DeleteRepositoryLink"",""DeleteSyncConfiguration"",""GetConnection"",""GetConnectionToken"",""GetHost"",""GetIndividualAccessToken"",""GetInstallationUrl"",""GetRepositoryLink"",""GetRepositorySyncStatus"",""GetResourceSyncStatus"",""GetSyncBlockerSummary"",""GetSyncConfiguration"",""ListConnections"",""ListHosts"",""ListInstallationTargets"",""ListRepositoryLinks"",""ListRepositorySyncDefinitions"",""ListSyncConfigurations"",""ListTagsForResource"",""PassConnection"",""PassRepository"",""RegisterAppCode"",""StartAppRegistrationHandshake"",""StartOAuthHandshake"",""TagResource"",""UntagResource"",""UpdateConnectionInstallation"",""UpdateHost"",""UpdateRepositoryLink"",""UpdateSyncBlocker"",""UpdateSyncConfiguration"",""UseConnection""]","arn:aws:codeconnections:${Region}:${Account}:${ResourceType}/${ResourceId}","^arn:aws:codeconnections:.+:.+:.+","[""aws:RequestTag/${TagKey}"",""aws:ResourceTag/${TagKey}"",""aws:TagKeys"",""codeconnections:Branch"",""codeconnections:BranchName"",""codeconnections:FullRepositoryId"",""codeconnections:HostArn"",""codeconnections:InstallationId"",""codeconnections:OwnerId"",""codeconnections:PassedToService"",""codeconnections:ProviderAction"",""codeconnections:ProviderPermissionsRequired"",""codeconnections:ProviderType"",""codeconnections:ProviderTypeFilter"",""codeconnections:RepositoryName"",""codeconnections:VpcId""]","True","https://docs.aws.amazon.com/service-authorization/latest/reference/list_codeconnections.html"
"codedeploy","AWS CodeDeploy","[""AddTagsToOnPremisesInstances"",""BatchGetApplicationRevisions"",""BatchGetApplications"",""BatchGetDeploymentGroups"",""BatchGetDeploymentInstances"",""BatchGetDeploymentTargets"",""BatchGetDeployments"",""BatchGetOnPremisesInstances"",""ContinueDeployment"",""CreateApplication"",""CreateCloudFormationDeployment"",""CreateDeployment"",""CreateDeploymentConfig"",""CreateDeploymentGroup"",""DeleteApplication"",""DeleteDeploymentConfig"",""DeleteDeploymentGroup"",""DeleteGitHubAccountToken"",""DeleteResourcesByExternalId"",""DeregisterOnPremisesInstance"",""GetApplication"",""GetApplicationRevision"",""GetDeployment"",""GetDeploymentConfig"",""GetDeploymentGroup"",""GetDeploymentInstance"",""GetDeploymentTarget"",""GetOnPremisesInstance"",""ListApplicationRevisions"",""ListApplications"",""ListDeploymentConfigs"",""ListDeploymentGroups"",""ListDeploymentInstances"",""ListDeploymentTargets"",""ListDeployments"",""ListGitHubAccountTokenNames"",""ListOnPremisesInstances"",""ListTagsForResource"",""PutLifecycleEventHookExecutionStatus"",""RegisterApplicationRevision"",""RegisterOnPremisesInstance"",""RemoveTagsFromOnPremisesInstances"",""SkipWaitTimeForInstanceTermination"",""StopDeployment"",""TagResource"",""UntagResource"",""UpdateApplication"",""UpdateDeploymentGroup""]","arn:aws:codedeploy:${Region}:${Account}:${ResourceType}:${ResourceSpecifier}","^arn:aws:codedeploy:.+","[""aws:RequestTag/${TagKey}"",""aws:ResourceTag/${TagKey}"",""aws:TagKeys""]","True","https://docs.aws.amazon.com/service-authorization/latest/reference/list_codedeploy.html"
"codedeploy-commands-secure","AWS CodeDeploy secure host commands service","[""GetDeploymentSpecification"",""PollHostCommand"",""PutHostCommandAcknowledgement"",""PutHostCommandComplete""]","","","null","False","https://docs.aws.amazon.com/service-authorization/latest/reference/list_codedeploy-commands-secure.html"
"codepipeline","AWS CodePipeline","[""AcknowledgeJob"",""AcknowledgeThirdPartyJob"",""CreateCustomActionType"",""CreatePipeline"",""DeleteCustomActionType"",""DeletePipeline"",""DeleteWebhook"",""DeregisterWebhookWithThirdParty"",""DisableStageTransition"",""EnableStageTransition"",""GetActionType"",""GetJobDetails"",""GetPipeline"",""GetPipelineExecution"",""GetPipelineState"",""GetThirdPartyJobDetails"",""ListActionExecutions"",""ListActionTypes"",""ListDeployActionExecutionTargets"",""ListPipelineExecutions"",""ListPipelines"",""ListRuleExecutions"",""ListRuleTypes"",""ListTagsForResource"",""ListWebhooks"",""OverrideStageCondition"",""PollForJobs"",""PollForThirdPartyJobs"",""PutActionRevision"",""PutApprovalResult"",""PutJobFailureResult"",""PutJobSuccessResult"",""PutThirdPartyJobFailureResult"",""PutThirdPartyJobSuccessResult"",""PutWebhook"",""RegisterWebhookWithThirdParty"",""RetryStageExecution"",""RollbackStage"",""StartPipelineExecution"",""StopPipelineExecution"",""TagResource"",""UntagResource"",""UpdateActionType"",""UpdatePipeline""]","arn:aws:codepipeline:${Region}:${Account}:${PathToPipelineResource}","^arn:aws:codepipeline:.+","[""aws:RequestTag/${TagKey}"",""aws:ResourceTag/${TagKey}"",""aws:TagKeys""]","True","https://docs.aws.amazon.com/service-authorization/latest/reference/list_codepipeline.html"
"codestar","AWS CodeStar","[""AssociateTeamMember"",""CreateProject"",""CreateUserProfile"",""DeleteExtendedAccess"",""DeleteProject"",""DeleteUserProfile"",""DescribeProject"",""DescribeUserProfile"",""DisassociateTeamMember"",""GetExtendedAccess"",""ListProjects"",""ListResources"",""ListTagsForProject"",""ListTeamMembers"",""ListUserProfiles"",""PutExtendedAccess"",""TagProject"",""UntagProject"",""UpdateProject"",""UpdateTeamMember"",""UpdateUserProfile"",""VerifyServiceRole""]","arn:aws:codestar:${Region}:${Account}:project/${ResourceId}","^arn:aws:codestar:.+:[0-9]+:project/.+","[""aws:RequestTag/${TagKey}"",""aws:ResourceTag/${TagKey}"",""aws:TagKeys"",""iam:ResourceTag/${TagKey}""]","True","https://docs.aws.amazon.com/service-authorization/latest/reference/list_codestar.html"
"codestar-connections","AWS CodeStar Connections","[""CreateConnection"",""CreateHost"",""CreateRepositoryLink"",""CreateSyncConfiguration"",""DeleteConnection"",""DeleteHost"",""DeleteRepositoryLink"",""DeleteSyncConfiguration"",""GetConnection"",""GetConnectionToken"",""GetHost"",""GetIndividualAccessToken"",""GetInstallationUrl"",""GetRepositoryLink"",""GetRepositorySyncStatus"",""GetResourceSyncStatus"",""GetSyncBlockerSummary"",""GetSyncConfiguration"",""ListConnections"",""ListHosts"",""ListInstallationTargets"",""ListRepositoryLinks"",""ListRepositorySyncDefinitions"",""ListSyncConfigurations"",""ListTagsForResource"",""PassConnection"",""PassRepository"",""RegisterAppCode"",""StartAppRegistrationHandshake"",""StartOAuthHandshake"",""TagResource"",""UntagResource"",""UpdateConnectionInstallation"",""UpdateHost"",""UpdateRepositoryLink"",""UpdateSyncBlocker"",""UpdateSyncConfiguration"",""UseConnection""]","arn:aws:codestar-connections:${Region}:${Account}:${ResourceType}/${ResourceId}","^arn:aws:codestar-connections:.+:.+:.+","[""aws:RequestTag/${TagKey}"",""aws:ResourceTag/${TagKey}"",""aws:TagKeys"",""codestar-connections:Branch"",""codestar-connections:BranchName"",""codestar-connections:FullRepositoryId"",""codestar-connections:HostArn"",""codestar-connections:InstallationId"",""codestar-connections:OwnerId"",""codestar-connections:PassedToService"",""codestar-connections:ProviderAction"",""codestar-connections:ProviderPermissionsRequired"",""codestar-connections:ProviderType"",""codestar-connections:ProviderTypeFilter"",""codestar-connections:RepositoryName"",""codestar-connections:VpcId""]","True","https://docs.aws.amazon.com/service-authorization/latest/reference/list_codestar-connections.html"
"codestar-notifications","AWS CodeStar Notifications","[""CreateNotificationRule"",""DeleteNotificationRule"",""DeleteTarget"",""DescribeNotificationRule"",""ListEventTypes"",""ListNotificationRules"",""ListTagsForResource"",""ListTargets"",""Subscribe"",""TagResource"",""Unsubscribe"",""UntagResource"",""UpdateNotificationRule""]","arn:aws:codestar-notifications:${Region}:${Account}:${ResourceType}/${ResourceName}","^arn:aws:codestar-notifications:.+:.+:.+","[""aws:RequestTag/${TagKey}"",""aws:ResourceTag/${TagKey}"",""aws:TagKeys"",""codestar-notifications:NotificationsForResource""]","True","https://docs.aws.amazon.com/service-authorization/latest/reference/list_codestar-notifications.html"
"compute-optimizer","AWS Compute Optimizer","[""DeleteRecommendationPreferences"",""DescribeRecommendationExportJobs"",""ExportAutoScalingGroupRecommendations"",""ExportEBSVolumeRecommendations"",""ExportEC2InstanceRecommendations"",""ExportECSServiceRecommendations"",""ExportIdleRecommendations"",""ExportLambdaFunctionRecommendations"",""ExportLicenseRecommendations"",""ExportRDSDatabaseRecommendations"",""GetAutoScalingGroupRecommendations"",""GetEBSVolumeRecommendations"",""GetEC2InstanceRecommendations"",""GetEC2RecommendationProjectedMetrics"",""GetECSServiceRecommendationProjectedMetrics"",""GetECSServiceRecommendations"",""GetEffectiveRecommendationPreferences"",""GetEnrollmentStatus"",""GetEnrollmentStatusesForOrganization"",""GetIdleRecommendations"",""GetLambdaFunctionRecommendations"",""GetLicenseRecommendations"",""GetRDSDatabaseRecommendationProjectedMetrics"",""GetRDSDatabaseRecommendations"",""GetRecommendationPreferences"",""GetRecommendationSummaries"",""PutRecommendationPreferences"",""UpdateEnrollmentStatus""]","","","""compute-optimizer:ResourceType""","False","https://docs.aws.amazon.com/service-authorization/latest/reference/list_compute-optimizer.html"
"aco-automation","AWS Compute Optimizer Automation","[""AssociateAccounts"",""CreateAutomationRule"",""DeleteAutomationRule"",""DisassociateAccounts"",""GetAutomationEvent"",""GetAutomationRule"",""GetEnrollmentConfiguration"",""ListAccounts"",""ListAutomationEventSteps"",""ListAutomationEventSummaries"",""ListAutomationEvents"",""ListAutomationRulePreview"",""ListAutomationRulePreviewSummaries"",""ListAutomationRules"",""ListRecommendedActionSummaries"",""ListRecommendedActions"",""ListTagsForResource"",""RollbackAutomationEvent"",""StartAutomationEvent"",""TagResource"",""UntagResource"",""UpdateAutomationRule"",""UpdateEnrollmentConfiguration""]","arn:aws:compute-optimizer::${Account}:automation-rule/${RuleId}","^arn:aws:compute-optimizer:.+","[""aws:RequestTag/${TagKey}"",""aws:ResourceTag/${TagKey}"",""aws:TagKeys""]","True","https://docs.aws.amazon.com/service-authorization/latest/reference/list_compute-optimizer-automation.html"
"config","AWS Config","[""AssociateResourceTypes"",""BatchGetAggregateResourceConfig"",""BatchGetResourceConfig"",""DeleteAggregationAuthorization"",""DeleteConfigRule"",""DeleteConfigurationAggregator"",""DeleteConfigurationRecorder"",""DeleteConformancePack"",""DeleteConnector"",""DeleteDeliveryChannel"",""DeleteEvaluationResults"",""DeleteOrganizationConfigRule"",""DeleteOrganizationConformancePack"",""DeletePendingAggregationRequest"",""DeleteRemediationConfiguration"",""DeleteRemediationExceptions"",""DeleteResourceConfig"",""DeleteRetentionConfiguration"",""DeleteServiceLinkedConfigurationRecorder"",""DeleteStoredQuery"",""DeliverConfigSnapshot"",""DescribeAggregateComplianceByConfigRules"",""DescribeAggregateComplianceByConformancePacks"",""DescribeAggregationAuthorizations"",""DescribeComplianceByConfigRule"",""DescribeComplianceByResource"",""DescribeConfigRuleEvaluationStatus"",""DescribeConfigRules"",""DescribeConfigurationAggregatorSourcesStatus"",""DescribeConfigurationAggregators"",""DescribeConfigurationRecorderStatus"",""DescribeConfigurationRecorders"",""DescribeConformancePackCompliance"",""DescribeConformancePackStatus"",""DescribeConformancePacks"",""DescribeDeliveryChannelStatus"",""DescribeDeliveryChannels"",""DescribeOrganizationConfigRuleStatuses"",""DescribeOrganizationConfigRules"",""DescribeOrganizationConformancePackStatuses"",""DescribeOrganizationConformancePacks"",""DescribePendingAggregationRequests"",""DescribeRemediationConfigurations"",""DescribeRemediationExceptions"",""DescribeRemediationExecutionStatus"",""DescribeRetentionConfigurations"",""DisassociateResourceTypes"",""GetAggregateComplianceDetailsByConfigRule"",""GetAggregateConfigRuleComplianceSummary"",""GetAggregateConformancePackComplianceSummary"",""GetAggregateDiscoveredResourceCounts"",""GetAggregateResourceConfig"",""GetComplianceDetailsByConfigRule"",""GetComplianceDetailsByResource"",""GetComplianceSummaryByConfigRule"",""GetComplianceSummaryByResourceType"",""GetConformancePackComplianceDetails"",""GetConformancePackComplianceSummary"",""GetConnector"",""GetCustomRulePolicy"",""GetDiscoveredResourceCounts"",""GetOrganizationConfigRuleDetailedStatus"",""GetOrganizationConformancePackDetailedStatus"",""GetOrganizationCustomRulePolicy"",""GetResourceConfigHistory"",""GetResourceEvaluationSummary"",""GetStoredQuery"",""ListAggregateDiscoveredResources"",""ListConfigurationRecorders"",""ListConformancePackComplianceScores"",""ListConnectors"",""ListDiscoveredResources"",""ListResourceEvaluations"",""ListStoredQueries"",""ListTagsForResource"",""PutAggregationAuthorization"",""PutConfigRule"",""PutConfigurationAggregator"",""PutConfigurationRecorder"",""PutConformancePack"",""PutConnector"",""PutDeliveryChannel"",""PutEvaluations"",""PutExternalEvaluation"",""PutOrganizationConfigRule"",""PutOrganizationConformancePack"",""PutRemediationConfigurations"",""PutRemediationExceptions"",""PutResourceConfig"",""PutRetentionConfiguration"",""PutServiceLinkedConfigurationRecorder"",""PutStoredQuery"",""PutThirdPartyServiceLinkedConfigurationRecorder"",""SelectAggregateResourceConfig"",""SelectResourceConfig"",""StartConfigRulesEvaluation"",""StartConfigurationRecorder"",""StartRemediationExecution"",""StartResourceEvaluation"",""StopConfigurationRecorder"",""TagResource"",""UntagResource""]","arn:aws:config:${Region}:${Account}:${ResourceType}/${ResourceId}","^arn:aws:config:.+","[""aws:RequestTag/${TagKey}"",""aws:ResourceTag/${TagKey}"",""aws:TagKeys"",""config:ConfigurationRecorderServicePrincipal""]","True","https://docs.aws.amazon.com/service-authorization/latest/reference/list_config.html"
"awsconnector","AWS Connector Service","[""GetConnectorHealth"",""RegisterConnector"",""ValidateConnectorId""]","arn:aws:<serviceName>:<region>:<account-id>:<resource-type>/<resource_name>","^arn:aws:<serviceName>:.+:.+:.+","null","False","https://docs.aws.amazon.com/service-authorization/latest/reference/list_awsconnector.html"
"consoleapp","AWS Console Mobile App","[""GetDeviceIdentity"",""ListDeviceIdentities""]","arn:aws:consoleapp:${Region}:${Account}:${ResourceType}","^arn:aws:consoleapp:.+:.+:.+","null","True","https://docs.aws.amazon.com/service-authorization/latest/reference/list_consoleapp.html"
"consolidatedbilling","AWS Consolidated Billing","[""GetAccountBillingRole"",""ListLinkedAccounts""]","arn:${Partition}:consolidatedbilling::${Account}:${ResourceType}/${ResourceId}","^arn:${Partition}:consolidatedbilling::.+:.+","null","False","https://docs.aws.amazon.com/service-authorization/latest/reference/list_consolidatedbilling.html"
"controlcatalog","AWS Control Catalog","[""GetControl"",""ListCommonControls"",""ListControlMappings"",""ListControls"",""ListDomains"",""ListObjectives""]","arn:aws:controlcatalog:::${ResourceType}/${ResourcePath}","^arn:aws:controlcatalog:::.+","null","True","https://docs.aws.amazon.com/service-authorization/latest/reference/list_controlcatalog.html"
"controltower","AWS Control Tower","[""CreateLandingZone"",""CreateManagedAccount"",""DeleteLandingZone"",""DeregisterManagedAccount"",""DeregisterOrganizationalUnit"",""DescribeAccountFactoryConfig"",""DescribeCoreService"",""DescribeGuardrail"",""DescribeGuardrailForTarget"",""DescribeLandingZoneConfiguration"",""DescribeManagedAccount"",""DescribeManagedOrganizationalUnit"",""DescribeRegisterOrganizationalUnitOperation"",""DescribeSingleSignOn"",""DisableBaseline"",""DisableControl"",""DisableGuardrail"",""EnableBaseline"",""EnableControl"",""EnableGuardrail"",""GetAccountInfo"",""GetAvailableUpdates"",""GetBaseline"",""GetBaselineOperation"",""GetControlOperation"",""GetEnabledBaseline"",""GetEnabledControl"",""GetGuardrailComplianceStatus"",""GetHomeRegion"",""GetLandingZone"",""GetLandingZoneDriftStatus"",""GetLandingZoneOperation"",""GetLandingZoneStatus"",""ListBaselines"",""ListControlOperations"",""ListDirectoryGroups"",""ListDriftDetails"",""ListEnabledBaselines"",""ListEnabledControls"",""ListEnabledGuardrails"",""ListExtendGovernancePrecheckDetails"",""ListExternalConfigRuleCompliance"",""ListGuardrailViolations"",""ListGuardrails"",""ListGuardrailsForTarget"",""ListLandingZoneOperations"",""ListLandingZones"",""ListManagedAccounts"",""ListManagedAccountsForGuardrail"",""ListManagedAccountsForParent"",""ListManagedOrganizationalUnits"",""ListManagedOrganizationalUnitsForGuardrail"",""ListTagsForResource"",""ManageOrganizationalUnit"",""PerformPreLaunchChecks"",""ResetEnabledBaseline"",""ResetEnabledControl"",""ResetLandingZone"",""SetupLandingZone"",""TagResource"",""UntagResource"",""UpdateAccountFactoryConfig"",""UpdateEnabledBaseline"",""UpdateEnabledControl"",""UpdateLandingZone""]","arn:aws:controltower:${Region}:${Account}:${ResourceType}/${ResourceName}","^arn:aws:controltower:.+:.+:.+","[""aws:RequestTag/${TagKey}"",""aws:ResourceTag/${TagKey}"",""aws:TagKeys""]","True","https://docs.aws.amazon.com/service-authorization/latest/reference/list_controltower.html"
"cur","AWS Cost and Usage Report","[""DeleteReportDefinition"",""DescribeReportDefinitions"",""GetClassicReport"",""GetClassicReportPreferences"",""GetUsageReport"",""ListTagsForResource"",""ModifyReportDefinition"",""PutClassicReportPreferences"",""PutReportDefinition"",""TagResource"",""UntagResource"",""ValidateReportDestination""]","arn:aws:cur:${Region}:${Account}:definition/${ResourceName}","^arn:aws:cur:.+:.+:.+","[""aws:RequestTag/${TagKey}"",""aws:ResourceTag/${TagKey}"",""aws:TagKeys""]","True","https://docs.aws.amazon.com/service-authorization/latest/reference/list_cur.html"
"ce","AWS Cost Explorer Service","[""CreateAnomalyMonitor"",""CreateAnomalySubscription"",""CreateCostCategoryDefinition"",""CreateNotificationSubscription"",""CreateReport"",""DeleteAnomalyMonitor"",""DeleteAnomalySubscription"",""DeleteCostCategoryDefinition"",""DeleteNotificationSubscription"",""DeleteReport"",""DescribeCostCategoryDefinition"",""DescribeNotificationSubscription"",""DescribeReport"",""GetAnomalies"",""GetAnomalyMonitors"",""GetAnomalySubscriptions"",""GetApproximateUsageRecords"",""GetCommitmentPurchaseAnalysis"",""GetConsoleActionSetEnforced"",""GetCostAndUsage"",""GetCostAndUsageComparisons"",""GetCostAndUsageWithResources"",""GetCostCategories"",""GetCostComparisonDrivers"",""GetCostForecast"",""GetDimensionValues"",""GetPreferences"",""GetReservationCoverage"",""GetReservationPurchaseRecommendation"",""GetReservationUtilization"",""GetRightsizingRecommendation"",""GetSavingsPlanPurchaseRecommendationDetails"",""GetSavingsPlansCoverage"",""GetSavingsPlansPurchaseRecommendation"",""GetSavingsPlansUtilization"",""GetSavingsPlansUtilizationDetails"",""GetTags"",""GetUsageForecast"",""ListCommitmentPurchaseAnalyses"",""ListCostAllocationTagBackfillHistory"",""ListCostAllocationTags"",""ListCostCategoryDefinitions"",""ListCostCategoryResourceAssociations"",""ListSavingsPlansPurchaseRecommendationGeneration"",""ListTagsForResource"",""ProvideAnomalyFeedback"",""StartCommitmentPurchaseAnalysis"",""StartCostAllocationTagBackfill"",""StartSavingsPlansPurchaseRecommendationGeneration"",""TagResource"",""UntagResource"",""UpdateAnomalyMonitor"",""UpdateAnomalySubscription"",""UpdateConsoleActionSetEnforced"",""UpdateCostAllocationTagsStatus"",""UpdateCostCategoryDefinition"",""UpdateNotificationSubscription"",""UpdatePreferences"",""UpdateReport""]","arn:aws:ce::${Account}:${ResourceType}/${ResourceName}","^arn:aws:ce::.+:.+","[""aws:RequestTag/${TagKey}"",""aws:ResourceTag/${TagKey}"",""aws:TagKeys""]","True","https://docs.aws.amazon.com/service-authorization/latest/reference/list_ce.html"
"cost-optimization-hub","AWS Cost Optimization Hub","[""GetPreferences"",""GetRecommendation"",""ListEfficiencyMetrics"",""ListEnrollmentStatuses"",""ListRecommendationSummaries"",""ListRecommendations"",""UpdateEnrollmentStatus"",""UpdatePreferences""]","","","null","False","https://docs.aws.amazon.com/service-authorization/latest/reference/list_cost-optimization-hub.html"
"customer-verification","AWS Customer Verification Service","[""CreateCustomerVerificationDetails"",""CreateUploadUrls"",""GetCustomerVerificationDetails"",""GetCustomerVerificationEligibility"",""GetInheritanceConfig"",""PutInheritanceConfig"",""UpdateCustomerVerificationDetails""]","","","null","False","https://docs.aws.amazon.com/service-authorization/latest/reference/list_customer-verification.html"
"dataexchange","AWS Data Exchange","[""AcceptDataGrant"",""CancelJob"",""CreateAsset"",""CreateDataGrant"",""CreateDataSet"",""CreateEventAction"",""CreateJob"",""CreateRevision"",""DeleteAsset"",""DeleteDataGrant"",""DeleteDataSet"",""DeleteEventAction"",""DeleteRevision"",""GetAsset"",""GetDataGrant"",""GetDataSet"",""GetEventAction"",""GetJob"",""GetReceivedDataGrant"",""GetRevision"",""ListDataGrants"",""ListDataSetRevisions"",""ListDataSets"",""ListEventActions"",""ListJobs"",""ListReceivedDataGrants"",""ListRevisionAssets"",""ListTagsForResource"",""PublishDataSet"",""PublishToDataGrant"",""RevokeRevision"",""SendApiAsset"",""SendDataSetNotification"",""StartJob"",""TagResource"",""UntagResource"",""UpdateAsset"",""UpdateDataSet"",""UpdateEventAction"",""UpdateRevision""]","arn:aws:dataexchange:${Region}:${Account}:${ResourceType}/${ResourceId}","^arn:aws:dataexchange:.+","[""aws:RequestTag/${TagKey}"",""aws:ResourceTag/${TagKey}"",""aws:TagKeys"",""dataexchange:JobType""]","True","https://docs.aws.amazon.com/service-authorization/latest/reference/list_dataexchange.html"
"datapipeline","AWS Data Pipeline","[""ActivatePipeline"",""AddTags"",""CreatePipeline"",""DeactivatePipeline"",""DeletePipeline"",""DescribeObjects"",""DescribePipelines"",""EvaluateExpression"",""GetAccountLimits"",""GetPipelineDefinition"",""ListPipelines"",""PollForTask"",""PutAccountLimits"",""PutPipelineDefinition"",""QueryObjects"",""RemoveTags"",""ReportTaskProgress"",""ReportTaskRunnerHeartbeat"",""SetStatus"",""SetTaskStatus"",""ValidatePipelineDefinition""]","arn:aws:datapipeline:${Region}:${Account}:${ResourceType}/${ResourcePath}","^arn:aws:datapipeline:.+:.+","[""aws:RequestTag/${TagKey}"",""aws:ResourceTag/${TagKey}"",""aws:TagKeys"",""datapipeline:PipelineCreator"",""datapipeline:Tag/${TagKey}"",""datapipeline:workerGroup""]","True","https://docs.aws.amazon.com/service-authorization/latest/reference/list_datapipeline.html"
"dms","AWS Database Migration Service","[""AddTagsToResource"",""ApplyPendingMaintenanceAction"",""AssociateExtensionPack"",""BatchStartRecommendations"",""CancelMetadataModelConversion"",""CancelMetadataModelCreation"",""CancelReplicationTaskAssessmentRun"",""CreateDataMigration"",""CreateDataProvider"",""CreateEndpoint"",""CreateEventSubscription"",""CreateFleetAdvisorCollector"",""CreateInstanceProfile"",""CreateMigrationProject"",""CreateOutboundIntegration"",""CreateReplicationConfig"",""CreateReplicationInstance"",""CreateReplicationSubnetGroup"",""CreateReplicationTask"",""DeleteCertificate"",""DeleteConnection"",""DeleteDataMigration"",""DeleteDataProvider"",""DeleteEndpoint"",""DeleteEventSubscription"",""DeleteFleetAdvisorCollector"",""DeleteFleetAdvisorDatabases"",""DeleteInstanceProfile"",""DeleteMigrationProject"",""DeleteReplicationConfig"",""DeleteReplicationInstance"",""DeleteReplicationSubnetGroup"",""DeleteReplicationTask"",""DeleteReplicationTaskAssessmentRun"",""DescribeAccountAttributes"",""DescribeApplicableIndividualAssessments"",""DescribeCertificates"",""DescribeConnections"",""DescribeConversionConfiguration"",""DescribeDataMigrations"",""DescribeEndpointSettings"",""DescribeEndpointTypes"",""DescribeEndpoints"",""DescribeEngineVersions"",""DescribeEventCategories"",""DescribeEventSubscriptions"",""DescribeEvents"",""DescribeFleetAdvisorCollectors"",""DescribeFleetAdvisorDatabases"",""DescribeFleetAdvisorLsaAnalysis"",""DescribeFleetAdvisorSchemaObjectSummary"",""DescribeFleetAdvisorSchemas"",""DescribeMetadataModel"",""DescribeMetadataModelChildren"",""DescribeMetadataModelCreations"",""DescribeMetadataModelImports"",""DescribeOrderableReplicationInstances"",""DescribePendingMaintenanceActions"",""DescribeRecommendationLimitations"",""DescribeRecommendations"",""DescribeRefreshSchemasStatus"",""DescribeReplicationConfigs"",""DescribeReplicationInstanceTaskLogs"",""DescribeReplicationInstances"",""DescribeReplicationSubnetGroups"",""DescribeReplicationTableStatistics"",""DescribeReplicationTaskAssessmentResults"",""DescribeReplicationTaskAssessmentRuns"",""DescribeReplicationTaskIndividualAssessments"",""DescribeReplicationTasks"",""DescribeReplications"",""DescribeSchemas"",""DescribeTableStatistics"",""ExportMetadataModelAssessment"",""GetMetadataModel"",""GetTargetSelectionRules"",""ImportCertificate"",""ListDataProviders"",""ListExtensionPacks"",""ListInstanceProfiles"",""ListMetadataModelAssessmentActionItems"",""ListMetadataModelAssessments"",""ListMetadataModelConversions"",""ListMetadataModelExports"",""ListMigrationProjects"",""ListTagsForResource"",""ModifyDataMigration"",""ModifyEndpoint"",""ModifyEventSubscription"",""ModifyFleetAdvisorCollector"",""ModifyFleetAdvisorCollectorStatuses"",""ModifyOutboundIntegration"",""ModifyReplicationConfig"",""ModifyReplicationInstance"",""ModifyReplicationSubnetGroup"",""ModifyReplicationTask"",""MoveReplicationTask"",""RebootReplicationInstance"",""RefreshSchemas"",""ReloadReplicationTables"",""ReloadTables"",""RemoveTagsFromResource"",""RunFleetAdvisorLsaAnalysis"",""StartDataMigration"",""StartMetadataModelAssessment"",""StartMetadataModelConversion"",""StartMetadataModelCreation"",""StartMetadataModelExportAsScripts"",""StartMetadataModelExportToTarget"",""StartMetadataModelImport"",""StartRecommendations"",""StartReplication"",""StartReplicationTask"",""StartReplicationTaskAssessment"",""StartReplicationTaskAssessmentRun"",""StopDataMigration"",""StopReplication"",""StopReplicationTask"",""TestConnection"",""UpdateConversionConfiguration"",""UpdateDataProvider"",""UpdateInstanceProfile"",""UpdateMigrationProject"",""UpdateSubscriptionsToEventBridge"",""UploadFileMetadataList""]","arn:aws:dms:${Region}:${Account}:${Resource}","^arn:aws:dms:.+","[""aws:RequestTag/${TagKey}"",""aws:ResourceTag/${TagKey}"",""aws:TagKeys"",""dms:assessment-run-tag/${TagKey}"",""dms:cert-tag/${TagKey}"",""dms:data-migration-tag/${TagKey}"",""dms:data-provider-tag/${TagKey}"",""dms:endpoint-tag/${TagKey}"",""dms:es-tag/${TagKey}"",""dms:individual-assessment-tag/${TagKey}"",""dms:instance-profile-tag/${TagKey}"",""dms:migration-project-tag/${TagKey}"",""dms:rep-tag/${TagKey}"",""dms:replication-config-tag/${TagKey}"",""dms:req-tag/${TagKey}"",""dms:subgrp-tag/${TagKey}"",""dms:task-tag/${TagKey}""]","True","https://docs.aws.amazon.com/service-authorization/latest/reference/list_dms.html"
"datasync","AWS DataSync","[""AddStorageSystem"",""CancelTaskExecution"",""CreateAgent"",""CreateLocationAzureBlob"",""CreateLocationEfs"",""CreateLocationFsxLustre"",""CreateLocationFsxOntap"",""CreateLocationFsxOpenZfs"",""CreateLocationFsxWindows"",""CreateLocationHdfs"",""CreateLocationNfs"",""CreateLocationObjectStorage"",""CreateLocationS3"",""CreateLocationSmb"",""CreateTask"",""DeleteAgent"",""DeleteLocation"",""DeleteTask"",""DescribeAgent"",""DescribeDiscoveryJob"",""DescribeLocationAzureBlob"",""DescribeLocationEfs"",""DescribeLocationFsxLustre"",""DescribeLocationFsxOntap"",""DescribeLocationFsxOpenZfs"",""DescribeLocationFsxWindows"",""DescribeLocationHdfs"",""DescribeLocationNfs"",""DescribeLocationObjectStorage"",""DescribeLocationS3"",""DescribeLocationSmb"",""DescribeStorageSystem"",""DescribeStorageSystemResourceMetrics"",""DescribeStorageSystemResources"",""DescribeTask"",""DescribeTaskExecution"",""GenerateRecommendations"",""ListAgents"",""ListDiscoveryJobs"",""ListLocations"",""ListStorageSystems"",""ListTagsForResource"",""ListTaskExecutions"",""ListTasks"",""RemoveStorageSystem"",""StartDiscoveryJob"",""StartTaskExecution"",""StopDiscoveryJob"",""TagResource"",""UntagResource"",""UpdateAgent"",""UpdateDiscoveryJob"",""UpdateLocationAzureBlob"",""UpdateLocationEfs"",""UpdateLocationFsxLustre"",""UpdateLocationFsxOntap"",""UpdateLocationFsxOpenZfs"",""UpdateLocationFsxWindows"",""UpdateLocationHdfs"",""UpdateLocationNfs"",""UpdateLocationObjectStorage"",""UpdateLocationS3"",""UpdateLocationSmb"",""UpdateStorageSystem"",""UpdateTask"",""UpdateTaskExecution""]","arn:aws:datasync:${Region}:${Account}:${ResourceType}/${ResourceName}","^arn:aws:datasync:.+","[""aws:RequestTag/${TagKey}"",""aws:ResourceTag/${TagKey}"",""aws:TagKeys""]","True","https://docs.aws.amazon.com/service-authorization/latest/reference/list_datasync.html"
"deadline","AWS Deadline Cloud","[""AssociateMemberToFarm"",""AssociateMemberToFleet"",""AssociateMemberToJob"",""AssociateMemberToQueue"",""AssumeFleetRoleForRead"",""AssumeFleetRoleForWorker"",""AssumeQueueRoleForRead"",""AssumeQueueRoleForUser"",""AssumeQueueRoleForWorker"",""BatchGetJobEntity"",""CopyJobTemplate"",""CreateBudget"",""CreateFarm"",""CreateFleet"",""CreateJob"",""CreateLicenseEndpoint"",""CreateLimit"",""CreateMonitor"",""CreateQueue"",""CreateQueueEnvironment"",""CreateQueueFleetAssociation"",""CreateQueueLimitAssociation"",""CreateStorageProfile"",""CreateWorker"",""DeleteBudget"",""DeleteFarm"",""DeleteFleet"",""DeleteLicenseEndpoint"",""DeleteLimit"",""DeleteMeteredProduct"",""DeleteMonitor"",""DeleteQueue"",""DeleteQueueEnvironment"",""DeleteQueueFleetAssociation"",""DeleteQueueLimitAssociation"",""DeleteStorageProfile"",""DeleteVolume"",""DeleteWorker"",""DisassociateMemberFromFarm"",""DisassociateMemberFromFleet"",""DisassociateMemberFromJob"",""DisassociateMemberFromQueue"",""GetApplicationVersion"",""GetBudget"",""GetFarm"",""GetFleet"",""GetJob"",""GetJobTemplate"",""GetLicenseEndpoint"",""GetLimit"",""GetMonitor"",""GetMonitorSettings"",""GetQueue"",""GetQueueEnvironment"",""GetQueueFleetAssociation"",""GetQueueLimitAssociation"",""GetSession"",""GetSessionAction"",""GetSessionsStatisticsAggregation"",""GetStep"",""GetStorageProfile"",""GetStorageProfileForQueue"",""GetTask"",""GetVolume"",""GetWorker"",""ListAvailableMeteredProducts"",""ListBudgets"",""ListFarmMembers"",""ListFarms"",""ListFleetMembers"",""ListFleets"",""ListJobMembers"",""ListJobParameterDefinitions"",""ListJobs"",""ListLicenseEndpoints"",""ListLimits"",""ListMeteredProducts"",""ListMonitors"",""ListQueueEnvironments"",""ListQueueFleetAssociations"",""ListQueueLimitAssociations"",""ListQueueMembers"",""ListQueues"",""ListSessionActions"",""ListSessions"",""ListSessionsForWorker"",""ListStepConsumers"",""ListStepDependencies"",""ListSteps"",""ListStorageProfiles"",""ListStorageProfilesForQueue"",""ListTagsForResource"",""ListTasks"",""ListVolumes"",""ListWorkers"",""PutMeteredProduct"",""SearchJobs"",""SearchSteps"",""SearchTasks"",""SearchWorkers"",""StartSessionsStatisticsAggregation"",""TagResource"",""UntagResource"",""UpdateBudget"",""UpdateFarm"",""UpdateFleet"",""UpdateJob"",""UpdateLimit"",""UpdateMonitor"",""UpdateMonitorSettings"",""UpdateQueue"",""UpdateQueueEnvironment"",""UpdateQueueFleetAssociation"",""UpdateQueueLimitAssociation"",""UpdateSession"",""UpdateStep"",""UpdateStorageProfile"",""UpdateTask"",""UpdateWorker"",""UpdateWorkerSchedule""]","arn:aws:deadline:${Region}:${Account}:${ResourceType}/${ResourcePath}","^arn:aws:deadline:.+:.+:.+","[""aws:RequestTag/${TagKey}"",""aws:ResourceTag/${TagKey}"",""aws:TagKeys"",""deadline:AssociatedMembershipLevel"",""deadline:CalledAction"",""deadline:FarmMembershipLevels"",""deadline:FleetMembershipLevels"",""deadline:JobMembershipLevels"",""deadline:MembershipLevel"",""deadline:PrincipalId"",""deadline:QueueMembershipLevels"",""deadline:RequesterPrincipalId""]","True","https://docs.aws.amazon.com/service-authorization/latest/reference/list_deadline.html"
"devicefarm","AWS Device Farm","[""CreateDevicePool"",""CreateInstanceProfile"",""CreateNetworkProfile"",""CreateProject"",""CreateRemoteAccessSession"",""CreateTestGridProject"",""CreateTestGridUrl"",""CreateUpload"",""CreateVPCEConfiguration"",""DeleteDevicePool"",""DeleteInstanceProfile"",""DeleteNetworkProfile"",""DeleteProject"",""DeleteRemoteAccessSession"",""DeleteRun"",""DeleteTestGridProject"",""DeleteUpload"",""DeleteVPCEConfiguration"",""GetAccountSettings"",""GetDevice"",""GetDeviceInstance"",""GetDevicePool"",""GetDevicePoolCompatibility"",""GetInstanceProfile"",""GetJob"",""GetNetworkProfile"",""GetOfferingStatus"",""GetProject"",""GetRemoteAccessSession"",""GetRun"",""GetSuite"",""GetTest"",""GetTestGridProject"",""GetTestGridSession"",""GetUpload"",""GetVPCEConfiguration"",""InstallToRemoteAccessSession"",""ListArtifacts"",""ListDeviceInstances"",""ListDevicePools"",""ListDevices"",""ListInstanceProfiles"",""ListJobs"",""ListNetworkProfiles"",""ListOfferingPromotions"",""ListOfferingTransactions"",""ListOfferings"",""ListProjects"",""ListRemoteAccessSessions"",""ListRuns"",""ListSamples"",""ListSuites"",""ListTagsForResource"",""ListTestGridProjects"",""ListTestGridSessionActions"",""ListTestGridSessionArtifacts"",""ListTestGridSessions"",""ListTests"",""ListUniqueProblems"",""ListUploads"",""ListVPCEConfigurations"",""PurchaseOffering"",""RenewOffering"",""ScheduleRun"",""StopJob"",""StopRemoteAccessSession"",""StopRun"",""TagResource"",""UntagResource"",""UpdateDeviceInstance"",""UpdateDevicePool"",""UpdateInstanceProfile"",""UpdateNetworkProfile"",""UpdateProject"",""UpdateTestGridProject"",""UpdateUpload"",""UpdateVPCEConfiguration""]","arn:aws:devicefarm:${Region}:${Account}:${ResourceType}:${ResourceId}","^arn:aws:devicefarm:.+","[""aws:RequestTag/${TagKey}"",""aws:ResourceTag/${TagKey}"",""aws:TagKeys""]","True","https://docs.aws.amazon.com/service-authorization/latest/reference/list_devicefarm.html"
"aidevops","AWS DevOps Agent Service","[""AllowVendedLogDeliveryForResource"",""AssociateService"",""CreateAccessToken"",""CreateAgentSpace"",""CreateAsset"",""CreateAssetFile"",""CreateBacklogTask"",""CreateChat"",""CreateKnowledgeItem"",""CreateOneTimeLoginSession"",""CreatePrivateConnection"",""CreateTrigger"",""DeleteAgentSpace"",""DeleteAsset"",""DeleteAssetFile"",""DeleteKnowledgeItem"",""DeletePrivateConnection"",""DeleteTrigger"",""DeregisterService"",""DescribePrivateConnection"",""DescribeServices"",""DescribeSupportLevel"",""DisableOperatorApp"",""DisassociateService"",""DiscoverTopology"",""EnableOperatorApp"",""EndChatForCase"",""GetAccessToken"",""GetAccountUsage"",""GetAgentSpace"",""GetAsset"",""GetAssetContent"",""GetAssetFile"",""GetAssociation"",""GetBacklogTask"",""GetKnowledgeItem"",""GetOperatorApp"",""GetRecommendation"",""GetService"",""GetTrigger"",""InitiateChatForCase"",""ListAccessTokens"",""ListAgentSpaces"",""ListAssetFiles"",""ListAssetTypes"",""ListAssetVersions"",""ListAssets"",""ListAssociations"",""ListBacklogTasks"",""ListChats"",""ListExecutions"",""ListGoals"",""ListJournalRecords"",""ListKnowledgeItemVersions"",""ListKnowledgeItems"",""ListPendingMessages"",""ListPrivateConnections"",""ListRecommendations"",""ListServices"",""ListTagsForResource"",""ListTriggers"",""ListWebhooks"",""RegisterService"",""RevokeAccessToken"",""RotateAccessToken"",""SearchServiceAccessibleResource"",""SendMessage"",""TagResource"",""UntagResource"",""UpdateAgentSpace"",""UpdateApprovalAction"",""UpdateAsset"",""UpdateAssetFile"",""UpdateAssociation"",""UpdateBacklogTask"",""UpdateGoal"",""UpdateKnowledgeItem"",""UpdateOperatorAppIdpConfig"",""UpdatePrivateConnectionCertificate"",""UpdateRecommendation"",""UpdateTrigger"",""ValidateAwsAssociations""]","arn:aws:aidevops:${Region}:${Account}:${ResourceType}/${ResourcePath}","^arn:aws:aidevops:.+:.+:.+","[""aidevops:SourceAgentSpaceArn"",""aidevops:TargetAgentSpaceArn"",""aws:RequestTag/${TagKey}"",""aws:ResourceTag/${TagKey}"",""aws:TagKeys""]","True","https://docs.aws.amazon.com/service-authorization/latest/reference/list_devops-agent.html"
"ts","AWS Diagnostic tools","[""GetExecution"",""GetExecutionOutput"",""GetTool"",""ListExecutions"",""ListTagsForResource"",""ListTools"",""StartExecution"",""TagResource"",""UntagResource""]","arn:aws:ts::${Account}:execution/${UserId}/${ToolId}/${ExecutionId}","^arn:aws:ts:.+","[""aws:RequestTag/${TagKey}"",""aws:ResourceTag/${TagKey}"",""aws:TagKeys""]","True","https://docs.aws.amazon.com/service-authorization/latest/reference/list_ts.html"
"directconnect","AWS Direct Connect","[""AcceptDirectConnectGatewayAssociationProposal"",""AllocateConnectionOnInterconnect"",""AllocateHostedConnection"",""AllocatePrivateVirtualInterface"",""AllocatePublicVirtualInterface"",""AllocateTransitVirtualInterface"",""AssociateConnectionWithLag"",""AssociateConnectionsToResiliencyGroup"",""AssociateHostedConnection"",""AssociateMacSecKey"",""AssociateVirtualInterface"",""ConfirmConnection"",""ConfirmCustomerAgreement"",""ConfirmPrivateVirtualInterface"",""ConfirmPublicVirtualInterface"",""ConfirmTransitVirtualInterface"",""CreateBGPPeer"",""CreateConnection"",""CreateDirectConnectGateway"",""CreateDirectConnectGatewayAssociation"",""CreateDirectConnectGatewayAssociationProposal"",""CreateInterconnect"",""CreateLag"",""CreatePrivateVirtualInterface"",""CreatePublicVirtualInterface"",""CreateResiliencyGroup"",""CreateTransitVirtualInterface"",""DeleteBGPPeer"",""DeleteConnection"",""DeleteDirectConnectGateway"",""DeleteDirectConnectGatewayAssociation"",""DeleteDirectConnectGatewayAssociationProposal"",""DeleteInterconnect"",""DeleteLag"",""DeleteResiliencyGroup"",""DeleteVirtualInterface"",""DescribeConnectionLoa"",""DescribeConnections"",""DescribeConnectionsOnInterconnect"",""DescribeCustomerMetadata"",""DescribeDirectConnectGatewayAssociationProposals"",""DescribeDirectConnectGatewayAssociations"",""DescribeDirectConnectGatewayAttachments"",""DescribeDirectConnectGateways"",""DescribeHostedConnections"",""DescribeInterconnectLoa"",""DescribeInterconnects"",""DescribeLags"",""DescribeLoa"",""DescribeLocations"",""DescribeRouterConfiguration"",""DescribeTags"",""DescribeVirtualGateways"",""DescribeVirtualInterfaces"",""DisassociateConnectionFromLag"",""DisassociateConnectionsFromResiliencyGroup"",""DisassociateMacSecKey"",""GetResiliencyGroup"",""ListResiliencyGroupAssociations"",""ListResiliencyGroups"",""ListVirtualInterfaceRoutes"",""ListVirtualInterfaceTestHistory"",""StartBgpFailoverTest"",""StopBgpFailoverTest"",""TagResource"",""UntagResource"",""UpdateConnection"",""UpdateConnectionsBillingMode"",""UpdateDirectConnectGateway"",""UpdateDirectConnectGatewayAssociation"",""UpdateLag"",""UpdateResiliencyGroup"",""UpdateVirtualInterfaceAttributes""]","arn:aws:directconnect:${Region}:${Account}:${ResourceType}/${ResourceId}","^arn:aws:directconnect:.+","[""aws:RequestTag/${TagKey}"",""aws:ResourceTag/${TagKey}"",""aws:TagKeys""]","True","https://docs.aws.amazon.com/service-authorization/latest/reference/list_directconnect.html"
"ds","AWS Directory Service","[""AcceptSharedDirectory"",""AccessDSData"",""AddIpRoutes"",""AddRegion"",""AddTagsToResource"",""AuthorizeApplication"",""CancelSchemaExtension"",""CheckAlias"",""ConnectDirectory"",""CreateAlias"",""CreateComputer"",""CreateConditionalForwarder"",""CreateDirectory"",""CreateHybridAD"",""CreateIdentityPoolDirectory"",""CreateLogSubscription"",""CreateMicrosoftAD"",""CreateSnapshot"",""CreateTrust"",""DeleteADAssessment"",""DeleteConditionalForwarder"",""DeleteDirectory"",""DeleteLogSubscription"",""DeleteSnapshot"",""DeleteTrust"",""DeregisterCertificate"",""DeregisterEventTopic"",""DescribeADAssessment"",""DescribeCAEnrollmentPolicy"",""DescribeCertificate"",""DescribeClientAuthenticationSettings"",""DescribeConditionalForwarders"",""DescribeDirectories"",""DescribeDirectoryDataAccess"",""DescribeDomainControllers"",""DescribeEventTopics"",""DescribeHybridADUpdate"",""DescribeLDAPSSettings"",""DescribeRegions"",""DescribeSettings"",""DescribeSharedDirectories"",""DescribeSnapshots"",""DescribeTrusts"",""DescribeUpdateDirectory"",""DisableCAEnrollmentPolicy"",""DisableClientAuthentication"",""DisableDirectoryDataAccess"",""DisableLDAPS"",""DisableRadius"",""DisableRoleAccess"",""DisableSso"",""EnableCAEnrollmentPolicy"",""EnableClientAuthentication"",""EnableDirectoryDataAccess"",""EnableLDAPS"",""EnableRadius"",""EnableRoleAccess"",""EnableSso"",""GetAuthorizedApplicationDetails"",""GetDirectoryLimits"",""GetSnapshotLimits"",""ListADAssessments"",""ListAuthorizedApplications"",""ListCertificates"",""ListIpRoutes"",""ListLogSubscriptions"",""ListSchemaExtensions"",""ListTagsForResource"",""RegisterCertificate"",""RegisterEventTopic"",""RejectSharedDirectory"",""RemoveIpRoutes"",""RemoveRegion"",""RemoveTagsFromResource"",""ResetUserPassword"",""RestoreFromSnapshot"",""ShareDirectory"",""StartADAssessment"",""StartSchemaExtension"",""UnauthorizeApplication"",""UnshareDirectory"",""UpdateAuthorizedApplication"",""UpdateConditionalForwarder"",""UpdateDirectory"",""UpdateDirectorySetup"",""UpdateHybridAD"",""UpdateNumberOfDomainControllers"",""UpdateRadius"",""UpdateSettings"",""UpdateTrust"",""VerifyTrust""]","arn:aws:ds:${Region}:${Account}:${RelativeId}","^arn:aws:ds:.+","[""aws:RequestTag/${TagKey}"",""aws:ResourceTag/${TagKey}"",""aws:TagKeys""]","True","https://docs.aws.amazon.com/service-authorization/latest/reference/list_ds.html"
"ds-data","AWS Directory Service Data","[""AddGroupMember"",""CreateGroup"",""CreateUser"",""DeleteGroup"",""DeleteUser"",""DescribeGroup"",""DescribeUser"",""DisableUser"",""ListGroupMembers"",""ListGroups"",""ListGroupsForMember"",""ListUsers"",""RemoveGroupMember"",""SearchGroups"",""SearchUsers"",""UpdateGroup"",""UpdateUser""]","arn:aws:ds:${Region}:${Account}:${RelativeId}","^arn:aws:ds:.+","[""aws:ResourceTag/${TagKey}"",""ds-data:Identifier"",""ds-data:MemberName"",""ds-data:MemberRealm"",""ds-data:Realm"",""ds-data:SAMAccountName""]","True","https://docs.aws.amazon.com/service-authorization/latest/reference/list_ds-data.html"
"elasticbeanstalk","AWS Elastic Beanstalk","[""AbortEnvironmentUpdate"",""AddTags"",""ApplyEnvironmentManagedAction"",""AssociateEnvironmentOperationsRole"",""CheckDNSAvailability"",""ComposeEnvironments"",""CreateApplication"",""CreateApplicationVersion"",""CreateConfigurationTemplate"",""CreateEnvironment"",""CreatePlatformVersion"",""CreateStorageLocation"",""DeleteApplication"",""DeleteApplicationVersion"",""DeleteConfigurationTemplate"",""DeleteEnvironmentConfiguration"",""DeletePlatformVersion"",""DescribeAccountAttributes"",""DescribeApplicationVersions"",""DescribeApplications"",""DescribeConfigurationOptions"",""DescribeConfigurationSettings"",""DescribeEnvironmentHealth"",""DescribeEnvironmentManagedActionHistory"",""DescribeEnvironmentManagedActions"",""DescribeEnvironmentResources"",""DescribeEnvironments"",""DescribeEvents"",""DescribeInstancesHealth"",""DescribePlatformVersion"",""DisassociateEnvironmentOperationsRole"",""ListAvailableSolutionStacks"",""ListPlatformBranches"",""ListPlatformVersions"",""ListTagsForResource"",""PutInstanceStatistics"",""RebuildEnvironment"",""RemoveTags"",""RequestEnvironmentInfo"",""RestartAppServer"",""RetrieveEnvironmentInfo"",""SwapEnvironmentCNAMEs"",""TerminateEnvironment"",""UpdateApplication"",""UpdateApplicationResourceLifecycle"",""UpdateApplicationVersion"",""UpdateConfigurationTemplate"",""UpdateEnvironment"",""UpdateTagsForResource"",""ValidateConfigurationSettings""]","arn:aws:elasticbeanstalk:${Region}:${Account}:${ResourceType}/${PathToResource}","^arn:aws:elasticbeanstalk:.+:.*:.+/.+","[""aws:RequestTag/${TagKey}"",""aws:ResourceTag/${TagKey}"",""aws:TagKeys"",""elasticbeanstalk:FromApplication"",""elasticbeanstalk:FromApplicationVersion"",""elasticbeanstalk:FromConfigurationTemplate"",""elasticbeanstalk:FromEnvironment"",""elasticbeanstalk:FromPlatform"",""elasticbeanstalk:FromSolutionStack"",""elasticbeanstalk:InApplication""]","True","https://docs.aws.amazon.com/service-authorization/latest/reference/list_elasticbeanstalk.html"
"drs","AWS Elastic Disaster Recovery","[""AssociateFailbackClientToRecoveryInstanceForDrs"",""AssociateSourceNetworkStack"",""BatchCreateVolumeSnapshotGroupForDrs"",""BatchDeleteSnapshotRequestForDrs"",""CancelRecoveryPlanExecution"",""CreateConvertedSnapshotForDrs"",""CreateExtendedSourceServer"",""CreateLaunchConfigurationTemplate"",""CreateRecoveryInstanceForDrs"",""CreateRecoveryPlan"",""CreateRecoveryPlanStep"",""CreateReplicationConfigurationTemplate"",""CreateSourceNetwork"",""CreateSourceServerForDrs"",""DeleteJob"",""DeleteLaunchAction"",""DeleteLaunchConfigurationTemplate"",""DeleteRecoveryInstance"",""DeleteRecoveryPlan"",""DeleteRecoveryPlanExecution"",""DeleteRecoveryPlanStep"",""DeleteReplicationConfigurationTemplate"",""DeleteSourceNetwork"",""DeleteSourceServer"",""DescribeJobLogItems"",""DescribeJobs"",""DescribeLaunchConfigurationTemplates"",""DescribeRecoveryInstances"",""DescribeRecoverySnapshots"",""DescribeReplicationConfigurationTemplates"",""DescribeReplicationServerAssociationsForDrs"",""DescribeSnapshotRequestsForDrs"",""DescribeSourceNetworks"",""DescribeSourceServers"",""DisconnectRecoveryInstance"",""DisconnectSourceServer"",""ExportSourceNetworkCfnTemplate"",""GetAgentCommandForDrs"",""GetAgentConfirmedResumeInfoForDrs"",""GetAgentInstallationAssetsForDrs"",""GetAgentReplicationInfoForDrs"",""GetAgentRuntimeConfigurationForDrs"",""GetAgentSnapshotCreditsForDrs"",""GetChannelCommandsForDrs"",""GetFailbackCommandForDrs"",""GetFailbackLaunchRequestedForDrs"",""GetFailbackReplicationConfiguration"",""GetLaunchConfiguration"",""GetRecoveryPlan"",""GetRecoveryPlanExecution"",""GetRecoveryPlanExecutionStep"",""GetRecoveryPlanStep"",""GetReplicationConfiguration"",""GetSuggestedFailbackClientDeviceMappingForDrs"",""InitializeService"",""IssueAgentCertificateForDrs"",""ListExtensibleSourceServers"",""ListLaunchActions"",""ListRecoveryPlanExecutionSteps"",""ListRecoveryPlanExecutions"",""ListRecoveryPlanSteps"",""ListRecoveryPlans"",""ListStagingAccounts"",""ListTagsForResource"",""NotifyAgentAuthenticationForDrs"",""NotifyAgentConnectedForDrs"",""NotifyAgentDisconnectedForDrs"",""NotifyAgentReplicationProgressForDrs"",""NotifyConsistencyAttainedForDrs"",""NotifyReplicationServerAuthenticationForDrs"",""NotifyVolumeEventForDrs"",""PutLaunchAction"",""ReorderRecoveryPlanSteps"",""RetryDataReplication"",""RetryRecoveryPlanExecutionStep"",""ReverseReplication"",""SendAgentLogsForDrs"",""SendAgentMetricsForDrs"",""SendChannelCommandResultForDrs"",""SendClientLogsForDrs"",""SendClientMetricsForDrs"",""SendVolumeStatsForDrs"",""StartFailbackLaunch"",""StartRecovery"",""StartRecoveryPlanExecution"",""StartReplication"",""StartSourceNetworkRecovery"",""StartSourceNetworkReplication"",""StopFailback"",""StopReplication"",""StopSourceNetworkReplication"",""TagResource"",""TerminateRecoveryInstances"",""UntagResource"",""UpdateAgentBacklogForDrs"",""UpdateAgentConversionInfoForDrs"",""UpdateAgentReplicationInfoForDrs"",""UpdateAgentReplicationProcessStateForDrs"",""UpdateAgentSourcePropertiesForDrs"",""UpdateFailbackClientDeviceMappingForDrs"",""UpdateFailbackClientLastSeenForDrs"",""UpdateFailbackReplicationConfiguration"",""UpdateLaunchConfiguration"",""UpdateLaunchConfigurationTemplate"",""UpdateRecoveryPlan"",""UpdateRecoveryPlanExecutionStep"",""UpdateRecoveryPlanStep"",""UpdateReplicationCertificateForDrs"",""UpdateReplicationConfiguration"",""UpdateReplicationConfigurationTemplate""]","arn:aws:drs:${Region}:${Account}:${ResourceType}/${ResourceName}","^arn:aws:drs:.+","[""aws:RequestTag/${TagKey}"",""aws:ResourceTag/${TagKey}"",""aws:TagKeys"",""drs:CreateAction"",""drs:EC2InstanceARN""]","True","https://docs.aws.amazon.com/service-authorization/latest/reference/list_drs.html"
"elasticloadbalancing","AWS Elastic Load Balancing","[""AddTags"",""ApplySecurityGroupsToLoadBalancer"",""AttachLoadBalancerToSubnets"",""ConfigureHealthCheck"",""CreateAppCookieStickinessPolicy"",""CreateLBCookieStickinessPolicy"",""CreateLoadBalancer"",""CreateLoadBalancerListeners"",""CreateLoadBalancerPolicy"",""DeleteLoadBalancer"",""DeleteLoadBalancerListeners"",""DeleteLoadBalancerPolicy"",""DeregisterInstancesFromLoadBalancer"",""DescribeInstanceHealth"",""DescribeLoadBalancerAttributes"",""DescribeLoadBalancerPolicies"",""DescribeLoadBalancerPolicyTypes"",""DescribeLoadBalancers"",""DescribeTags"",""DetachLoadBalancerFromSubnets"",""DisableAvailabilityZonesForLoadBalancer"",""EnableAvailabilityZonesForLoadBalancer"",""ModifyLoadBalancerAttributes"",""RegisterInstancesWithLoadBalancer"",""RemoveTags"",""SetLoadBalancerListenerSSLCertificate"",""SetLoadBalancerPoliciesForBackendServer"",""SetLoadBalancerPoliciesOfListener""]","arn:aws:elasticloadbalancing:${Region}:${Account}:${ResourceType}/${ResourceId}","^arn:aws:elasticloadbalancing:.+","[""aws:RequestTag/${TagKey}"",""aws:ResourceTag/${TagKey}"",""aws:TagKeys"",""elasticloadbalancing:CreateAction"",""elasticloadbalancing:ListenerProtocol"",""elasticloadbalancing:ResourceTag/"",""elasticloadbalancing:ResourceTag/${TagKey}"",""elasticloadbalancing:Scheme"",""elasticloadbalancing:SecurityGroup"",""elasticloadbalancing:SecurityPolicy"",""elasticloadbalancing:Subnet""]","True","https://docs.aws.amazon.com/service-authorization/latest/reference/list_elb.html"
"elasticloadbalancing","AWS Elastic Load Balancing V2","[""AddListenerCertificates"",""AddTags"",""AddTrustStoreRevocations"",""AllowVendedLogDeliveryForResource"",""CreateListener"",""CreateLoadBalancer"",""CreateRule"",""CreateTargetGroup"",""CreateTrustStore"",""CreateWebACLAssociation"",""DeleteListener"",""DeleteLoadBalancer"",""DeleteRule"",""DeleteSharedTrustStoreAssociation"",""DeleteTargetGroup"",""DeleteTrustStore"",""DeleteWebACLAssociation"",""DeregisterTargets"",""DescribeAccountLimits"",""DescribeCapacityReservation"",""DescribeListenerAttributes"",""DescribeListenerCertificates"",""DescribeListeners"",""DescribeLoadBalancerAttributes"",""DescribeLoadBalancers"",""DescribeRules"",""DescribeSSLPolicies"",""DescribeTags"",""DescribeTargetGroupAttributes"",""DescribeTargetGroups"",""DescribeTargetHealth"",""DescribeTrustStoreAssociations"",""DescribeTrustStoreRevocations"",""DescribeTrustStores"",""DescribeWebACLAssociation"",""GetLoadBalancerWebACL"",""GetResourcePolicy"",""GetTrustStoreCaCertificatesBundle"",""GetTrustStoreRevocationContent"",""ModifyCapacityReservation"",""ModifyIpPools"",""ModifyListener"",""ModifyListenerAttributes"",""ModifyLoadBalancerAttributes"",""ModifyRule"",""ModifyTargetGroup"",""ModifyTargetGroupAttributes"",""ModifyTrustStore"",""RegisterTargets"",""RemoveListenerCertificates"",""RemoveTags"",""RemoveTrustStoreRevocations"",""SetIpAddressType"",""SetRulePriorities"",""SetSecurityGroups"",""SetSubnets"",""SetWebAcl""]","arn:aws:elasticloadbalancing:${Region}:${Account}:${ResourceType}/${ResourceId}","^arn:aws:elasticloadbalancing:.+","[""aws:RequestTag/${TagKey}"",""aws:ResourceTag/${TagKey}"",""aws:TagKeys"",""elasticloadbalancing:CreateAction"",""elasticloadbalancing:ListenerProtocol"",""elasticloadbalancing:ResourceTag/${TagKey}"",""elasticloadbalancing:Scheme"",""elasticloadbalancing:SecurityGroup"",""elasticloadbalancing:SecurityPolicy"",""elasticloadbalancing:Subnet""]","True","https://docs.aws.amazon.com/service-authorization/latest/reference/list_elbv2.html"
"elemental-appliances-software","AWS Elemental Appliances and Software","[""CompleteUpload"",""CreateOrderV1"",""CreateQuote"",""GetAvsCorrectAddress"",""GetBillingAddresses"",""GetDeliveryAddressesV2"",""GetOrder"",""GetOrdersV2"",""GetQuote"",""GetTaxes"",""ListQuotes"",""StartUpload"",""SubmitOrderV1"",""UpdateQuote""]","arn:aws:elemental-appliances-software::${Account}:${ResourceType}/${ResourceId}","^arn:aws:elemental-appliances-software::.+:.+","null","True","https://docs.aws.amazon.com/service-authorization/latest/reference/list_elemental-appliances-software.html"
"elemental-activations","AWS Elemental Appliances and Software Activation Service","[""CompleteAccountRegistration"",""CompleteFileUpload"",""ConfirmAccount"",""DownloadKickstart"",""DownloadSoftware"",""GenerateLicense"",""GenerateLicenses"",""GetArtifactGroupSoftwareVersions"",""GetAsset"",""GetAssets"",""GetProductAdvisories"",""GetSoftwareVersions"",""StartFileUpload""]","arn:${Partition}:elemental-activations::${Account}:${ResourceType}/${ResourceId}","^arn:${Partition}:elemental-activations::.+:.+","null","False","https://docs.aws.amazon.com/service-authorization/latest/reference/list_elemental-activations.html"
"elemental-inference","AWS Elemental Inference","[""AssociateFeed"",""CreateDictionary"",""CreateFeed"",""DeleteDictionary"",""DeleteFeed"",""DeleteFeedPolicy"",""DisassociateFeed"",""ExportDictionaryEntries"",""GetDictionary"",""GetFeed"",""GetFeedPolicy"",""GetMetadata"",""ListDictionaries"",""ListFeeds"",""ListTagsForResource"",""PutFeedPolicy"",""PutMedia"",""TagResource"",""UntagResource"",""UpdateDictionary"",""UpdateFeed""]","arn:aws:elemental-inference:${Region}:${Account}:${ResourceType}/${ResourcePath}","^arn:aws:elemental-inference:.+:.+:.+","[""aws:RequestTag/${TagKey}"",""aws:ResourceTag/${TagKey}"",""aws:TagKeys""]","True","https://docs.aws.amazon.com/service-authorization/latest/reference/list_elementalinference.html"
"mediaconnect","AWS Elemental MediaConnect","[""AddBridgeOutputs"",""AddBridgeSources"",""AddFlowMediaStreams"",""AddFlowOutputs"",""AddFlowSources"",""AddFlowVpcInterfaces"",""AssociateRouterNetworkInterface"",""CreateBridge"",""CreateFlow"",""CreateGateway"",""CreateRouterInput"",""CreateRouterNetworkInterface"",""CreateRouterOutput"",""DeleteBridge"",""DeleteFlow"",""DeleteGateway"",""DeleteRouterInput"",""DeleteRouterNetworkInterface"",""DeleteRouterOutput"",""DeregisterGatewayInstance"",""DescribeBridge"",""DescribeFlow"",""DescribeFlowSourceMetadata"",""DescribeFlowSourceThumbnail"",""DescribeGateway"",""DescribeGatewayInstance"",""DescribeOffering"",""DescribeReservation"",""DiscoverGatewayPollEndpoint"",""GetRouterInput"",""GetRouterInputSourceMetadata"",""GetRouterInputThumbnail"",""GetRouterNetworkInterface"",""GetRouterOutput"",""GrantFlowEntitlements"",""ListBridges"",""ListEntitlements"",""ListFlows"",""ListGatewayInstances"",""ListGateways"",""ListOfferings"",""ListReservations"",""ListRouterInputs"",""ListRouterNetworkInterfaces"",""ListRouterOutputs"",""ListTagsForResource"",""PollGateway"",""PurchaseOffering"",""RemoveBridgeOutput"",""RemoveBridgeSource"",""RemoveFlowMediaStream"",""RemoveFlowOutput"",""RemoveFlowSource"",""RemoveFlowVpcInterface"",""RestartRouterInput"",""RestartRouterOutput"",""RevokeFlowEntitlement"",""StartFlow"",""StartRouterInput"",""StartRouterOutput"",""StopFlow"",""StopRouterInput"",""StopRouterOutput"",""SubmitGatewayStateChange"",""TagResource"",""TakeRouterInput"",""UntagResource"",""UpdateBridge"",""UpdateBridgeOutput"",""UpdateBridgeSource"",""UpdateBridgeState"",""UpdateFlow"",""UpdateFlowEntitlement"",""UpdateFlowMediaStream"",""UpdateFlowOutput"",""UpdateFlowSource"",""UpdateGatewayInstance"",""UpdateRouterInput"",""UpdateRouterNetworkInterface"",""UpdateRouterOutput""]","arn:aws:mediaconnect:${Region}:${Account}:${Namespace}:${RelativeId}:${RelativeName}","^arn:aws:mediaconnect:.+","[""aws:RequestTag/${TagKey}"",""aws:ResourceTag/${TagKey}"",""aws:TagKeys""]","True","https://docs.aws.amazon.com/service-authorization/latest/reference/list_mediaconnect.html"
"mediaconvert","AWS Elemental MediaConvert","[""AssociateCertificate"",""CancelJob"",""CreateJob"",""CreateJobTemplate"",""CreatePreset"",""CreateQueue"",""CreateResourceShare"",""DeleteJobTemplate"",""DeletePolicy"",""DeletePreset"",""DeleteQueue"",""DescribeEndpoints"",""DisassociateCertificate"",""GetJob"",""GetJobTemplate"",""GetPolicy"",""GetPreset"",""GetQueue"",""ListJobTemplates"",""ListJobs"",""ListPresets"",""ListQueues"",""ListTagsForResource"",""ListVersions"",""Probe"",""PutPolicy"",""SearchJobs"",""TagResource"",""UntagResource"",""UpdateJobTemplate"",""UpdatePreset"",""UpdateQueue""]","arn:aws:mediaconvert:${Region}:${Account}:${ResourceType}/${ResourceId}","^arn:aws:mediaconvert:.+","[""aws:RequestTag/${TagKey}"",""aws:ResourceTag/${TagKey}"",""aws:TagKeys"",""mediaconvert:HttpInputsAllowed"",""mediaconvert:HttpsInputsAllowed"",""mediaconvert:S3InputsAllowed""]","True","https://docs.aws.amazon.com/service-authorization/latest/reference/list_mediaconvert.html"
"medialive","AWS Elemental MediaLive","[""AcceptInputDeviceTransfer"",""BatchDelete"",""BatchStart"",""BatchStop"",""BatchUpdateSchedule"",""CancelInputDeviceTransfer"",""ClaimDevice"",""CreateChannel"",""CreateChannelPlacementGroup"",""CreateCloudWatchAlarmTemplate"",""CreateCloudWatchAlarmTemplateGroup"",""CreateCluster"",""CreateEventBridgeRuleTemplate"",""CreateEventBridgeRuleTemplateGroup"",""CreateInput"",""CreateInputSecurityGroup"",""CreateMultiplex"",""CreateMultiplexProgram"",""CreateNetwork"",""CreateNode"",""CreateNodeRegistrationScript"",""CreatePartnerInput"",""CreateSdiSource"",""CreateSignalMap"",""CreateTags"",""DeleteChannel"",""DeleteChannelPlacementGroup"",""DeleteCloudWatchAlarmTemplate"",""DeleteCloudWatchAlarmTemplateGroup"",""DeleteCluster"",""DeleteEventBridgeRuleTemplate"",""DeleteEventBridgeRuleTemplateGroup"",""DeleteInput"",""DeleteInputSecurityGroup"",""DeleteMultiplex"",""DeleteMultiplexProgram"",""DeleteNetwork"",""DeleteNode"",""DeleteReservation"",""DeleteSchedule"",""DeleteSdiSource"",""DeleteSignalMap"",""DeleteTags"",""DescribeAccountConfiguration"",""DescribeChannel"",""DescribeChannelPlacementGroup"",""DescribeCluster"",""DescribeInput"",""DescribeInputDevice"",""DescribeInputDeviceThumbnail"",""DescribeInputSecurityGroup"",""DescribeMultiplex"",""DescribeMultiplexProgram"",""DescribeNetwork"",""DescribeNode"",""DescribeOffering"",""DescribeReservation"",""DescribeSchedule"",""DescribeSdiSource"",""DescribeThumbnails"",""GetCloudWatchAlarmTemplate"",""GetCloudWatchAlarmTemplateGroup"",""GetEventBridgeRuleTemplate"",""GetEventBridgeRuleTemplateGroup"",""GetSignalMap"",""ListAlerts"",""ListChannelPlacementGroups"",""ListChannels"",""ListCloudWatchAlarmTemplateGroups"",""ListCloudWatchAlarmTemplates"",""ListClusterAlerts"",""ListClusters"",""ListEventBridgeRuleTemplateGroups"",""ListEventBridgeRuleTemplates"",""ListInputDeviceTransfers"",""ListInputDevices"",""ListInputSecurityGroups"",""ListInputs"",""ListMultiplexAlerts"",""ListMultiplexPrograms"",""ListMultiplexes"",""ListNetworks"",""ListNodes"",""ListOfferings"",""ListReservations"",""ListSdiSources"",""ListSignalMaps"",""ListTagsForResource"",""ListVersions"",""PollAnywhere"",""PurchaseOffering"",""RebootInputDevice"",""RejectInputDeviceTransfer"",""RestartChannelPipelines"",""StartChannel"",""StartDeleteMonitorDeployment"",""StartInputDevice"",""StartInputDeviceMaintenanceWindow"",""StartMonitorDeployment"",""StartMultiplex"",""StartUpdateSignalMap"",""StopChannel"",""StopInputDevice"",""StopMultiplex"",""SubmitAnywhereStateChange"",""TransferInputDevice"",""UpdateAccountConfiguration"",""UpdateChannel"",""UpdateChannelClass"",""UpdateChannelPlacementGroup"",""UpdateCloudWatchAlarmTemplate"",""UpdateCloudWatchAlarmTemplateGroup"",""UpdateCluster"",""UpdateEventBridgeRuleTemplate"",""UpdateEventBridgeRuleTemplateGroup"",""UpdateInput"",""UpdateInputDevice"",""UpdateInputSecurityGroup"",""UpdateMultiplex"",""UpdateMultiplexProgram"",""UpdateNetwork"",""UpdateNode"",""UpdateNodeState"",""UpdateReservation"",""UpdateSdiSource""]","arn:aws:medialive:${Region}:${Account}:${ResourceType}:${ResourceId}","^arn:aws:medialive:${Region}:${Account}:.+","[""aws:RequestTag/${TagKey}"",""aws:ResourceTag/${TagKey}"",""aws:TagKeys""]","True","https://docs.aws.amazon.com/service-authorization/latest/reference/list_medialive.html"
"mediapackage","AWS Elemental MediaPackage","[""ConfigureLogs"",""CreateChannel"",""CreateHarvestJob"",""CreateOriginEndpoint"",""DeleteChannel"",""DeleteOriginEndpoint"",""DescribeChannel"",""DescribeHarvestJob"",""DescribeOriginEndpoint"",""ListChannels"",""ListHarvestJobs"",""ListOriginEndpoints"",""ListTagsForResource"",""RotateChannelCredentials"",""RotateIngestEndpointCredentials"",""TagResource"",""UntagResource"",""UpdateChannel"",""UpdateOriginEndpoint""]","arn:aws:mediapackage:${Region}:${Account}:${ResourceType}/${ResourceIdentifier}","^arn:aws:mediapackage:.+","[""aws:RequestTag/${TagKey}"",""aws:ResourceTag/${TagKey}"",""aws:TagKeys""]","True","https://docs.aws.amazon.com/service-authorization/latest/reference/list_mediapackage.html"
"mediapackagev2","AWS Elemental MediaPackage V2","[""CancelHarvestJob"",""CreateChannel"",""CreateChannelGroup"",""CreateHarvestJob"",""CreateOriginEndpoint"",""DeleteChannel"",""DeleteChannelGroup"",""DeleteChannelPolicy"",""DeleteOriginEndpoint"",""DeleteOriginEndpointPolicy"",""GetChannel"",""GetChannelGroup"",""GetChannelPolicy"",""GetHarvestJob"",""GetHeadObject"",""GetObject"",""GetOriginEndpoint"",""GetOriginEndpointPolicy"",""HarvestObject"",""ListChannelGroups"",""ListChannels"",""ListHarvestJobs"",""ListOriginEndpoints"",""ListTagsForResource"",""PutChannelPolicy"",""PutObject"",""PutOriginEndpointPolicy"",""ResetChannelState"",""ResetOriginEndpointState"",""TagResource"",""UntagResource"",""UpdateChannel"",""UpdateChannelGroup"",""UpdateOriginEndpoint""]","arn:aws:mediapackagev2:${Region}:${Account}:${ResourceType}/${ResourceIdentifier}","^arn:aws:mediapackagev2:.+","[""aws:RequestTag/${TagKey}"",""aws:ResourceTag/${TagKey}"",""aws:TagKeys""]","True","https://docs.aws.amazon.com/service-authorization/latest/reference/list_mediapackagev2.html"
"mediapackage-vod","AWS Elemental MediaPackage VOD","[""ConfigureLogs"",""CreateAsset"",""CreatePackagingConfiguration"",""CreatePackagingGroup"",""DeleteAsset"",""DeletePackagingConfiguration"",""DeletePackagingGroup"",""DescribeAsset"",""DescribePackagingConfiguration"",""DescribePackagingGroup"",""ListAssets"",""ListPackagingConfigurations"",""ListPackagingGroups"",""ListTagsForResource"",""TagResource"",""UntagResource"",""UpdatePackagingGroup""]","arn:aws:mediapackage-vod:${Region}:${Account}:${ResourceType}/${ResourceIdentifier}","^arn:aws:mediapackage-vod:.+:.+:.+","[""aws:RequestTag/${TagKey}"",""aws:ResourceTag/${TagKey}"",""aws:TagKeys""]","True","https://docs.aws.amazon.com/service-authorization/latest/reference/list_mediapackage-vod.html"
"mediastore","AWS Elemental MediaStore","[""CreateContainer"",""DeleteContainer"",""DeleteContainerPolicy"",""DeleteCorsPolicy"",""DeleteLifecyclePolicy"",""DeleteMetricPolicy"",""DeleteObject"",""DescribeContainer"",""DescribeObject"",""GetContainerPolicy"",""GetCorsPolicy"",""GetLifecyclePolicy"",""GetMetricPolicy"",""GetObject"",""ListContainers"",""ListItems"",""ListTagsForResource"",""PutContainerPolicy"",""PutCorsPolicy"",""PutLifecyclePolicy"",""PutMetricPolicy"",""PutObject"",""StartAccessLogging"",""StopAccessLogging"",""TagResource"",""UntagResource""]","arn:aws:mediastore:${Region}:${Account}:${Resource}","^arn:aws:mediastore:.+:.+","[""aws:RequestTag/${TagKey}"",""aws:ResourceTag/${TagKey}"",""aws:TagKeys""]","True","https://docs.aws.amazon.com/service-authorization/latest/reference/list_mediastore.html"
"mediatailor","AWS Elemental MediaTailor","[""ConfigureLogsForChannel"",""ConfigureLogsForPlaybackConfiguration"",""CreateChannel"",""CreateLiveSource"",""CreatePrefetchSchedule"",""CreateProgram"",""CreateSourceLocation"",""CreateVodSource"",""DeleteChannel"",""DeleteChannelPolicy"",""DeleteLiveSource"",""DeletePlaybackConfiguration"",""DeletePrefetchSchedule"",""DeleteProgram"",""DeleteSourceLocation"",""DeleteVodSource"",""DescribeChannel"",""DescribeLiveSource"",""DescribeProgram"",""DescribeSourceLocation"",""DescribeVodSource"",""GetChannelPolicy"",""GetChannelSchedule"",""GetPlaybackConfiguration"",""GetPrefetchSchedule"",""ListAlerts"",""ListChannels"",""ListLiveSources"",""ListPlaybackConfigurations"",""ListPrefetchSchedules"",""ListSourceLocations"",""ListTagsForResource"",""ListVodSources"",""PutChannelPolicy"",""PutPlaybackConfiguration"",""StartChannel"",""StopChannel"",""TagResource"",""UntagResource"",""UpdateChannel"",""UpdateLiveSource"",""UpdateProgram"",""UpdateSourceLocation"",""UpdateVodSource""]","arn:aws:mediatailor:${Region}:${Account}:${ResourceType}/${ResourceName}","^arn:aws:mediatailor:.+:.+:.+","[""aws:RequestTag/${TagKey}"",""aws:ResourceTag/${TagKey}"",""aws:TagKeys""]","True","https://docs.aws.amazon.com/service-authorization/latest/reference/list_mediatailor.html"
"elemental-support-cases","AWS Elemental Support Cases","[""AddCaseComment"",""CheckCasePermission"",""CompleteMultipartUpload"",""CreateCase"",""CreateS3CLIUploadCommand"",""CreateS3DownloadUrl"",""GetCase"",""GetCasePermission"",""GetCases"",""GetUICache"",""ListTagsForCase"",""StartMultipartUpload"",""TagCase"",""UntagCase"",""UpdateCase"",""UpdateCaseStatus"",""UpdateMultipartUpload""]","arn:aws:elemental-support-cases::${Account}:${ResourceType}/${ResourceId}","^arn:aws:elemental-support-cases::.+:.+","[""aws:RequestTag/${TagKey}"",""aws:ResourceTag/${TagKey}"",""aws:TagKeys""]","True","https://docs.aws.amazon.com/service-authorization/latest/reference/list_elemental-support-cases.html"
"elemental-support-content","AWS Elemental Support Content","""Query""","arn:${Partition}:elemental-support-content:${Region}:${Account}:${ResourceType}/${ResourceName}","^arn:${Partition}:elemental-support-content:.+:.+:.+","null","False","https://docs.aws.amazon.com/service-authorization/latest/reference/list_elemental-support-content.html"
"sms-voice","AWS End User Messaging SMS and Voice V2","[""AssociateOriginationIdentity"",""AssociateProtectConfiguration"",""CarrierLookup"",""CreateConfigurationSet"",""CreateEventDestination"",""CreateNotifyConfiguration"",""CreateOptOutList"",""CreatePool"",""CreateProtectConfiguration"",""CreateRcsAgent"",""CreateRegistration"",""CreateRegistrationAssociation"",""CreateRegistrationAttachment"",""CreateRegistrationVersion"",""CreateVerifiedDestinationNumber"",""DeleteAccountDefaultProtectConfiguration"",""DeleteConfigurationSet"",""DeleteDefaultMessageType"",""DeleteDefaultSenderId"",""DeleteEventDestination"",""DeleteKeyword"",""DeleteMediaMessageSpendLimitOverride"",""DeleteNotifyConfiguration"",""DeleteNotifyMessageSpendLimitOverride"",""DeleteOptOutList"",""DeleteOptedOutNumber"",""DeletePool"",""DeleteProtectConfiguration"",""DeleteProtectConfigurationRuleSetNumberOverride"",""DeleteRcsAgent"",""DeleteRcsMessageSpendLimitOverride"",""DeleteRegistration"",""DeleteRegistrationAttachment"",""DeleteRegistrationFieldValue"",""DeleteResourcePolicy"",""DeleteTextMessageSpendLimitOverride"",""DeleteVerifiedDestinationNumber"",""DeleteVoiceMessageSpendLimitOverride"",""DescribeAccountAttributes"",""DescribeAccountLimits"",""DescribeConfigurationSets"",""DescribeKeywords"",""DescribeNotifyConfigurations"",""DescribeNotifyTemplates"",""DescribeOptOutLists"",""DescribeOptedOutNumbers"",""DescribePhoneNumbers"",""DescribePools"",""DescribeProtectConfigurations"",""DescribeRcsAgentCountryLaunchStatus"",""DescribeRcsAgents"",""DescribeRegistrationAttachments"",""DescribeRegistrationFieldDefinitions"",""DescribeRegistrationFieldValues"",""DescribeRegistrationSectionDefinitions"",""DescribeRegistrationTypeDefinitions"",""DescribeRegistrationVersions"",""DescribeRegistrations"",""DescribeSenderIds"",""DescribeSpendLimits"",""DescribeVerifiedDestinationNumbers"",""DisassociateOriginationIdentity"",""DisassociateProtectConfiguration"",""DiscardRegistrationVersion"",""GetProtectConfigurationCountryRuleSet"",""GetResourcePolicy"",""ListAvailablePhoneNumbers"",""ListNotifyCountries"",""ListPoolOriginationIdentities"",""ListProtectConfigurationRuleSetNumberOverrides"",""ListRegistrationAssociations"",""ListTagsForResource"",""PutKeyword"",""PutMessageFeedback"",""PutOptedOutNumber"",""PutProtectConfigurationRuleSetNumberOverride"",""PutRegistrationFieldValue"",""PutResourcePolicy"",""ReleasePhoneNumber"",""ReleaseSenderId"",""RequestPhoneNumber"",""RequestSenderId"",""SendDestinationNumberVerificationCode"",""SendMediaMessage"",""SendNotifyTextMessage"",""SendNotifyVoiceMessage"",""SendRcsMessage"",""SendTextMessage"",""SendVoiceMessage"",""SetAccountDefaultProtectConfiguration"",""SetDefaultMessageFeedbackEnabled"",""SetDefaultMessageType"",""SetDefaultSenderId"",""SetMediaMessageSpendLimitOverride"",""SetNotifyMessageSpendLimitOverride"",""SetRcsMessageSpendLimitOverride"",""SetTextMessageSpendLimitOverride"",""SetVoiceMessageSpendLimitOverride"",""SubmitRegistrationVersion"",""TagResource"",""UntagResource"",""UpdateEventDestination"",""UpdateNotifyConfiguration"",""UpdatePhoneNumber"",""UpdatePool"",""UpdateProtectConfiguration"",""UpdateProtectConfigurationCountryRuleSet"",""UpdateRcsAgent"",""UpdateSenderId"",""VerifyDestinationNumber""]","arn:aws:sms-voice:${Region}:${Account}:${ResourceType}/${ResourceId}","^arn:aws:sms-voice:.+","[""aws:RequestTag/${TagKey}"",""aws:ResourceTag/${TagKey}"",""aws:TagKeys""]","True","https://docs.aws.amazon.com/service-authorization/latest/reference/list_pinpoint-sms-voice-v2.html"
"social-messaging","AWS End User Messaging Social","[""AssociateWhatsAppBusinessAccount"",""CreateWhatsAppDataset"",""CreateWhatsAppFlow"",""CreateWhatsAppMessageTemplate"",""CreateWhatsAppMessageTemplateFromLibrary"",""CreateWhatsAppMessageTemplateMedia"",""DeleteWhatsAppFlow"",""DeleteWhatsAppMessageMedia"",""DeleteWhatsAppMessageTemplate"",""DeprecateWhatsAppFlow"",""DisassociateWhatsAppBusinessAccount"",""GetLinkedWhatsAppBusinessAccount"",""GetLinkedWhatsAppBusinessAccountPhoneNumber"",""GetWhatsAppBusinessPublicKey"",""GetWhatsAppCallPermission"",""GetWhatsAppFlow"",""GetWhatsAppFlowPreview"",""GetWhatsAppMessageMedia"",""GetWhatsAppMessageTemplate"",""ListLinkedWhatsAppBusinessAccounts"",""ListTagsForResource"",""ListWhatsAppFlowAssets"",""ListWhatsAppFlows"",""ListWhatsAppMessageTemplates"",""ListWhatsAppTemplateLibrary"",""PostWhatsAppMessageMedia"",""PublishWhatsAppFlow"",""PutWhatsAppBusinessAccountEventDestinations"",""PutWhatsAppBusinessPublicKey"",""SendWhatsAppCallEvent"",""SendWhatsAppConversionEvent"",""SendWhatsAppMessage"",""TagResource"",""UntagResource"",""UpdateLinkedWhatsAppBusinessAccountPhoneNumber"",""UpdateWhatsAppFlow"",""UpdateWhatsAppFlowAssets"",""UpdateWhatsAppMessageTemplate""]","arn:aws:social-messaging:${Region}:${Account}:${ResourceType}/${ResourceId}","^arn:aws:social-messaging:.+","[""aws:RequestTag/${TagKey}"",""aws:ResourceTag/${TagKey}"",""aws:TagKeys""]","True","https://docs.aws.amazon.com/service-authorization/latest/reference/list_socialmessaging.html"
"entityresolution","AWS Entity Resolution","[""AddPolicyStatement"",""BatchDeleteUniqueId"",""CreateIdMappingWorkflow"",""CreateIdNamespace"",""CreateMatchingWorkflow"",""CreateSchemaMapping"",""DeleteIdMappingWorkflow"",""DeleteIdNamespace"",""DeleteMatchingWorkflow"",""DeletePolicyStatement"",""DeleteSchemaMapping"",""GenerateMatchId"",""GetIdMappingJob"",""GetIdMappingWorkflow"",""GetIdNamespace"",""GetMatchId"",""GetMatchingJob"",""GetMatchingWorkflow"",""GetPolicy"",""GetProviderService"",""GetSchemaMapping"",""ListIdMappingJobs"",""ListIdMappingWorkflows"",""ListIdNamespaces"",""ListMatchingJobs"",""ListMatchingWorkflows"",""ListProviderServices"",""ListSchemaMappings"",""ListTagsForResource"",""PutPolicy"",""StartIdMappingJob"",""StartMatchingJob"",""TagResource"",""UntagResource"",""UpdateIdMappingWorkflow"",""UpdateIdNamespace"",""UpdateMatchingWorkflow"",""UpdateSchemaMapping"",""UseIdNamespace"",""UseWorkflow""]","arn:aws:entityresolution:${Region}:${Account}:${ResourceType}/${ResourceName}","^arn:aws:entityresolution:.+:.+:.+","[""aws:RequestTag/${TagKey}"",""aws:ResourceTag/${TagKey}"",""aws:TagKeys""]","True","https://docs.aws.amazon.com/service-authorization/latest/reference/list_entityresolution.html"
"fis","AWS Fault Injection Service","[""CreateExperimentTemplate"",""CreateTargetAccountConfiguration"",""DeleteExperimentTemplate"",""DeleteTargetAccountConfiguration"",""GetAction"",""GetExperiment"",""GetExperimentTargetAccountConfiguration"",""GetExperimentTemplate"",""GetSafetyLever"",""GetTargetAccountConfiguration"",""GetTargetResourceType"",""InjectApiInternalError"",""InjectApiThrottleError"",""InjectApiUnavailableError"",""ListActions"",""ListExperimentResolvedTargets"",""ListExperimentTargetAccountConfigurations"",""ListExperimentTemplates"",""ListExperiments"",""ListTagsForResource"",""ListTargetAccountConfigurations"",""ListTargetResourceTypes"",""StartExperiment"",""StopExperiment"",""TagResource"",""UntagResource"",""UpdateExperimentTemplate"",""UpdateSafetyLeverState"",""UpdateTargetAccountConfiguration""]","arn:aws:fis:${Region}:${Account}:${ResourceType}/${ResourceName}","^arn:aws:fis:.+:.+:.+","[""aws:RequestTag/${TagKey}"",""aws:ResourceTag/${TagKey}"",""aws:TagKeys"",""fis:Operations"",""fis:Percentage"",""fis:Service"",""fis:Targets""]","True","https://docs.aws.amazon.com/service-authorization/latest/reference/list_fis.html"
"finops-agent","AWS FinOps Agent","[""AcceptAgentRequest"",""CancelTask"",""CancelTurn"",""CreateAgentSpace"",""CreateAutomation"",""CreateConnection"",""CreateConversation"",""CreateDocument"",""CreateIntegration"",""CreateOneTimeLoginSession"",""CreateTask"",""CreateTurn"",""DeleteAgentSpace"",""DeleteArtifact"",""DeleteAutomation"",""DeleteConnection"",""DeleteDocument"",""DeleteIntegration"",""GetAgentRequest"",""GetAgentSpace"",""GetArtifactContent"",""GetArtifactMetadata"",""GetAutomation"",""GetConnection"",""GetDocumentContent"",""GetDocumentMetadata"",""GetIntegration"",""GetTask"",""GetTurn"",""ListAgentSpaces"",""ListArtifacts"",""ListAutomations"",""ListConnections"",""ListConversations"",""ListDocuments"",""ListIntegrations"",""ListRecords"",""ListTasks"",""ListTurns"",""RejectAgentRequest"",""RestoreDocument"",""SendFeedback"",""UpdateAgentSpace"",""UpdateAutomation"",""UpdateConnection"",""UpdateDocument""]","","","null","False","https://docs.aws.amazon.com/service-authorization/latest/reference/list_finops-agent.html"
"fms","AWS Firewall Manager","[""AssociateAdminAccount"",""AssociateThirdPartyFirewall"",""BatchAssociateResource"",""BatchDisassociateResource"",""DeleteAppsList"",""DeleteNotificationChannel"",""DeletePolicy"",""DeleteProtocolsList"",""DeleteResourceSet"",""DisassociateAdminAccount"",""DisassociateThirdPartyFirewall"",""GetAdminAccount"",""GetAdminScope"",""GetAppsList"",""GetComplianceDetail"",""GetNotificationChannel"",""GetPolicy"",""GetProtectionStatus"",""GetProtocolsList"",""GetResourceSet"",""GetThirdPartyFirewallAssociationStatus"",""GetViolationDetails"",""ListAdminAccountsForOrganization"",""ListAdminsManagingAccount"",""ListAppsLists"",""ListComplianceStatus"",""ListDiscoveredResources"",""ListMemberAccounts"",""ListPolicies"",""ListProtocolsLists"",""ListResourceSetResources"",""ListResourceSets"",""ListTagsForResource"",""ListThirdPartyFirewallFirewallPolicies"",""PutAdminAccount"",""PutAppsList"",""PutNotificationChannel"",""PutPolicy"",""PutProtocolsList"",""PutResourceSet"",""TagResource"",""UntagResource""]","arn:aws:fms:${Region}:${Account}:${Resource}/${Id}","^arn:aws:fms:.+:[0-9]+:.+/.+","[""aws:RequestTag/${TagKey}"",""aws:ResourceTag/${TagKey}"",""aws:TagKeys""]","True","https://docs.aws.amazon.com/service-authorization/latest/reference/list_fms.html"
"freetier","AWS Free Tier","[""GetAccountActivity"",""GetAccountPlanState"",""GetFreeTierAlertPreference"",""GetFreeTierUsage"",""ListAccountActivities"",""PutFreeTierAlertPreference"",""UpgradeAccountPlan""]","","","null","False","https://docs.aws.amazon.com/service-authorization/latest/reference/list_freetier.html"
"globalaccelerator","AWS Global Accelerator","[""AddCustomRoutingEndpoints"",""AddEndpoints"",""AdvertiseByoipCidr"",""AllowCustomRoutingTraffic"",""CreateAccelerator"",""CreateCrossAccountAttachment"",""CreateCustomRoutingAccelerator"",""CreateCustomRoutingEndpointGroup"",""CreateCustomRoutingListener"",""CreateEndpointGroup"",""CreateListener"",""DeleteAccelerator"",""DeleteCrossAccountAttachment"",""DeleteCustomRoutingAccelerator"",""DeleteCustomRoutingEndpointGroup"",""DeleteCustomRoutingListener"",""DeleteEndpointGroup"",""DeleteListener"",""DenyCustomRoutingTraffic"",""DeprovisionByoipCidr"",""DescribeAccelerator"",""DescribeAcceleratorAttributes"",""DescribeCrossAccountAttachment"",""DescribeCustomRoutingAccelerator"",""DescribeCustomRoutingAcceleratorAttributes"",""DescribeCustomRoutingEndpointGroup"",""DescribeCustomRoutingListener"",""DescribeEndpointGroup"",""DescribeListener"",""ListAccelerators"",""ListByoipCidrs"",""ListCrossAccountAttachments"",""ListCrossAccountResourceAccounts"",""ListCrossAccountResources"",""ListCustomRoutingAccelerators"",""ListCustomRoutingEndpointGroups"",""ListCustomRoutingListeners"",""ListCustomRoutingPortMappings"",""ListCustomRoutingPortMappingsByDestination"",""ListEndpointGroups"",""ListListeners"",""ListTagsForResource"",""ProvisionByoipCidr"",""RemoveCustomRoutingEndpoints"",""RemoveEndpoints"",""TagResource"",""UntagResource"",""UpdateAccelerator"",""UpdateAcceleratorAttributes"",""UpdateCrossAccountAttachment"",""UpdateCustomRoutingAccelerator"",""UpdateCustomRoutingAcceleratorAttributes"",""UpdateCustomRoutingListener"",""UpdateEndpointGroup"",""UpdateListener"",""WithdrawByoipCidr""]","arn:aws:globalaccelerator::${Account}:${ResourceType}/${ResourceId}","^arn:aws:globalaccelerator::.+:.+","[""aws:RequestTag/${TagKey}"",""aws:ResourceTag/${TagKey}"",""aws:TagKeys""]","True","https://docs.aws.amazon.com/service-authorization/latest/reference/list_globalaccelerator.html"
"glue","AWS Glue","[""AccessDataQualityRuntimeConfiguration"",""AuthorizeInboundIntegration"",""BatchCreatePartition"",""BatchDeleteConnection"",""BatchDeletePartition"",""BatchDeleteTable"",""BatchDeleteTableVersion"",""BatchGetBlueprints"",""BatchGetCrawlers"",""BatchGetCustomEntityTypes"",""BatchGetDevEndpoints"",""BatchGetJobs"",""BatchGetPartition"",""BatchGetStageFiles"",""BatchGetTableOptimizer"",""BatchGetTriggers"",""BatchGetWorkflows"",""BatchStopJobRun"",""BatchUpdatePartition"",""CancelDataQualityRuleRecommendationRun"",""CancelDataQualityRulesetEvaluationRun"",""CancelMLTaskRun"",""CancelStatement"",""CheckSchemaVersionValidity"",""CreateBlueprint"",""CreateCatalog"",""CreateClassifier"",""CreateColumnStatisticsTaskSettings"",""CreateConnection"",""CreateCrawler"",""CreateCustomEntityType"",""CreateDataQualityRuleset"",""CreateDatabase"",""CreateDevEndpoint"",""CreateGlueIdentityCenterConfiguration"",""CreateInboundIntegration"",""CreateIntegration"",""CreateIntegrationResourceProperty"",""CreateIntegrationTableProperties"",""CreateJob"",""CreateMLTransform"",""CreatePartition"",""CreatePartitionIndex"",""CreateRegistry"",""CreateSchema"",""CreateScript"",""CreateSecurityConfiguration"",""CreateSession"",""CreateTable"",""CreateTableOptimizer"",""CreateTrigger"",""CreateUsageProfile"",""CreateUserDefinedFunction"",""CreateWorkflow"",""DeleteBlueprint"",""DeleteCatalog"",""DeleteClassifier"",""DeleteColumnStatisticsForPartition"",""DeleteColumnStatisticsForTable"",""DeleteColumnStatisticsTaskSettings"",""DeleteConnection"",""DeleteConnectionType"",""DeleteCrawler"",""DeleteCustomEntityType"",""DeleteDataQualityRuleset"",""DeleteDatabase"",""DeleteDevEndpoint"",""DeleteGlueIdentityCenterConfiguration"",""DeleteIntegration"",""DeleteIntegrationResourceProperty"",""DeleteIntegrationTableProperties"",""DeleteJob"",""DeleteMLTransform"",""DeletePartition"",""DeletePartitionIndex"",""DeleteRegistry"",""DeleteResourcePolicy"",""DeleteSchema"",""DeleteSchemaVersions"",""DeleteSecurityConfiguration"",""DeleteSession"",""DeleteTable"",""DeleteTableOptimizer"",""DeleteTableVersion"",""DeleteTrigger"",""DeleteUsageProfile"",""DeleteUserDefinedFunction"",""DeleteWorkflow"",""DeregisterDataPreview"",""DescribeConnectionType"",""DescribeEntity"",""DescribeInboundIntegrations"",""DescribeIntegrations"",""FederateAuthorization"",""GetBlueprint"",""GetBlueprintRun"",""GetBlueprintRuns"",""GetCatalog"",""GetCatalogImportStatus"",""GetCatalogs"",""GetClassifier"",""GetClassifiers"",""GetColumnStatisticsForPartition"",""GetColumnStatisticsForTable"",""GetColumnStatisticsTaskRun"",""GetColumnStatisticsTaskRuns"",""GetColumnStatisticsTaskSettings"",""GetCompletion"",""GetConnection"",""GetConnections"",""GetCrawler"",""GetCrawlerMetrics"",""GetCrawlers"",""GetCustomEntityType"",""GetDashboardUrl"",""GetDataCatalogEncryptionSettings"",""GetDataPreviewStatement"",""GetDataQualityModel"",""GetDataQualityModelResult"",""GetDataQualityResult"",""GetDataQualityRuleRecommendationRun"",""GetDataQualityRuleset"",""GetDataQualityRulesetEvaluationRun"",""GetDatabase"",""GetDatabases"",""GetDataflowGraph"",""GetDevEndpoint"",""GetDevEndpoints"",""GetEntityRecords"",""GetEnvironment"",""GetExecutors"",""GetExecutorsThreads"",""GetGeneratedCode"",""GetGlueIdentityCenterConfiguration"",""GetIntegrationResourceProperty"",""GetIntegrationTableProperties"",""GetJob"",""GetJobBookmark"",""GetJobRun"",""GetJobRuns"",""GetJobUpgradeAnalysis"",""GetJobs"",""GetLogParsingStatus"",""GetMLTaskRun"",""GetMLTaskRuns"",""GetMLTransform"",""GetMLTransforms"",""GetMapping"",""GetNotebookInstanceStatus"",""GetPartition"",""GetPartitionIndexes"",""GetPartitions"",""GetPlan"",""GetQueries"",""GetQuery"",""GetRecipeAction"",""GetRegistry"",""GetResourcePolicies"",""GetResourcePolicy"",""GetSchema"",""GetSchemaByDefinition"",""GetSchemaVersion"",""GetSchemaVersionsDiff"",""GetSecurityConfiguration"",""GetSecurityConfigurations"",""GetSession"",""GetSessionEndpoint"",""GetStage"",""GetStageAttempt"",""GetStageAttemptTaskList"",""GetStageAttemptTaskSummary"",""GetStageFiles"",""GetStages"",""GetStatement"",""GetStorage"",""GetStorageUnit"",""GetTable"",""GetTableOptimizer"",""GetTableVersion"",""GetTableVersions"",""GetTables"",""GetTags"",""GetTrigger"",""GetTriggers"",""GetUsageProfile"",""GetUserDefinedFunction"",""GetUserDefinedFunctions"",""GetWorkflow"",""GetWorkflowRun"",""GetWorkflowRunProperties"",""GetWorkflowRuns"",""GlueNotebookAuthorize"",""GlueNotebookRefreshCredentials"",""ImportCatalogToGlue"",""ListBlueprints"",""ListColumnStatisticsTaskRuns"",""ListConnectionTypes"",""ListCrawlers"",""ListCrawls"",""ListCustomEntityTypes"",""ListDataQualityResults"",""ListDataQualityRuleRecommendationRuns"",""ListDataQualityRulesetEvaluationRuns"",""ListDataQualityRulesets"",""ListDevEndpoints"",""ListEntities"",""ListIntegrationResourceProperties"",""ListJobUpgradeAnalyses"",""ListJobs"",""ListMLTransforms"",""ListRegistries"",""ListSchemaVersions"",""ListSchemas"",""ListSessions"",""ListStatements"",""ListTableOptimizerRuns"",""ListTriggers"",""ListUsageProfiles"",""ListWorkflows"",""ManagedConnector"",""ModifyIntegration"",""NotifyEvent"",""PassConnection"",""PublishDataQuality"",""PutDataCatalogEncryptionSettings"",""PutDataQualityProfileAnnotation"",""PutDataQualityStatisticAnnotation"",""PutResourcePolicy"",""PutSchemaVersionMetadata"",""PutWorkflowRunProperties"",""QuerySchemaVersionMetadata"",""RefreshOAuth2Tokens"",""RegisterConnectionType"",""RegisterSchemaVersion"",""RemoveSchemaVersionMetadata"",""RenameTable"",""RequestLogParsing"",""ResetJobBookmark"",""ResumeWorkflowRun"",""RunDataPreviewStatement"",""RunStatement"",""SearchTables"",""SendFeedback"",""SendRecipeAction"",""StartBlueprintRun"",""StartColumnStatisticsTaskRun"",""StartColumnStatisticsTaskRunSchedule"",""StartCompletion"",""StartCrawler"",""StartCrawlerSchedule"",""StartDataQualityRuleRecommendationRun"",""StartDataQualityRulesetEvaluationRun"",""StartExportLabelsTaskRun"",""StartImportLabelsTaskRun"",""StartJobRun"",""StartJobUpgradeAnalysis"",""StartMLEvaluationTaskRun"",""StartMLLabelingSetGenerationTaskRun"",""StartNotebook"",""StartTrigger"",""StartWorkflowRun"",""StopColumnStatisticsTaskRun"",""StopColumnStatisticsTaskRunSchedule"",""StopCrawler"",""StopCrawlerSchedule"",""StopJobUpgradeAnalysis"",""StopSession"",""StopTrigger"",""StopWorkflowRun"",""TagResource"",""TerminateNotebook"",""TestConnection"",""UntagResource"",""UpdateBlueprint"",""UpdateCatalog"",""UpdateClassifier"",""UpdateColumnStatisticsForPartition"",""UpdateColumnStatisticsForTable"",""UpdateColumnStatisticsTaskSettings"",""UpdateConnection"",""UpdateCrawler"",""UpdateCrawlerSchedule"",""UpdateDataQualityRuleset"",""UpdateDatabase"",""UpdateDevEndpoint"",""UpdateGlueIdentityCenterConfiguration"",""UpdateIntegrationResourceProperty"",""UpdateIntegrationTableProperties"",""UpdateJob"",""UpdateJobFromSourceControl"",""UpdateMLTransform"",""UpdatePartition"",""UpdateRegistry"",""UpdateSchema"",""UpdateSourceControlFromJob"",""UpdateTable"",""UpdateTableOptimizer"",""UpdateTrigger"",""UpdateUsageProfile"",""UpdateUserDefinedFunction"",""UpdateWorkflow"",""UpgradeJob"",""UseGlueStudio"",""UseMLTransforms""]","arn:aws:glue:${Region}:${Account}:${ResourceType}/${ResourcePath}","^arn:aws:glue:.+:.+","[""aws:RequestTag/${TagKey}"",""aws:ResourceTag/${TagKey}"",""aws:TagKeys"",""glue:CredentialIssuingService"",""glue:EnabledForRedshiftAutoDiscovery"",""glue:FederatedAuthorizationSource"",""glue:LakeFormationPermissions"",""glue:RoleAssumedBy"",""glue:SecurityGroupIds"",""glue:SubnetIds"",""glue:VpcIds""]","True","https://docs.aws.amazon.com/service-authorization/latest/reference/list_glue.html"
"databrew","AWS Glue DataBrew","[""BatchDeleteRecipeVersion"",""CreateDataset"",""CreateProfileJob"",""CreateProject"",""CreateRecipe"",""CreateRecipeJob"",""CreateRuleset"",""CreateSchedule"",""DeleteDataset"",""DeleteJob"",""DeleteProject"",""DeleteRecipeVersion"",""DeleteRuleset"",""DeleteSchedule"",""DescribeDataset"",""DescribeJob"",""DescribeJobRun"",""DescribeProject"",""DescribeRecipe"",""DescribeRuleset"",""DescribeSchedule"",""ListDatasets"",""ListJobRuns"",""ListJobs"",""ListProjects"",""ListRecipeVersions"",""ListRecipes"",""ListRulesets"",""ListSchedules"",""ListTagsForResource"",""PublishRecipe"",""SendProjectSessionAction"",""StartJobRun"",""StartProjectSession"",""StopJobRun"",""TagResource"",""UntagResource"",""UpdateDataset"",""UpdateProfileJob"",""UpdateProject"",""UpdateRecipe"",""UpdateRecipeJob"",""UpdateRuleset"",""UpdateSchedule""]","arn:aws:databrew:${Region}:${Account}:${ResourceType}/${ResourceId}","^arn:aws:databrew:.+:.+:.+","[""aws:RequestTag/${TagKey}"",""aws:ResourceTag/${TagKey}"",""aws:TagKeys""]","True","https://docs.aws.amazon.com/service-authorization/latest/reference/list_databrew.html"
"groundstation","AWS Ground Station","[""CancelContact"",""CreateConfig"",""CreateDataflowEndpointGroup"",""CreateDataflowEndpointGroupV2"",""CreateEphemeris"",""CreateMissionProfile"",""DeleteConfig"",""DeleteDataflowEndpointGroup"",""DeleteEphemeris"",""DeleteMissionProfile"",""DescribeContact"",""DescribeContactVersion"",""DescribeEphemeris"",""GetAgentConfiguration"",""GetAgentTaskResponseUrl"",""GetConfig"",""GetDataflowEndpointGroup"",""GetMinuteUsage"",""GetMissionProfile"",""GetSatellite"",""ListAntennas"",""ListConfigs"",""ListContactVersions"",""ListContacts"",""ListDataflowEndpointGroups"",""ListEphemerides"",""ListGroundStationReservations"",""ListGroundStations"",""ListMissionProfiles"",""ListSatellites"",""ListTagsForResource"",""RegisterAgent"",""ReserveContact"",""TagResource"",""UntagResource"",""UpdateAgentStatus"",""UpdateConfig"",""UpdateContact"",""UpdateEphemeris"",""UpdateMissionProfile""]","arn:aws:groundstation:${Region}:${Account}:${ResourceType}/${ResourceId}","^arn:aws:groundstation:.+","[""aws:RequestTag/${TagKey}"",""aws:ResourceTag/${TagKey}"",""aws:TagKeys"",""groundstation:AgentId"",""groundstation:ConfigId"",""groundstation:ConfigType"",""groundstation:ContactId"",""groundstation:DataflowEndpointGroupId"",""groundstation:EphemerisId"",""groundstation:GroundStationId"",""groundstation:MissionProfileId"",""groundstation:SatelliteId""]","True","https://docs.aws.amazon.com/service-authorization/latest/reference/list_groundstation.html"
"health","AWS Health APIs and Notifications","[""DescribeAffectedAccountsForOrganization"",""DescribeAffectedEntities"",""DescribeAffectedEntitiesForOrganization"",""DescribeEntityAggregates"",""DescribeEntityAggregatesForOrganization"",""DescribeEventAggregates"",""DescribeEventDetails"",""DescribeEventDetailsForOrganization"",""DescribeEventTypes"",""DescribeEvents"",""DescribeEventsForOrganization"",""DescribeHealthServiceStatusForOrganization"",""DisableHealthServiceAccessForOrganization"",""EnableHealthServiceAccessForOrganization""]","arn:aws:health:${Region}::${RelativeId}","^arn:aws:health:[^:]*:[^:]*:.+","[""health:eventTypeCode"",""health:service""]","True","https://docs.aws.amazon.com/service-authorization/latest/reference/list_health.html"
"medical-imaging","AWS HealthImaging","[""CopyImageSet"",""CreateDatastore"",""DeleteDatastore"",""DeleteImageSet"",""GetDICOMBulkdata"",""GetDICOMImportJob"",""GetDICOMInstance"",""GetDICOMInstanceFrames"",""GetDICOMInstanceMetadata"",""GetDICOMSeriesMetadata"",""GetDatastore"",""GetImageFrame"",""GetImageSet"",""GetImageSetMetadata"",""ListDICOMImportJobs"",""ListDatastores"",""ListImageSetVersions"",""ListTagsForResource"",""SearchDICOMInstances"",""SearchDICOMSeries"",""SearchDICOMStudies"",""SearchImageSets"",""StartDICOMImportJob"",""StoreDICOM"",""StoreDICOMStudy"",""TagResource"",""UntagResource"",""UpdateImageSetMetadata""]","arn:aws:medical-imaging:${Region}:${Account}:${ResourceType}/${ResourceName}","^arn:aws:medical-imaging:.+:.+:.+","[""aws:RequestTag/${TagKey}"",""aws:ResourceTag/${TagKey}"",""aws:TagKeys"",""medical-imaging:SeriesInstanceUID"",""medical-imaging:StudyInstanceUID""]","True","https://docs.aws.amazon.com/service-authorization/latest/reference/list_medical-imaging.html"
"healthlake","AWS HealthLake","[""CancelFHIRExportJobWithDelete"",""ConfirmAttributionList"",""CreateDataTransformationProfile"",""CreateFHIRDatastore"",""CreateResource"",""DeleteDataTransformationProfile"",""DeleteFHIRDatastore"",""DeleteResource"",""DescribeDataTransformationJob"",""DescribeFHIRBulkDeleteJob"",""DescribeFHIRBulkMemberMatchJob"",""DescribeFHIRBulkPatchJob"",""DescribeFHIRDatastore"",""DescribeFHIRExportJob"",""DescribeFHIRExportJobWithGet"",""DescribeFHIRImportJob"",""ExpandValueSetWithGet"",""ExpandValueSetWithPost"",""GenerateDocumentWithGet"",""GenerateDocumentWithPost"",""GetCapabilities"",""GetDataTransformationProfile"",""GetExportedFile"",""GetHistoryByResourceId"",""InquirePreAuthClaim"",""ListDataTransformationJobs"",""ListDataTransformationProfileVersions"",""ListDataTransformationProfiles"",""ListFHIRDatastores"",""ListFHIRExportJobs"",""ListFHIRImportJobs"",""ListTagsForResource"",""LookupCodeSystemWithGet"",""LookupCodeSystemWithPost"",""MemberAdd"",""MemberMatch"",""MemberRemove"",""PatchResource"",""ProcessBundle"",""PublishDataTransformationProfile"",""QuestionnairePackage"",""ReadResource"",""RestoreFHIRDatastore"",""RetrieveAttributionStatus"",""SearchEverything"",""SearchWithGet"",""SearchWithPost"",""StartDataTransformationJob"",""StartFHIRBulkDeleteJob"",""StartFHIRBulkMemberMatchJob"",""StartFHIRBulkPatchJob"",""StartFHIRExportJob"",""StartFHIRExportJobWithGet"",""StartFHIRExportJobWithPost"",""StartFHIRImportJob"",""SubmitPreAuthClaim"",""TagResource"",""TransformData"",""TranslateConceptMapWithGet"",""TranslateConceptMapWithPost"",""UntagResource"",""UpdateDataTransformationProfile"",""UpdateFHIRDatastore"",""UpdateProfileWithAgent"",""UpdateResource"",""ValidateResource"",""ValidateSource"",""VersionReadResource""]","arn:aws:healthlake:${Region}:${Account}:${ResourceType}/${ResourceName}","^arn:aws:healthlake:.+:.+:.+","[""aws:RequestTag/${TagKey}"",""aws:ResourceTag/${TagKey}"",""aws:TagKeys""]","True","https://docs.aws.amazon.com/service-authorization/latest/reference/list_healthlake.html"
"omics","AWS HealthOmics","[""AbortMultipartReadSetUpload"",""AcceptShare"",""BatchDeleteReadSet"",""CancelAnnotationImportJob"",""CancelRun"",""CancelRunBatch"",""CancelVariantImportJob"",""CompleteMultipartReadSetUpload"",""CreateAnnotationStore"",""CreateAnnotationStoreVersion"",""CreateConfiguration"",""CreateMultipartReadSetUpload"",""CreateReferenceStore"",""CreateRunCache"",""CreateRunGroup"",""CreateSequenceStore"",""CreateShare"",""CreateVariantStore"",""CreateWorkflow"",""CreateWorkflowVersion"",""DeleteAnnotationStore"",""DeleteAnnotationStoreVersions"",""DeleteBatch"",""DeleteConfiguration"",""DeleteReference"",""DeleteReferenceStore"",""DeleteRun"",""DeleteRunBatch"",""DeleteRunCache"",""DeleteRunGroup"",""DeleteS3AccessPolicy"",""DeleteSequenceStore"",""DeleteShare"",""DeleteVariantStore"",""DeleteWorkflow"",""DeleteWorkflowVersion"",""GetAnnotationImportJob"",""GetAnnotationStore"",""GetAnnotationStoreVersion"",""GetBatch"",""GetConfiguration"",""GetReadSet"",""GetReadSetActivationJob"",""GetReadSetExportJob"",""GetReadSetImportJob"",""GetReadSetMetadata"",""GetReference"",""GetReferenceImportJob"",""GetReferenceMetadata"",""GetReferenceStore"",""GetRun"",""GetRunCache"",""GetRunGroup"",""GetRunTask"",""GetS3AccessPolicy"",""GetSequenceStore"",""GetShare"",""GetVariantImportJob"",""GetVariantStore"",""GetWorkflow"",""GetWorkflowVersion"",""ListAnnotationImportJobs"",""ListAnnotationStoreVersions"",""ListAnnotationStores"",""ListBatch"",""ListConfigurations"",""ListMultipartReadSetUploads"",""ListReadSetActivationJobs"",""ListReadSetExportJobs"",""ListReadSetImportJobs"",""ListReadSetUploadParts"",""ListReadSets"",""ListReferenceImportJobs"",""ListReferenceStores"",""ListReferences"",""ListRunCaches"",""ListRunGroups"",""ListRunTasks"",""ListRuns"",""ListRunsInBatch"",""ListSequenceStores"",""ListShares"",""ListTagsForResource"",""ListVariantImportJobs"",""ListVariantStores"",""ListWorkflowVersions"",""ListWorkflows"",""PutS3AccessPolicy"",""StartAnnotationImportJob"",""StartReadSetActivationJob"",""StartReadSetExportJob"",""StartReadSetImportJob"",""StartReferenceImportJob"",""StartRun"",""StartRunBatch"",""StartVariantImportJob"",""TagResource"",""UntagResource"",""UpdateAnnotationStore"",""UpdateAnnotationStoreVersion"",""UpdateRunCache"",""UpdateRunGroup"",""UpdateSequenceStore"",""UpdateVariantStore"",""UpdateWorkflow"",""UpdateWorkflowVersion"",""UploadReadSetPart""]","arn:aws:omics:${Region}:${Account}:${ResourceType}/${ResourcePath}","^arn:aws:omics:${Region}:${Account}?:${ResourceType}/.+?","[""aws:RequestTag/${TagKey}"",""aws:ResourceTag/${TagKey}"",""aws:TagKeys""]","True","https://docs.aws.amazon.com/service-authorization/latest/reference/list_omics.html"
"access-analyzer","AWS IAM Access Analyzer","[""ApplyArchiveRule"",""CancelPolicyGeneration"",""CheckAccessNotGranted"",""CheckNoNewAccess"",""CheckNoPublicAccess"",""CreateAccessPreview"",""CreateAnalyzer"",""CreateArchiveRule"",""CreateServiceLinkedAnalyzer"",""DeleteAnalyzer"",""DeleteArchiveRule"",""DeleteServiceLinkedAnalyzer"",""GenerateFindingRecommendation"",""GetAccessPreview"",""GetAnalyzedResource"",""GetAnalyzer"",""GetArchiveRule"",""GetFinding"",""GetFindingRecommendation"",""GetFindingsStatistics"",""GetGeneratedPolicy"",""ListAccessPreviewFindings"",""ListAccessPreviews"",""ListAnalyzedResources"",""ListAnalyzers"",""ListArchiveRules"",""ListFindings"",""ListPolicyGenerations"",""ListTagsForResource"",""StartPolicyGeneration"",""StartResourceScan"",""TagResource"",""UntagResource"",""UpdateAnalyzer"",""UpdateArchiveRule"",""UpdateFindings"",""ValidatePolicy""]","arn:aws:access-analyzer:${Region}:${Account}:analyzer/${AnalyzerName}","^arn:aws:access-analyzer:.+","[""aws:RequestTag/${TagKey}"",""aws:ResourceTag/${TagKey}"",""aws:TagKeys""]","True","https://docs.aws.amazon.com/service-authorization/latest/reference/list_accessanalyzer.html"
"sso","AWS IAM Identity Center","[""AddRegion"",""AssociateDirectory"",""AssociateProfile"",""AttachCustomerManagedPolicyReferenceToPermissionSet"",""AttachManagedPolicyToPermissionSet"",""CreateAccountAssignment"",""CreateApplication"",""CreateApplicationAssignment"",""CreateApplicationInstance"",""CreateApplicationInstanceCertificate"",""CreateInstance"",""CreateInstanceAccessControlAttributeConfiguration"",""CreateManagedApplicationInstance"",""CreatePermissionSet"",""CreateProfile"",""CreateTrust"",""CreateTrustedTokenIssuer"",""DeleteAccountAssignment"",""DeleteApplication"",""DeleteApplicationAccessScope"",""DeleteApplicationAssignment"",""DeleteApplicationAuthenticationMethod"",""DeleteApplicationGrant"",""DeleteApplicationInstance"",""DeleteApplicationInstanceCertificate"",""DeleteInlinePolicyFromPermissionSet"",""DeleteInstance"",""DeleteInstanceAccessControlAttributeConfiguration"",""DeleteManagedApplicationInstance"",""DeletePermissionSet"",""DeletePermissionsBoundaryFromPermissionSet"",""DeleteProfile"",""DeleteTrustedTokenIssuer"",""DescribeAccountAssignmentCreationStatus"",""DescribeAccountAssignmentDeletionStatus"",""DescribeApplication"",""DescribeApplicationAssignment"",""DescribeApplicationProvider"",""DescribeInstance"",""DescribeInstanceAccessControlAttributeConfiguration"",""DescribePermissionSet"",""DescribePermissionSetProvisioningStatus"",""DescribeRegion"",""DescribeRegisteredRegions"",""DescribeTrustedTokenIssuer"",""DetachCustomerManagedPolicyReferenceFromPermissionSet"",""DetachManagedPolicyFromPermissionSet"",""DisassociateDirectory"",""DisassociateProfile"",""GetApplicationAccessScope"",""GetApplicationAssignmentConfiguration"",""GetApplicationAuthenticationMethod"",""GetApplicationGrant"",""GetApplicationInstance"",""GetApplicationSessionConfiguration"",""GetApplicationTemplate"",""GetInlinePolicyForPermissionSet"",""GetManagedApplicationInstance"",""GetMfaDeviceManagementForDirectory"",""GetPermissionSet"",""GetPermissionsBoundaryForPermissionSet"",""GetProfile"",""GetSSOStatus"",""GetSharedSsoConfiguration"",""GetSsoConfiguration"",""GetTrust"",""ImportApplicationInstanceServiceProviderMetadata"",""ListAccountAssignmentCreationStatus"",""ListAccountAssignmentDeletionStatus"",""ListAccountAssignments"",""ListAccountAssignmentsForPrincipal"",""ListAccountsForProvisionedPermissionSet"",""ListApplicationAccessScopes"",""ListApplicationAssignments"",""ListApplicationAssignmentsForPrincipal"",""ListApplicationAuthenticationMethods"",""ListApplicationGrants"",""ListApplicationInstanceCertificates"",""ListApplicationInstances"",""ListApplicationProviders"",""ListApplicationTemplates"",""ListApplications"",""ListCustomerManagedPolicyReferencesInPermissionSet"",""ListDirectoryAssociations"",""ListInstances"",""ListManagedPoliciesInPermissionSet"",""ListPermissionSetProvisioningStatus"",""ListPermissionSets"",""ListPermissionSetsProvisionedToAccount"",""ListProfileAssociations"",""ListProfiles"",""ListRegions"",""ListTagsForResource"",""ListTrustedTokenIssuers"",""ProvisionPermissionSet"",""PutApplicationAccessScope"",""PutApplicationAssignmentConfiguration"",""PutApplicationAuthenticationMethod"",""PutApplicationGrant"",""PutApplicationSessionConfiguration"",""PutInlinePolicyToPermissionSet"",""PutMfaDeviceManagementForDirectory"",""PutPermissionsBoundaryToPermissionSet"",""PutPermissionsPolicy"",""RemoveRegion"",""SearchGroups"",""SearchUsers"",""StartSSO"",""TagResource"",""UntagResource"",""UpdateApplication"",""UpdateApplicationInstanceActiveCertificate"",""UpdateApplicationInstanceDisplayData"",""UpdateApplicationInstanceResponseConfiguration"",""UpdateApplicationInstanceResponseSchemaConfiguration"",""UpdateApplicationInstanceSecurityConfiguration"",""UpdateApplicationInstanceServiceProviderConfiguration"",""UpdateApplicationInstanceStatus"",""UpdateInstance"",""UpdateInstanceAccessControlAttributeConfiguration"",""UpdateManagedApplicationInstanceStatus"",""UpdatePermissionSet"",""UpdateProfile"",""UpdateSSOConfiguration"",""UpdateTrust"",""UpdateTrustedTokenIssuer""]","arn:aws:sso:::${RelativeId}","^arn:aws:sso:::.+","[""aws:RequestTag/${TagKey}"",""aws:ResourceTag/${TagKey}"",""aws:TagKeys"",""identitycenter:ApplicationArn"",""identitycenter:InstanceArn"",""sso:ApplicationAccount"",""sso:PrimaryRegion""]","True","https://docs.aws.amazon.com/service-authorization/latest/reference/list_iam-identity-center.html"
"sso-directory","AWS IAM Identity Center directory","[""AddMemberToGroup"",""CompleteVirtualMfaDeviceRegistration"",""CompleteWebAuthnDeviceRegistration"",""CreateAlias"",""CreateBearerToken"",""CreateExternalIdPConfigurationForDirectory"",""CreateGroup"",""CreateProvisioningTenant"",""CreateUser"",""DeleteBearerToken"",""DeleteExternalIdPCertificate"",""DeleteExternalIdPConfigurationForDirectory"",""DeleteGroup"",""DeleteMfaDeviceForUser"",""DeleteProvisioningTenant"",""DeleteUser"",""DescribeDirectory"",""DescribeGroup"",""DescribeGroups"",""DescribeProvisioningTenant"",""DescribeUser"",""DescribeUserByUniqueAttribute"",""DescribeUsers"",""DisableExternalIdPConfigurationForDirectory"",""DisableUser"",""EnableExternalIdPConfigurationForDirectory"",""EnableUser"",""GetAWSSPConfigurationForDirectory"",""GetGroupId"",""GetUserId"",""GetUserPoolInfo"",""ImportExternalIdPCertificate"",""IsMemberInGroup"",""IsMemberInGroups"",""ListBearerTokens"",""ListExternalIdPCertificates"",""ListExternalIdPConfigurationsForDirectory"",""ListGroups"",""ListGroupsForMember"",""ListGroupsForUser"",""ListMembersInGroup"",""ListMfaDevicesForUser"",""ListProvisioningTenants"",""ListUsers"",""RemoveMemberFromGroup"",""SearchGroups"",""SearchUsers"",""StartVirtualMfaDeviceRegistration"",""StartWebAuthnDeviceRegistration"",""UpdateExternalIdPConfigurationForDirectory"",""UpdateGroup"",""UpdateGroupDisplayName"",""UpdateMfaDeviceForUser"",""UpdatePassword"",""UpdateUser"",""UpdateUserName"",""VerifyEmail""]","arn:${Partition}:sso-directory:${Region}:${Account}:${RelativeId}","^arn:${Partition}:sso-directory:${Region}:.+","null","False","https://docs.aws.amazon.com/service-authorization/latest/reference/list_sso-directory.html"
"sso-oauth","AWS IAM Identity Center OIDC service","[""CreateTokenWithIAM"",""IntrospectTokenWithIAM"",""RevokeTokenWithIAM""]","arn:aws:sso:::${RelativeId}","^arn:aws:sso:::.+","null","True","https://docs.aws.amazon.com/service-authorization/latest/reference/list_sso-oidc.html"
"iam","AWS Identity and Access Management (IAM)","[""AcceptDelegationRequest"",""AddClientIDToOpenIDConnectProvider"",""AddRoleToInstanceProfile"",""AddUserToGroup"",""AssociateDelegationRequest"",""AttachGroupPolicy"",""AttachRolePolicy"",""AttachUserPolicy"",""ChangePassword"",""CreateAccessKey"",""CreateAccountAlias"",""CreateDelegationRequest"",""CreateGroup"",""CreateInstanceProfile"",""CreateLoginProfile"",""CreateOpenIDConnectProvider"",""CreatePolicy"",""CreatePolicyVersion"",""CreateRole"",""CreateSAMLProvider"",""CreateServiceLinkedRole"",""CreateServiceSpecificCredential"",""CreateUser"",""CreateVirtualMFADevice"",""DeactivateMFADevice"",""DeleteAccessKey"",""DeleteAccountAlias"",""DeleteAccountPasswordPolicy"",""DeleteCloudFrontPublicKey"",""DeleteGroup"",""DeleteGroupPolicy"",""DeleteInstanceProfile"",""DeleteLoginProfile"",""DeleteOpenIDConnectProvider"",""DeletePolicy"",""DeletePolicyVersion"",""DeleteRole"",""DeleteRolePermissionsBoundary"",""DeleteRolePolicy"",""DeleteSAMLProvider"",""DeleteSSHPublicKey"",""DeleteServerCertificate"",""DeleteServiceLinkedRole"",""DeleteServiceSpecificCredential"",""DeleteSigningCertificate"",""DeleteUser"",""DeleteUserPermissionsBoundary"",""DeleteUserPolicy"",""DeleteVirtualMFADevice"",""DetachGroupPolicy"",""DetachRolePolicy"",""DetachUserPolicy"",""DisableOrganizationsRootCredentialsManagement"",""DisableOrganizationsRootSessions"",""DisableOutboundWebIdentityFederation"",""EnableMFADevice"",""EnableOrganizationsRootCredentialsManagement"",""EnableOrganizationsRootSessions"",""EnableOutboundWebIdentityFederation"",""GenerateCredentialReport"",""GenerateOrganizationsAccessReport"",""GenerateServiceLastAccessedDetails"",""GetAccessKeyLastUsed"",""GetAccountAuthorizationDetails"",""GetAccountEmailAddress"",""GetAccountName"",""GetAccountPasswordPolicy"",""GetAccountProperties"",""GetAccountSummary"",""GetCloudFrontPublicKey"",""GetContextKeysForCustomPolicy"",""GetContextKeysForPrincipalPolicy"",""GetCredentialReport"",""GetDelegationRequest"",""GetGroup"",""GetGroupPolicy"",""GetHumanReadableSummary"",""GetInstanceProfile"",""GetLoginProfile"",""GetMFADevice"",""GetOpenIDConnectProvider"",""GetOrganizationsAccessReport"",""GetOutboundWebIdentityFederationInfo"",""GetPolicy"",""GetPolicyVersion"",""GetRole"",""GetRolePolicy"",""GetRoleTemplateVersion"",""GetSAMLProvider"",""GetSSHPublicKey"",""GetServerCertificate"",""GetServiceLastAccessedDetails"",""GetServiceLastAccessedDetailsWithEntities"",""GetServiceLinkedRoleDeletionStatus"",""GetUser"",""GetUserPolicy"",""ListAccessKeys"",""ListAccountAliases"",""ListAttachedGroupPolicies"",""ListAttachedRolePolicies"",""ListAttachedUserPolicies"",""ListCloudFrontPublicKeys"",""ListDelegationRequests"",""ListEntitiesForPolicy"",""ListGroupPolicies"",""ListGroups"",""ListGroupsForUser"",""ListInstanceProfileTags"",""ListInstanceProfiles"",""ListInstanceProfilesForRole"",""ListMFADeviceTags"",""ListMFADevices"",""ListOpenIDConnectProviderTags"",""ListOpenIDConnectProviders"",""ListOrganizationsFeatures"",""ListPolicies"",""ListPoliciesGrantingServiceAccess"",""ListPolicyTags"",""ListPolicyVersions"",""ListRolePolicies"",""ListRoleTags"",""ListRoles"",""ListSAMLProviderTags"",""ListSAMLProviders"",""ListSSHPublicKeys"",""ListSTSRegionalEndpointsStatus"",""ListServerCertificateTags"",""ListServerCertificates"",""ListServiceSpecificCredentials"",""ListSigningCertificates"",""ListUserPolicies"",""ListUserTags"",""ListUsers"",""ListVirtualMFADevices"",""PassRole"",""PutAccountProperties"",""PutGroupPolicy"",""PutRolePermissionsBoundary"",""PutRolePolicy"",""PutUserPermissionsBoundary"",""PutUserPolicy"",""RejectDelegationRequest"",""RemoveClientIDFromOpenIDConnectProvider"",""RemoveRoleFromInstanceProfile"",""RemoveUserFromGroup"",""ResetServiceSpecificCredential"",""ResyncMFADevice"",""SendDelegationToken"",""SetDefaultPolicyVersion"",""SetSTSRegionalEndpointStatus"",""SetSecurityTokenServicePreferences"",""SimulateCustomPolicy"",""SimulatePrincipalPolicy"",""TagInstanceProfile"",""TagMFADevice"",""TagOpenIDConnectProvider"",""TagPolicy"",""TagRole"",""TagSAMLProvider"",""TagServerCertificate"",""TagUser"",""UntagInstanceProfile"",""UntagMFADevice"",""UntagOpenIDConnectProvider"",""UntagPolicy"",""UntagRole"",""UntagSAMLProvider"",""UntagServerCertificate"",""UntagUser"",""UpdateAccessKey"",""UpdateAccountEmailAddress"",""UpdateAccountName"",""UpdateAccountPasswordPolicy"",""UpdateAssumeRolePolicy"",""UpdateCloudFrontPublicKey"",""UpdateGroup"",""UpdateLoginProfile"",""UpdateOpenIDConnectProviderThumbprint"",""UpdateRole"",""UpdateRoleDescription"",""UpdateSAMLProvider"",""UpdateSSHPublicKey"",""UpdateServerCertificate"",""UpdateServiceSpecificCredential"",""UpdateSigningCertificate"",""UpdateUser"",""UploadCloudFrontPublicKey"",""UploadSSHPublicKey"",""UploadServerCertificate"",""UploadSigningCertificate""]","arn:aws:iam::${Account}:${ResourceType}/${ResourceName}","^arn:aws:iam::.+","[""aws:RequestTag/${TagKey}"",""aws:ResourceTag/${TagKey}"",""aws:TagKeys"",""iam:AWSServiceName"",""iam:AccountPropertyNamespaces"",""iam:AssociatedResourceArn"",""iam:DelegationDuration"",""iam:DelegationRequestOwner"",""iam:FIDO-FIPS-140-2-certification"",""iam:FIDO-FIPS-140-3-certification"",""iam:FIDO-certification"",""iam:NotificationChannel"",""iam:OrganizationsPolicyId"",""iam:PassedToService"",""iam:PermissionsBoundary"",""iam:PolicyARN"",""iam:RegisterSecurityKey"",""iam:ResourceTag/${TagKey}"",""iam:RoleTemplateARN"",""iam:ServiceSpecificCredentialAgeDays"",""iam:ServiceSpecificCredentialServiceName"",""iam:TemplateArn""]","True","https://docs.aws.amazon.com/service-authorization/latest/reference/list_iam.html"
"rolesanywhere","AWS Identity and Access Management Roles Anywhere","[""CreateProfile"",""CreateTrustAnchor"",""DeleteAttributeMapping"",""DeleteCrl"",""DeleteProfile"",""DeleteTrustAnchor"",""DisableCrl"",""DisableProfile"",""DisableTrustAnchor"",""EnableCrl"",""EnableProfile"",""EnableTrustAnchor"",""GetCrl"",""GetProfile"",""GetSubject"",""GetTrustAnchor"",""ImportCrl"",""ListCrls"",""ListProfiles"",""ListSubjects"",""ListTagsForResource"",""ListTrustAnchors"",""PutAttributeMapping"",""PutNotificationSettings"",""ResetNotificationSettings"",""TagResource"",""UntagResource"",""UpdateCrl"",""UpdateProfile"",""UpdateTrustAnchor""]","arn:aws:rolesanywhere:${Region}:${Account}:${ResourceType}/${ResourceId}","^arn:aws:rolesanywhere:.+:.+:.+","[""aws:RequestTag/${TagKey}"",""aws:ResourceTag/${TagKey}"",""aws:TagKeys""]","True","https://docs.aws.amazon.com/service-authorization/latest/reference/list_rolesanywhere.html"
"identitystore","AWS Identity Store","[""AddRegion"",""CreateGroup"",""CreateGroupMembership"",""CreateIdentityStore"",""CreateUser"",""DeleteGroup"",""DeleteGroupMembership"",""DeleteIdentityStore"",""DeleteUser"",""DescribeGroup"",""DescribeGroupMembership"",""DescribeIdentityStore"",""DescribeRegion"",""DescribeUser"",""GetGroupId"",""GetGroupMembershipId"",""GetUserId"",""IsMemberInGroups"",""ListGroupMemberships"",""ListGroupMembershipsForMember"",""ListGroups"",""ListIdentityStores"",""ListRegions"",""ListUsers"",""RemoveRegion"",""ReserveUser"",""UpdateGroup"",""UpdateIdentityStore"",""UpdateUser""]","arn:aws:identitystore::${Account}:${ResourceType}/${ResourceId}","^arn:aws:identitystore:.+","[""identitystore:GroupExternalIdIssuers"",""identitystore:IdentityStoreArn"",""identitystore:PrimaryRegion"",""identitystore:ReservedUserId"",""identitystore:UserExternalIdIssuers"",""identitystore:UserId""]","True","https://docs.aws.amazon.com/service-authorization/latest/reference/list_identitystore.html"
"identitystore-auth","AWS Identity Store Auth","[""BatchDeleteSession"",""BatchGetSession"",""ListSessions""]","arn:${Partition}:identitystore-auth:${Region}:${Account}:${RelativeId}","^arn:${Partition}:identitystore-auth:${Region}:.+","null","False","https://docs.aws.amazon.com/service-authorization/latest/reference/list_identitystore-auth.html"
"identity-sync","AWS Identity Sync","[""AllowVendedLogDeliveryForResource"",""CreateSyncFilter"",""CreateSyncProfile"",""CreateSyncTarget"",""DeleteSyncFilter"",""DeleteSyncProfile"",""DeleteSyncTarget"",""GetSyncProfile"",""GetSyncTarget"",""ListSyncFilters"",""StartSync"",""StopSync"",""UpdateSyncTarget""]","arn:aws:identity-sync:${Region}:${Account}:${ResourceType}/${ResourcePath}","^arn:aws:identity-sync:.+:.+:.+","null","True","https://docs.aws.amazon.com/service-authorization/latest/reference/list_identity-sync.html"
"importexport","AWS Import Export Disk Service","[""CancelJob"",""CreateJob"",""GetShippingLabel"",""GetStatus"",""ListJobs"",""UpdateJob""]","","","null","False","https://docs.aws.amazon.com/service-authorization/latest/reference/list_importexport.html"
"interconnect","AWS Interconnect","[""AcceptConnectionProposal"",""CreateConnection"",""DeleteConnection"",""DescribeConnectionProposal"",""GetConnection"",""GetEnvironment"",""ListAttachPoints"",""ListConnections"",""ListEnvironments"",""ListTagsForResource"",""TagResource"",""UntagResource"",""UpdateConnection""]","arn:aws:interconnect:${Region}:${Account}:${ResourceType}/${ResourcePath}","^arn:aws:interconnect:.+:.+:.+","[""aws:RequestTag/${TagKey}"",""aws:ResourceTag/${TagKey}"",""aws:TagKeys"",""interconnect:RemoteAccount""]","True","https://docs.aws.amazon.com/service-authorization/latest/reference/list_interconnect.html"
"invoicing","AWS Invoicing Service","[""BatchGetInvoiceProfile"",""CreateInvoiceUnit"",""CreateProcurementPortalPreference"",""DeleteInvoiceUnit"",""DeleteProcurementPortalPreference"",""GetInvoiceCorrection"",""GetInvoiceEmailDeliveryPreferences"",""GetInvoicePDF"",""GetInvoiceUnit"",""GetProcurementPortalPreference"",""ListInvoiceCorrections"",""ListInvoiceSummaries"",""ListInvoiceUnits"",""ListProcurementPortalPreferences"",""ListProcurementPortalSuppliers"",""ListProcurementPortals"",""ListTagsForResource"",""PutInvoiceEmailDeliveryPreferences"",""PutProcurementPortalPreference"",""SendProcurementPortalValidation"",""StartInvoiceCorrection"",""TagResource"",""UntagResource"",""UpdateInvoiceUnit"",""UpdateProcurementPortalPreferenceStatus"",""VerifyProcurementPortalValidation""]","arn:aws:invoicing::${Account}:${ResourceType}","^arn:aws:invoicing::.+:.+","[""aws:RequestTag/${TagKey}"",""aws:ResourceTag/${TagKey}"",""aws:TagKeys""]","True","https://docs.aws.amazon.com/service-authorization/latest/reference/list_invoicing.html"
"iot","AWS IoT","[""AcceptCertificateTransfer"",""AddThingToBillingGroup"",""AddThingToThingGroup"",""AssociateSbomWithPackageVersion"",""AssociateTargetsWithJob"",""AttachPolicy"",""AttachPrincipalPolicy"",""AttachSecurityProfile"",""AttachThingPrincipal"",""CancelAuditMitigationActionsTask"",""CancelAuditTask"",""CancelCertificateTransfer"",""CancelDetectMitigationActionsTask"",""CancelJob"",""CancelJobExecution"",""ClearDefaultAuthorizer"",""CloseTunnel"",""ConfirmTopicRuleDestination"",""Connect"",""CreateAuditSuppression"",""CreateAuthorizer"",""CreateBillingGroup"",""CreateCertificateFromCsr"",""CreateCertificateProvider"",""CreateCommand"",""CreateCustomMetric"",""CreateDimension"",""CreateDomainConfiguration"",""CreateDynamicThingGroup"",""CreateFleetMetric"",""CreateJob"",""CreateJobTemplate"",""CreateKeysAndCertificate"",""CreateMitigationAction"",""CreateOTAUpdate"",""CreatePackage"",""CreatePackageVersion"",""CreatePolicy"",""CreatePolicyVersion"",""CreateProvisioningClaim"",""CreateProvisioningTemplate"",""CreateProvisioningTemplateVersion"",""CreateRoleAlias"",""CreateScheduledAudit"",""CreateSecurityProfile"",""CreateStream"",""CreateThing"",""CreateThingGroup"",""CreateThingType"",""CreateTopicRule"",""CreateTopicRuleDestination"",""DeleteAccountAuditConfiguration"",""DeleteAuditSuppression"",""DeleteAuthorizer"",""DeleteBillingGroup"",""DeleteCACertificate"",""DeleteCertificate"",""DeleteCertificateProvider"",""DeleteCommand"",""DeleteCommandExecution"",""DeleteConnection"",""DeleteCustomMetric"",""DeleteDimension"",""DeleteDomainConfiguration"",""DeleteDynamicThingGroup"",""DeleteFleetMetric"",""DeleteJob"",""DeleteJobExecution"",""DeleteJobTemplate"",""DeleteMitigationAction"",""DeleteOTAUpdate"",""DeletePackage"",""DeletePackageVersion"",""DeletePolicy"",""DeletePolicyVersion"",""DeleteProvisioningTemplate"",""DeleteProvisioningTemplateVersion"",""DeleteRegistrationCode"",""DeleteRoleAlias"",""DeleteScheduledAudit"",""DeleteSecurityProfile"",""DeleteStream"",""DeleteThing"",""DeleteThingGroup"",""DeleteThingShadow"",""DeleteThingType"",""DeleteTopicRule"",""DeleteTopicRuleDestination"",""DeleteV2LoggingLevel"",""DeprecateThingType"",""DescribeAccountAuditConfiguration"",""DescribeAuditFinding"",""DescribeAuditMitigationActionsTask"",""DescribeAuditSuppression"",""DescribeAuditTask"",""DescribeAuthorizer"",""DescribeBillingGroup"",""DescribeCACertificate"",""DescribeCertificate"",""DescribeCertificateProvider"",""DescribeCustomMetric"",""DescribeDefaultAuthorizer"",""DescribeDetectMitigationActionsTask"",""DescribeDimension"",""DescribeDomainConfiguration"",""DescribeEncryptionConfiguration"",""DescribeEndpoint"",""DescribeEventConfigurations"",""DescribeFleetMetric"",""DescribeIndex"",""DescribeJob"",""DescribeJobExecution"",""DescribeJobTemplate"",""DescribeManagedJobTemplate"",""DescribeMitigationAction"",""DescribeProvisioningTemplate"",""DescribeProvisioningTemplateVersion"",""DescribeRoleAlias"",""DescribeScheduledAudit"",""DescribeSecurityProfile"",""DescribeStream"",""DescribeThing"",""DescribeThingGroup"",""DescribeThingRegistrationTask"",""DescribeThingType"",""DescribeTunnel"",""DetachPolicy"",""DetachPrincipalPolicy"",""DetachSecurityProfile"",""DetachThingPrincipal"",""DisableTopicRule"",""DisassociateSbomFromPackageVersion"",""EnableTopicRule"",""GetBehaviorModelTrainingSummaries"",""GetBucketsAggregation"",""GetCardinality"",""GetCommand"",""GetCommandExecution"",""GetConnection"",""GetEffectivePolicies"",""GetIndexingConfiguration"",""GetJobDocument"",""GetLoggingOptions"",""GetOTAUpdate"",""GetPackage"",""GetPackageConfiguration"",""GetPackageVersion"",""GetPercentiles"",""GetPolicy"",""GetPolicyVersion"",""GetRegistrationCode"",""GetRetainedMessage"",""GetStatistics"",""GetThingConnectivityData"",""GetThingShadow"",""GetTopicRule"",""GetTopicRuleDestination"",""GetV2LoggingOptions"",""ListActiveViolations"",""ListAttachedPolicies"",""ListAuditFindings"",""ListAuditMitigationActionsExecutions"",""ListAuditMitigationActionsTasks"",""ListAuditSuppressions"",""ListAuditTasks"",""ListAuthorizers"",""ListBillingGroups"",""ListCACertificates"",""ListCertificateProviders"",""ListCertificates"",""ListCertificatesByCA"",""ListCommandExecutions"",""ListCommands"",""ListCustomMetrics"",""ListDetectMitigationActionsExecutions"",""ListDetectMitigationActionsTasks"",""ListDimensions"",""ListDomainConfigurations"",""ListFleetMetrics"",""ListIndices"",""ListJobExecutionsForJob"",""ListJobExecutionsForThing"",""ListJobTemplates"",""ListJobs"",""ListManagedJobTemplates"",""ListMetricValues"",""ListMitigationActions"",""ListNamedShadowsForThing"",""ListOTAUpdates"",""ListOutgoingCertificates"",""ListPackageVersions"",""ListPackages"",""ListPolicies"",""ListPolicyPrincipals"",""ListPolicyVersions"",""ListPrincipalPolicies"",""ListPrincipalThings"",""ListPrincipalThingsV2"",""ListProvisioningTemplateVersions"",""ListProvisioningTemplates"",""ListRelatedResourcesForAuditFinding"",""ListRetainedMessages"",""ListRoleAliases"",""ListSbomValidationResults"",""ListScheduledAudits"",""ListSecurityProfiles"",""ListSecurityProfilesForTarget"",""ListStreams"",""ListSubscriptions"",""ListTagsForResource"",""ListTargetsForPolicy"",""ListTargetsForSecurityProfile"",""ListThingGroups"",""ListThingGroupsForThing"",""ListThingPrincipals"",""ListThingPrincipalsV2"",""ListThingRegistrationTaskReports"",""ListThingRegistrationTasks"",""ListThingTypes"",""ListThings"",""ListThingsInBillingGroup"",""ListThingsInThingGroup"",""ListTopicRuleDestinations"",""ListTopicRules"",""ListTunnels"",""ListV2LoggingLevels"",""ListViolationEvents"",""OpenTunnel"",""Publish"",""PutVerificationStateOnViolation"",""Receive"",""RegisterCACertificate"",""RegisterCertificate"",""RegisterCertificateWithoutCA"",""RegisterThing"",""RejectCertificateTransfer"",""RemoveThingFromBillingGroup"",""RemoveThingFromThingGroup"",""ReplaceTopicRule"",""RetainPublish"",""RotateTunnelAccessToken"",""SearchIndex"",""SendDirectMessage"",""SetDefaultAuthorizer"",""SetDefaultPolicyVersion"",""SetLoggingOptions"",""SetV2LoggingLevel"",""SetV2LoggingOptions"",""StartAuditMitigationActionsTask"",""StartCommandExecution"",""StartDetectMitigationActionsTask"",""StartOnDemandAuditTask"",""StartThingRegistrationTask"",""StopThingRegistrationTask"",""Subscribe"",""TagResource"",""TestAuthorization"",""TestInvokeAuthorizer"",""TransferCertificate"",""UntagResource"",""UpdateAccountAuditConfiguration"",""UpdateAuditSuppression"",""UpdateAuthorizer"",""UpdateBillingGroup"",""UpdateCACertificate"",""UpdateCertificate"",""UpdateCertificateProvider"",""UpdateCommand"",""UpdateCustomMetric"",""UpdateDimension"",""UpdateDomainConfiguration"",""UpdateDynamicThingGroup"",""UpdateEncryptionConfiguration"",""UpdateEventConfigurations"",""UpdateFleetMetric"",""UpdateIndexingConfiguration"",""UpdateJob"",""UpdateMitigationAction"",""UpdatePackage"",""UpdatePackageConfiguration"",""UpdatePackageVersion"",""UpdateProvisioningTemplate"",""UpdateRoleAlias"",""UpdateScheduledAudit"",""UpdateSecurityProfile"",""UpdateStream"",""UpdateThing"",""UpdateThingGroup"",""UpdateThingGroupsForThing"",""UpdateThingShadow"",""UpdateThingType"",""UpdateTopicRuleDestination"",""ValidateSecurityProfileBehaviors""]","arn:aws:iot:${Region}:${Account}:${Type}/${Name}","^arn:aws:iot:. :[0-9] :. ","[""aws:RequestTag/${TagKey}"",""aws:ResourceTag/${TagKey}"",""aws:TagKeys"",""iot:ClientMode"",""iot:CommandExecutionParameterBoolean/${CommandParameterName}"",""iot:CommandExecutionParameterNumber/${CommandParameterName}"",""iot:CommandExecutionParameterString/${CommandParameterName}"",""iot:Delete"",""iot:DomainName"",""iot:IncludeSocketInformation"",""iot:ThingGroupArn"",""iot:Topic"",""iot:TunnelDestinationService"",""iot:thingArn""]","True","https://docs.aws.amazon.com/service-authorization/latest/reference/list_iot.html"
"iotanalytics","AWS IoT Analytics","[""BatchPutMessage"",""CancelPipelineReprocessing"",""CreateChannel"",""CreateDataset"",""CreateDatasetContent"",""CreateDatastore"",""CreatePipeline"",""DeleteChannel"",""DeleteDataset"",""DeleteDatasetContent"",""DeleteDatastore"",""DeletePipeline"",""DescribeChannel"",""DescribeDataset"",""DescribeDatastore"",""DescribeLoggingOptions"",""DescribePipeline"",""GetDatasetContent"",""ListChannels"",""ListDatasetContents"",""ListDatasets"",""ListDatastores"",""ListPipelines"",""ListTagsForResource"",""PutLoggingOptions"",""RunPipelineActivity"",""SampleChannelData"",""StartPipelineReprocessing"",""TagResource"",""UntagResource"",""UpdateChannel"",""UpdateDataset"",""UpdateDatastore"",""UpdatePipeline""]","arn:aws:iotanalytics:${Region}:${Account}:${ResourceType}/${ResourceName}","^arn:aws:iotanalytics:.+","[""aws:RequestTag/${TagKey}"",""aws:TagKeys"",""iotanalytics:ResourceTag/${TagKey}""]","True","https://docs.aws.amazon.com/service-authorization/latest/reference/list_iotanalytics.html"
"iotdeviceadvisor","AWS IoT Core Device Advisor","[""CreateSuiteDefinition"",""DeleteSuiteDefinition"",""GetEndpoint"",""GetSuiteDefinition"",""GetSuiteRun"",""GetSuiteRunReport"",""ListSuiteDefinitions"",""ListSuiteRuns"",""ListTagsForResource"",""StartSuiteRun"",""StopSuiteRun"",""TagResource"",""UntagResource"",""UpdateSuiteDefinition""]","arn:aws:iotdeviceadvisor:${Region}:${Account}:${ResourceType}/${ResourceName}","^arn:aws:iotdeviceadvisor:.+","[""aws:RequestTag/${TagKey}"",""aws:ResourceTag/${TagKey}"",""aws:TagKeys""]","True","https://docs.aws.amazon.com/service-authorization/latest/reference/list_iotdeviceadvisor.html"
"iot-device-tester","AWS IoT Device Tester","[""CheckVersion"",""DownloadTestSuite"",""LatestIdt"",""SendMetrics"",""SupportedVersion""]","arn:${Partition}:iot-device-tester:${Region}:${Account}:${ResourceType}/${ResourceName}","^arn:.+:iot-device-tester:.+:.+:.+","null","False","https://docs.aws.amazon.com/service-authorization/latest/reference/list_iot-device-tester.html"
"iotfleethub","AWS IoT Fleet Hub for Device Management","[""CreateApplication"",""DeleteApplication"",""DescribeApplication"",""ListApplications"",""ListTagsForResource"",""TagResource"",""UntagResource"",""UpdateApplication""]","arn:aws:iotfleethub:${Region}:${AccountId}:${ResourceType}/${ResourceName}","^arn:aws:iotfleethub:.+:.+:.+","[""aws:RequestTag/${TagKey}"",""aws:ResourceTag/${TagKey}"",""aws:TagKeys""]","True","https://docs.aws.amazon.com/service-authorization/latest/reference/list_iotfleethub.html"
"iotfleetwise","AWS IoT FleetWise","[""AssociateVehicleFleet"",""CreateCampaign"",""CreateDecoderManifest"",""CreateFleet"",""CreateModelManifest"",""CreateSignalCatalog"",""CreateStateTemplate"",""CreateVehicle"",""DeleteCampaign"",""DeleteDecoderManifest"",""DeleteFleet"",""DeleteModelManifest"",""DeleteSignalCatalog"",""DeleteStateTemplate"",""DeleteVehicle"",""DisassociateVehicleFleet"",""GenerateCommandPayload"",""GetCampaign"",""GetDecoderManifest"",""GetEncryptionConfiguration"",""GetFleet"",""GetLoggingOptions"",""GetModelManifest"",""GetRegisterAccountStatus"",""GetSignalCatalog"",""GetStateTemplate"",""GetVehicle"",""GetVehicleStatus"",""ImportDecoderManifest"",""ImportSignalCatalog"",""ListCampaigns"",""ListDecoderManifestNetworkInterfaces"",""ListDecoderManifestSignals"",""ListDecoderManifests"",""ListFleets"",""ListFleetsForVehicle"",""ListModelManifestNodes"",""ListModelManifests"",""ListSignalCatalogNodes"",""ListSignalCatalogs"",""ListStateTemplates"",""ListTagsForResource"",""ListVehicles"",""ListVehiclesInFleet"",""PutEncryptionConfiguration"",""PutLoggingOptions"",""RegisterAccount"",""TagResource"",""UntagResource"",""UpdateCampaign"",""UpdateDecoderManifest"",""UpdateFleet"",""UpdateModelManifest"",""UpdateSignalCatalog"",""UpdateStateTemplate"",""UpdateVehicle""]","arn:aws:iotfleetwise:${Region}:${Account}:${Type}/${Name}","^arn:aws:iotfleetwise:.+:[0-9]+:.+","[""aws:RequestTag/${TagKey}"",""aws:ResourceTag/${TagKey}"",""aws:TagKeys"",""iotfleetwise:DestinationArn"",""iotfleetwise:Signals"",""iotfleetwise:UpdateToDecoderManifestArn"",""iotfleetwise:UpdateToModelManifestArn""]","True","https://docs.aws.amazon.com/service-authorization/latest/reference/list_iotfleetwise.html"
"greengrass","AWS IoT Greengrass","[""AssociateRoleToGroup"",""AssociateServiceRoleToAccount"",""CreateConnectorDefinition"",""CreateConnectorDefinitionVersion"",""CreateCoreDefinition"",""CreateCoreDefinitionVersion"",""CreateDeployment"",""CreateDeviceDefinition"",""CreateDeviceDefinitionVersion"",""CreateFunctionDefinition"",""CreateFunctionDefinitionVersion"",""CreateGroup"",""CreateGroupCertificateAuthority"",""CreateGroupVersion"",""CreateLoggerDefinition"",""CreateLoggerDefinitionVersion"",""CreateResourceDefinition"",""CreateResourceDefinitionVersion"",""CreateSoftwareUpdateJob"",""CreateSubscriptionDefinition"",""CreateSubscriptionDefinitionVersion"",""DeleteConnectorDefinition"",""DeleteCoreDefinition"",""DeleteDeviceDefinition"",""DeleteFunctionDefinition"",""DeleteGroup"",""DeleteLoggerDefinition"",""DeleteResourceDefinition"",""DeleteSubscriptionDefinition"",""DisassociateRoleFromGroup"",""DisassociateServiceRoleFromAccount"",""Discover"",""GetAssociatedRole"",""GetBulkDeploymentStatus"",""GetConnectivityInfo"",""GetConnectorDefinition"",""GetConnectorDefinitionVersion"",""GetCoreDefinition"",""GetCoreDefinitionVersion"",""GetDeploymentStatus"",""GetDeviceDefinition"",""GetDeviceDefinitionVersion"",""GetFunctionDefinition"",""GetFunctionDefinitionVersion"",""GetGroup"",""GetGroupCertificateAuthority"",""GetGroupCertificateConfiguration"",""GetGroupVersion"",""GetLoggerDefinition"",""GetLoggerDefinitionVersion"",""GetResourceDefinition"",""GetResourceDefinitionVersion"",""GetServiceRoleForAccount"",""GetSubscriptionDefinition"",""GetSubscriptionDefinitionVersion"",""GetThingRuntimeConfiguration"",""ListBulkDeploymentDetailedReports"",""ListBulkDeployments"",""ListConnectorDefinitionVersions"",""ListConnectorDefinitions"",""ListCoreDefinitionVersions"",""ListCoreDefinitions"",""ListDeployments"",""ListDeviceDefinitionVersions"",""ListDeviceDefinitions"",""ListFunctionDefinitionVersions"",""ListFunctionDefinitions"",""ListGroupCertificateAuthorities"",""ListGroupVersions"",""ListGroups"",""ListLoggerDefinitionVersions"",""ListLoggerDefinitions"",""ListResourceDefinitionVersions"",""ListResourceDefinitions"",""ListSubscriptionDefinitionVersions"",""ListSubscriptionDefinitions"",""ListTagsForResource"",""ResetDeployments"",""StartBulkDeployment"",""StopBulkDeployment"",""TagResource"",""UntagResource"",""UpdateConnectivityInfo"",""UpdateConnectorDefinition"",""UpdateCoreDefinition"",""UpdateDeviceDefinition"",""UpdateFunctionDefinition"",""UpdateGroup"",""UpdateGroupCertificateConfiguration"",""UpdateLoggerDefinition"",""UpdateResourceDefinition"",""UpdateSubscriptionDefinition"",""UpdateThingRuntimeConfiguration""]","arn:aws:greengrass:${Region}:${Account}:/greengrass/${ResourceType}/${ResourcePath}","^arn:aws:greengrass:.+:[0-9]+:.+","[""aws:RequestTag/${TagKey}"",""aws:ResourceTag/${TagKey}"",""aws:TagKeys""]","True","https://docs.aws.amazon.com/service-authorization/latest/reference/list_greengrass.html"
"greengrass","AWS IoT Greengrass V2","[""AssociateServiceRoleToAccount"",""BatchAssociateClientDeviceWithCoreDevice"",""BatchDisassociateClientDeviceFromCoreDevice"",""CancelDeployment"",""CreateComponentVersion"",""CreateDeployment"",""DeleteComponent"",""DeleteCoreDevice"",""DeleteDeployment"",""DescribeComponent"",""DisassociateServiceRoleFromAccount"",""GetComponent"",""GetComponentVersionArtifact"",""GetConnectivityInfo"",""GetCoreDevice"",""GetDeployment"",""GetServiceRoleForAccount"",""ListClientDevicesAssociatedWithCoreDevice"",""ListComponentVersions"",""ListComponents"",""ListCoreDevices"",""ListDeployments"",""ListEffectiveDeployments"",""ListInstalledComponents"",""ListTagsForResource"",""ResolveComponentCandidates"",""TagResource"",""UntagResource"",""UpdateConnectivityInfo""]","arn:aws:greengrass:${Region}:${Account}:${ResourceType}:${ResourcePath}","^arn:aws:greengrass:.+","[""aws:RequestTag/${TagKey}"",""aws:ResourceTag/${TagKey}"",""aws:TagKeys""]","True","https://docs.aws.amazon.com/service-authorization/latest/reference/list_greengrassv2.html"
"iotjobsdata","AWS IoT Jobs DataPlane","[""DescribeJobExecution"",""GetPendingJobExecutions"",""StartNextPendingJobExecution"",""UpdateJobExecution""]","arn:aws:iot:${Region}:${Account}:${Type}/${Name}","^arn:aws:iot:.+:[0-9]+:.+","""iot:JobId""","True","https://docs.aws.amazon.com/service-authorization/latest/reference/list_iot-jobs-data.html"
"iotmanagedintegrations","AWS IoT Managed Integrations","[""CreateAccountAssociation"",""CreateCloudConnector"",""CreateConnectorDestination"",""CreateCredentialLocker"",""CreateDestination"",""CreateEventLogConfiguration"",""CreateManagedThing"",""CreateNotificationConfiguration"",""CreateOtaTask"",""CreateOtaTaskConfiguration"",""CreateProvisioningProfile"",""DeleteAccountAssociation"",""DeleteCloudConnector"",""DeleteConnectorDestination"",""DeleteCredentialLocker"",""DeleteDestination"",""DeleteEventLogConfiguration"",""DeleteManagedThing"",""DeleteNotificationConfiguration"",""DeleteOtaTask"",""DeleteOtaTaskConfiguration"",""DeleteProvisioningProfile"",""DeregisterAccountAssociation"",""GetAccountAssociation"",""GetCloudConnector"",""GetConnectorDestination"",""GetCredentialLocker"",""GetCustomEndpoint"",""GetDefaultEncryptionConfiguration"",""GetDestination"",""GetDeviceDiscovery"",""GetEventLogConfiguration"",""GetHubConfiguration"",""GetManagedThing"",""GetManagedThingCapabilities"",""GetManagedThingCertificate"",""GetManagedThingConnectivityData"",""GetManagedThingMetaData"",""GetManagedThingState"",""GetNotificationConfiguration"",""GetOtaTask"",""GetOtaTaskConfiguration"",""GetProvisioningProfile"",""GetRuntimeLogConfiguration"",""GetSchemaVersion"",""ListAccountAssociations"",""ListCloudConnectors"",""ListConnectorDestinations"",""ListCredentialLockers"",""ListDestinations"",""ListDeviceDiscoveries"",""ListDiscoveredDevices"",""ListEventLogConfigurations"",""ListManagedThingAccountAssociations"",""ListManagedThingSchemas"",""ListManagedThings"",""ListNotificationConfigurations"",""ListOtaTaskConfigurations"",""ListOtaTaskExecutions"",""ListOtaTasks"",""ListProvisioningProfiles"",""ListSchemaVersions"",""ListTagsForResource"",""PutDefaultEncryptionConfiguration"",""PutHubConfiguration"",""PutRuntimeLogConfiguration"",""RegisterAccountAssociation"",""RegisterCustomEndpoint"",""ResetRuntimeLogConfiguration"",""SendConnectorEvent"",""SendManagedThingCommand"",""StartAccountAssociationRefresh"",""StartDeviceDiscovery"",""TagResource"",""UntagResource"",""UpdateAccountAssociation"",""UpdateCloudConnector"",""UpdateConnectorDestination"",""UpdateDestination"",""UpdateEventLogConfiguration"",""UpdateManagedThing"",""UpdateNotificationConfiguration"",""UpdateOtaTask""]","arn:aws:iotmanagedintegrations:${Region}:${Account}:${ResourceType}/${ResourcePath}","^arn:aws:iotmanagedintegrations:.+:.+:.+","[""aws:RequestTag/${TagKey}"",""aws:ResourceTag/${TagKey}"",""aws:TagKeys"",""iotmanagedintegrations:cloudConnectorId"",""iotmanagedintegrations:connectorDestinationId""]","True","https://docs.aws.amazon.com/service-authorization/latest/reference/list_iot-managed-integrations.html"
"iotsitewise","AWS IoT SiteWise","[""AssociateAssets"",""AssociateTimeSeriesToAssetProperty"",""BatchAssociateDataSegmentsToDataset"",""BatchAssociateProjectAssets"",""BatchDeleteDatasetDataSegments"",""BatchDisassociateDataSegmentsFromDataset"",""BatchDisassociateProjectAssets"",""BatchGetAssetPropertyAggregates"",""BatchGetAssetPropertyValue"",""BatchGetAssetPropertyValueHistory"",""BatchPutAssetPropertyValue"",""CancelEnrichmentJob"",""CancelPipelineExecution"",""CancelQuery"",""CreateAccessPolicy"",""CreateApplication"",""CreateAsset"",""CreateAssetModel"",""CreateAssetModelCompositeModel"",""CreateBulkImportJob"",""CreateComputationModel"",""CreateDashboard"",""CreateDataset"",""CreateDatasetExportJob"",""CreateEnrichmentJob"",""CreateGateway"",""CreatePipeline"",""CreatePortal"",""CreateProject"",""CreateTask"",""CreateWorkspace"",""DeleteAccessPolicy"",""DeleteApplication"",""DeleteAsset"",""DeleteAssetModel"",""DeleteAssetModelCompositeModel"",""DeleteAssetModelInterfaceRelationship"",""DeleteComputationModel"",""DeleteDashboard"",""DeleteDataset"",""DeleteGateway"",""DeletePipeline"",""DeletePortal"",""DeleteProject"",""DeleteTask"",""DeleteTimeSeries"",""DeleteWorkspace"",""DescribeAccessPolicy"",""DescribeAction"",""DescribeApplication"",""DescribeAsset"",""DescribeAssetCompositeModel"",""DescribeAssetModel"",""DescribeAssetModelCompositeModel"",""DescribeAssetModelInterfaceRelationship"",""DescribeAssetProperty"",""DescribeBulkImportJob"",""DescribeComputationModel"",""DescribeComputationModelExecutionSummary"",""DescribeDashboard"",""DescribeDataset"",""DescribeDatasetExportJob"",""DescribeDefaultEncryptionConfiguration"",""DescribeEnrichmentJob"",""DescribeExecution"",""DescribeGateway"",""DescribeGatewayCapabilityConfiguration"",""DescribeLoggingOptions"",""DescribePipeline"",""DescribePipelineExecution"",""DescribePortal"",""DescribeProject"",""DescribeQuery"",""DescribeSearch"",""DescribeStorageConfiguration"",""DescribeTask"",""DescribeTimeSeries"",""DescribeWorkspace"",""DisassociateAssets"",""DisassociateTimeSeriesFromAssetProperty"",""EnableSiteWiseIntegration"",""ExecuteAction"",""ExecuteQuery"",""GetAssetPropertyAggregates"",""GetAssetPropertyValue"",""GetAssetPropertyValueHistory"",""GetCaptureData"",""GetInterpolatedAssetPropertyValues"",""GetQueryResults"",""GetSearchResults"",""InvokeAssistant"",""ListAccessPolicies"",""ListActions"",""ListApplications"",""ListAssetModelCompositeModels"",""ListAssetModelProperties"",""ListAssetModels"",""ListAssetProperties"",""ListAssetRelationships"",""ListAssets"",""ListAssociatedAssets"",""ListBulkImportJobs"",""ListCompositionRelationships"",""ListComputationModelDataBindingUsages"",""ListComputationModelResolveToResources"",""ListComputationModels"",""ListDashboards"",""ListDatasetDataSegmentRelationships"",""ListDatasetDataSegments"",""ListDatasetExportJobs"",""ListDatasets"",""ListEnrichmentJobs"",""ListExecutions"",""ListGateways"",""ListInterfaceRelationships"",""ListPipelineExecutions"",""ListPipelines"",""ListPortals"",""ListProjectAssets"",""ListProjects"",""ListQueries"",""ListSearches"",""ListTagsForResource"",""ListTasks"",""ListTimeSeries"",""ListWorkspaces"",""PutAssetModelInterfaceRelationship"",""PutDefaultEncryptionConfiguration"",""PutLoggingOptions"",""PutStorageConfiguration"",""StartPipelineExecution"",""StartQuery"",""StartSearch"",""TagResource"",""UntagResource"",""UpdateAccessPolicy"",""UpdateAsset"",""UpdateAssetModel"",""UpdateAssetModelCompositeModel"",""UpdateAssetModelPropertyRouting"",""UpdateAssetProperty"",""UpdateComputationModel"",""UpdateDashboard"",""UpdateDataset"",""UpdateGateway"",""UpdateGatewayCapabilityConfiguration"",""UpdatePipeline"",""UpdatePortal"",""UpdateProject"",""UpdateTask"",""UpdateWorkspace""]","arn:aws:iotsitewise:${Region}:${Account}:${ResourceType}/${ResourceId}","^arn:aws:iotsitewise:.+:.+:.+","[""aws:RequestTag/${TagKey}"",""aws:ResourceTag/${TagKey}"",""aws:TagKeys"",""iotsitewise:assetHierarchyPath"",""iotsitewise:childAssetId"",""iotsitewise:group"",""iotsitewise:iam"",""iotsitewise:isAssociatedWithAssetProperty"",""iotsitewise:portal"",""iotsitewise:project"",""iotsitewise:propertyAlias"",""iotsitewise:propertyId"",""iotsitewise:taskArns"",""iotsitewise:user""]","True","https://docs.aws.amazon.com/service-authorization/latest/reference/list_iotsitewise.html"
"iottwinmaker","AWS IoT TwinMaker","[""BatchPutPropertyValues"",""CancelMetadataTransferJob"",""CreateComponentType"",""CreateEntity"",""CreateMetadataTransferJob"",""CreateScene"",""CreateSyncJob"",""CreateWorkspace"",""DeleteComponentType"",""DeleteEntity"",""DeleteScene"",""DeleteSyncJob"",""DeleteWorkspace"",""ExecuteQuery"",""GetComponentType"",""GetEntity"",""GetMetadataTransferJob"",""GetPricingPlan"",""GetPropertyValue"",""GetPropertyValueHistory"",""GetScene"",""GetSyncJob"",""GetWorkspace"",""ListComponentTypes"",""ListComponents"",""ListEntities"",""ListMetadataTransferJobs"",""ListProperties"",""ListScenes"",""ListSyncJobs"",""ListSyncResources"",""ListTagsForResource"",""ListWorkspaces"",""TagResource"",""UntagResource"",""UpdateComponentType"",""UpdateEntity"",""UpdatePricingPlan"",""UpdateScene"",""UpdateWorkspace""]","arn:aws:iottwinmaker:${Region}:${Account}:${ResourceType}/${ResourceTypeId}","^arn:aws:iottwinmaker:.+:.+:.+","[""aws:RequestTag/${TagKey}"",""aws:ResourceTag/${TagKey}"",""aws:TagKeys"",""iottwinmaker:destinationType"",""iottwinmaker:linkedServices"",""iottwinmaker:sourceType""]","True","https://docs.aws.amazon.com/service-authorization/latest/reference/list_iottwinmaker.html"
"iotwireless","AWS IoT Wireless","[""AssociateAwsAccountWithPartnerAccount"",""AssociateMulticastGroupWithFuotaTask"",""AssociateWirelessDeviceWithFuotaTask"",""AssociateWirelessDeviceWithMulticastGroup"",""AssociateWirelessDeviceWithThing"",""AssociateWirelessGatewayWithCertificate"",""AssociateWirelessGatewayWithThing"",""CancelMulticastGroupSession"",""CreateDestination"",""CreateDeviceProfile"",""CreateFuotaTask"",""CreateMulticastGroup"",""CreateNetworkAnalyzerConfiguration"",""CreateServiceProfile"",""CreateWirelessDevice"",""CreateWirelessGateway"",""CreateWirelessGatewayTask"",""CreateWirelessGatewayTaskDefinition"",""DeleteDestination"",""DeleteDeviceProfile"",""DeleteFuotaTask"",""DeleteMulticastGroup"",""DeleteNetworkAnalyzerConfiguration"",""DeleteQueuedMessages"",""DeleteServiceProfile"",""DeleteWirelessDevice"",""DeleteWirelessDeviceImportTask"",""DeleteWirelessGateway"",""DeleteWirelessGatewayTask"",""DeleteWirelessGatewayTaskDefinition"",""DeregisterWirelessDevice"",""DisassociateAwsAccountFromPartnerAccount"",""DisassociateMulticastGroupFromFuotaTask"",""DisassociateWirelessDeviceFromFuotaTask"",""DisassociateWirelessDeviceFromMulticastGroup"",""DisassociateWirelessDeviceFromThing"",""DisassociateWirelessGatewayFromCertificate"",""DisassociateWirelessGatewayFromThing"",""GetDestination"",""GetDeviceProfile"",""GetEventConfigurationByResourceTypes"",""GetFuotaTask"",""GetLogLevelsByResourceTypes"",""GetMetricConfiguration"",""GetMetrics"",""GetMulticastGroup"",""GetMulticastGroupSession"",""GetNetworkAnalyzerConfiguration"",""GetPartnerAccount"",""GetPosition"",""GetPositionConfiguration"",""GetPositionEstimate"",""GetResourceEventConfiguration"",""GetResourceLogLevel"",""GetResourcePosition"",""GetServiceEndpoint"",""GetServiceProfile"",""GetWirelessDevice"",""GetWirelessDeviceImportTask"",""GetWirelessDeviceStatistics"",""GetWirelessGateway"",""GetWirelessGatewayCertificate"",""GetWirelessGatewayFirmwareInformation"",""GetWirelessGatewayStatistics"",""GetWirelessGatewayTask"",""GetWirelessGatewayTaskDefinition"",""ListDestinations"",""ListDeviceProfiles"",""ListDevicesForWirelessDeviceImportTask"",""ListEventConfigurations"",""ListFuotaTasks"",""ListMulticastGroups"",""ListMulticastGroupsByFuotaTask"",""ListNetworkAnalyzerConfigurations"",""ListPartnerAccounts"",""ListPositionConfigurations"",""ListQueuedMessages"",""ListServiceProfiles"",""ListTagsForResource"",""ListWirelessDeviceImportTasks"",""ListWirelessDevices"",""ListWirelessGatewayTaskDefinitions"",""ListWirelessGateways"",""PutPositionConfiguration"",""PutResourceLogLevel"",""ResetAllResourceLogLevels"",""ResetResourceLogLevel"",""SendDataToMulticastGroup"",""SendDataToWirelessDevice"",""StartBulkAssociateWirelessDeviceWithMulticastGroup"",""StartBulkDisassociateWirelessDeviceFromMulticastGroup"",""StartFuotaTask"",""StartMulticastGroupSession"",""StartNetworkAnalyzerStream"",""StartSingleWirelessDeviceImportTask"",""StartWirelessDeviceImportTask"",""TagResource"",""TestWirelessDevice"",""UntagResource"",""UpdateDestination"",""UpdateEventConfigurationByResourceTypes"",""UpdateFuotaTask"",""UpdateLogLevelsByResourceTypes"",""UpdateMetricConfiguration"",""UpdateMulticastGroup"",""UpdateNetworkAnalyzerConfiguration"",""UpdatePartnerAccount"",""UpdatePosition"",""UpdateResourceEventConfiguration"",""UpdateResourcePosition"",""UpdateWirelessDevice"",""UpdateWirelessDeviceImportTask"",""UpdateWirelessGateway""]","arn:aws:iotwireless:${Region}:${Account}:${ResourceType}/${ResourceId}","^arn:aws:iotwireless:.+","[""aws:RequestTag/${TagKey}"",""aws:ResourceTag/${TagKey}"",""aws:TagKeys"",""iotwireless:DestinationName"",""iotwireless:DeviceProfileId"",""iotwireless:ServiceProfileId""]","True","https://docs.aws.amazon.com/service-authorization/latest/reference/list_iotwireless.html"
"iq","AWS IQ","[""AcceptCall"",""ApprovePaymentRequest"",""ApproveProposal"",""ArchiveConversation"",""CompleteProposal"",""CreateConversation"",""CreateExpert"",""CreateListing"",""CreateMilestoneProposal"",""CreatePaymentRequest"",""CreateProject"",""CreateRequest"",""CreateScheduledProposal"",""CreateSeller"",""CreateUpfrontProposal"",""DeclineCall"",""DeleteAttachment"",""DisableIndividualPublicProfile"",""DownloadAttachment"",""EnableIndividualPublicProfile"",""EndCall"",""GetBuyer"",""GetCall"",""GetChatInfo"",""GetChatMessages"",""GetChatToken"",""GetCompanyChatMessages"",""GetCompanyProfile"",""GetConversation"",""GetExpert"",""GetListing"",""GetMarketplaceSeller"",""GetPaymentRequest"",""GetProposal"",""GetRequest"",""GetReview"",""HideRequest"",""InitiateCall"",""LinkAwsCertification"",""ListAttachments"",""ListConversations"",""ListExpertAccessLogs"",""ListListings"",""ListPaymentRequests"",""ListProposals"",""ListRequests"",""ListReviews"",""MarkChatMessageRead"",""RejectPaymentRequest"",""RejectProposal"",""SendCompanyChatMessage"",""SendIndividualChatMessage"",""UnarchiveConversation"",""UnlinkAwsCertification"",""UpdateCompanyProfile"",""UpdateConversationMembers"",""UpdateExpert"",""UpdateListing"",""UpdateRequest"",""UploadAttachment"",""WithdrawPaymentRequest"",""WithdrawProposal"",""WriteReview""]","arn:aws:iq:${Region}:${Account}:${ResourceType}/${ResourceName}","^arn:aws:iq:.+","null","True","https://docs.aws.amazon.com/service-authorization/latest/reference/list_iq.html"
"iq-permission","AWS IQ Permissions","[""ApproveAccessGrant"",""ApprovePermissionRequest"",""AssumePermissionRole"",""CreatePermissionRequest"",""GetPermissionRequest"",""ListPermissionRequests"",""RejectPermissionRequest"",""RevokePermissionRequest"",""WithdrawPermissionRequest""]","arn:aws:iq-permission:${Region}:${Account}:${ResourceType}/${ResourceName}","^arn:aws:iq-permission:.+","null","True","https://docs.aws.amazon.com/service-authorization/latest/reference/list_iq-permission.html"
"kms","AWS Key Management Service","[""CancelKeyDeletion"",""ConnectCustomKeyStore"",""CreateAlias"",""CreateCustomKeyStore"",""CreateGrant"",""CreateKey"",""Decrypt"",""DeleteAlias"",""DeleteCustomKeyStore"",""DeleteImportedKeyMaterial"",""DeriveSharedSecret"",""DescribeCustomKeyStores"",""DescribeKey"",""DisableKey"",""DisableKeyRotation"",""DisconnectCustomKeyStore"",""EnableKey"",""EnableKeyRotation"",""Encrypt"",""GenerateDataKey"",""GenerateDataKeyPair"",""GenerateDataKeyPairWithoutPlaintext"",""GenerateDataKeyWithoutPlaintext"",""GenerateMac"",""GenerateRandom"",""GetKeyLastUsage"",""GetKeyPolicy"",""GetKeyRotationStatus"",""GetParametersForImport"",""GetPublicKey"",""ImportKeyMaterial"",""ListAliases"",""ListGrants"",""ListKeyPolicies"",""ListKeyRotations"",""ListKeys"",""ListResourceTags"",""ListRetirableGrants"",""PutKeyPolicy"",""ReEncryptFrom"",""ReEncryptTo"",""ReplicateKey"",""RetireGrant"",""RevokeGrant"",""RotateKeyOnDemand"",""ScheduleKeyDeletion"",""Sign"",""SynchronizeMultiRegionKey"",""TagResource"",""UntagResource"",""UpdateAlias"",""UpdateCustomKeyStore"",""UpdateKeyDescription"",""UpdatePrimaryRegion"",""Verify"",""VerifyMac""]","arn:aws:kms:${Region}:${Account}:${ResourceType}/${Id}","^arn:aws:kms:.+","[""aws:RequestTag/${TagKey}"",""aws:ResourceTag/${TagKey}"",""aws:TagKeys"",""kms:BypassPolicyLockoutSafetyCheck"",""kms:CallerAccount"",""kms:CustomerMasterKeySpec"",""kms:CustomerMasterKeyUsage"",""kms:DataKeyPairSpec"",""kms:EncryptionAlgorithm"",""kms:EncryptionContext:${EncryptionContextKey}"",""kms:EncryptionContextKeys"",""kms:ExpirationModel"",""kms:GrantConstraintSourceArn"",""kms:GrantConstraintType"",""kms:GrantIsForAWSResource"",""kms:GrantOperations"",""kms:GranteePrincipal"",""kms:GranteeServicePrincipal"",""kms:KeyAgreementAlgorithm"",""kms:KeyOrigin"",""kms:KeySpec"",""kms:KeyUsage"",""kms:MacAlgorithm"",""kms:MessageType"",""kms:MultiRegion"",""kms:MultiRegionKeyType"",""kms:PrimaryRegion"",""kms:ReEncryptOnSameKey"",""kms:RecipientAttestation:ImageSha384"",""kms:RecipientAttestation:NitroTPMPCR0"",""kms:RecipientAttestation:NitroTPMPCR1"",""kms:RecipientAttestation:NitroTPMPCR10"",""kms:RecipientAttestation:NitroTPMPCR11"",""kms:RecipientAttestation:NitroTPMPCR12"",""kms:RecipientAttestation:NitroTPMPCR13"",""kms:RecipientAttestation:NitroTPMPCR14"",""kms:RecipientAttestation:NitroTPMPCR15"",""kms:RecipientAttestation:NitroTPMPCR16"",""kms:RecipientAttestation:NitroTPMPCR17"",""kms:RecipientAttestation:NitroTPMPCR18"",""kms:RecipientAttestation:NitroTPMPCR19"",""kms:RecipientAttestation:NitroTPMPCR2"",""kms:RecipientAttestation:NitroTPMPCR20"",""kms:RecipientAttestation:NitroTPMPCR21"",""kms:RecipientAttestation:NitroTPMPCR22"",""kms:RecipientAttestation:NitroTPMPCR23"",""kms:RecipientAttestation:NitroTPMPCR3"",""kms:RecipientAttestation:NitroTPMPCR4"",""kms:RecipientAttestation:NitroTPMPCR5"",""kms:RecipientAttestation:NitroTPMPCR6"",""kms:RecipientAttestation:NitroTPMPCR7"",""kms:RecipientAttestation:NitroTPMPCR8"",""kms:RecipientAttestation:NitroTPMPCR9"",""kms:RecipientAttestation:PCR0"",""kms:RecipientAttestation:PCR1"",""kms:RecipientAttestation:PCR10"",""kms:RecipientAttestation:PCR11"",""kms:RecipientAttestation:PCR12"",""kms:RecipientAttestation:PCR13"",""kms:RecipientAttestation:PCR14"",""kms:RecipientAttestation:PCR15"",""kms:RecipientAttestation:PCR16"",""kms:RecipientAttestation:PCR17"",""kms:RecipientAttestation:PCR18"",""kms:RecipientAttestation:PCR19"",""kms:RecipientAttestation:PCR2"",""kms:RecipientAttestation:PCR20"",""kms:RecipientAttestation:PCR21"",""kms:RecipientAttestation:PCR22"",""kms:RecipientAttestation:PCR23"",""kms:RecipientAttestation:PCR24"",""kms:RecipientAttestation:PCR25"",""kms:RecipientAttestation:PCR26"",""kms:RecipientAttestation:PCR27"",""kms:RecipientAttestation:PCR28"",""kms:RecipientAttestation:PCR29"",""kms:RecipientAttestation:PCR3"",""kms:RecipientAttestation:PCR30"",""kms:RecipientAttestation:PCR31"",""kms:RecipientAttestation:PCR4"",""kms:RecipientAttestation:PCR5"",""kms:RecipientAttestation:PCR6"",""kms:RecipientAttestation:PCR7"",""kms:RecipientAttestation:PCR8"",""kms:RecipientAttestation:PCR9"",""kms:ReplicaRegion"",""kms:RequestAlias"",""kms:ResourceAliases"",""kms:RetiringPrincipal"",""kms:RetiringServicePrincipal"",""kms:RotationPeriodInDays"",""kms:ScheduleKeyDeletionPendingWindowInDays"",""kms:SigningAlgorithm"",""kms:TrailingDaysWithoutKeyUsage"",""kms:ValidTo"",""kms:ViaService"",""kms:WrappingAlgorithm"",""kms:WrappingKeySpec""]","True","https://docs.aws.amazon.com/service-authorization/latest/reference/list_kms.html"
"lakeformation","AWS Lake Formation","[""AddLFTagsToResource"",""BatchGrantPermissions"",""BatchRevokePermissions"",""CancelTransaction"",""CommitTransaction"",""CreateDataCellsFilter"",""CreateLFTag"",""CreateLFTagExpression"",""CreateLakeFormationIdentityCenterConfiguration"",""CreateLakeFormationOptIn"",""DeleteDataCellsFilter"",""DeleteLFTag"",""DeleteLFTagExpression"",""DeleteLakeFormationIdentityCenterConfiguration"",""DeleteLakeFormationOptIn"",""DeleteObjectsOnCancel"",""DeregisterResource"",""DescribeLakeFormationIdentityCenterConfiguration"",""DescribeResource"",""DescribeTransaction"",""ExtendTransaction"",""GetDataAccess"",""GetDataCellsFilter"",""GetDataLakePrincipal"",""GetDataLakeSettings"",""GetEffectivePermissionsForPath"",""GetLFTag"",""GetLFTagExpression"",""GetQueryState"",""GetQueryStatistics"",""GetResourceLFTags"",""GetTableObjects"",""GetTemporaryGluePartitionCredentials"",""GetTemporaryGlueTableCredentials"",""GetWorkUnitResults"",""GetWorkUnits"",""GrantPermissions"",""ListDataCellsFilter"",""ListLFTagExpressions"",""ListLFTags"",""ListLakeFormationOptIns"",""ListPermissions"",""ListResources"",""ListTableStorageOptimizers"",""ListTransactions"",""PutDataLakeSettings"",""RegisterResource"",""RegisterResourceWithPrivilegedAccess"",""RemoveLFTagsFromResource"",""RevokePermissions"",""SearchDatabasesByLFTags"",""SearchTablesByLFTags"",""StartQueryPlanning"",""StartTransaction"",""UpdateDataCellsFilter"",""UpdateLFTag"",""UpdateLFTagExpression"",""UpdateLakeFormationIdentityCenterConfiguration"",""UpdateResource"",""UpdateTableObjects"",""UpdateTableStorageOptimizer""]","arn:${Partition}:lakeformation:${Region}:${Account}:${ResourceType}/${ResourcePath}","^arn:aws:lakeformation:.+:.+","""lakeformation:EnabledOnlyForMetaDataAccess""","False","https://docs.aws.amazon.com/service-authorization/latest/reference/list_lakeformation.html"
"lambda","AWS Lambda","[""AddLayerVersionPermission"",""AddPermission"",""CheckpointDurableExecution"",""ConnectMicrovm"",""CreateAlias"",""CreateCapacityProvider"",""CreateCodeSigningConfig"",""CreateEventSourceMapping"",""CreateFunction"",""CreateFunctionUrlConfig"",""CreateMicrovmAuthToken"",""CreateMicrovmImage"",""CreateMicrovmShellAuthToken"",""CreateNetworkConnector"",""DeleteAlias"",""DeleteCapacityProvider"",""DeleteCodeSigningConfig"",""DeleteEventSourceMapping"",""DeleteFunction"",""DeleteFunctionCodeSigningConfig"",""DeleteFunctionConcurrency"",""DeleteFunctionEventInvokeConfig"",""DeleteFunctionUrlConfig"",""DeleteLayerVersion"",""DeleteMicrovmImage"",""DeleteMicrovmImageVersion"",""DeleteNetworkConnector"",""DeleteProvisionedConcurrencyConfig"",""DeleteResourcePolicy"",""DisableReplication"",""EnableReplication"",""GetAccountSettings"",""GetAlias"",""GetCapacityProvider"",""GetCodeSigningConfig"",""GetDurableExecution"",""GetDurableExecutionHistory"",""GetDurableExecutionState"",""GetEventSourceMapping"",""GetFunction"",""GetFunctionCodeSigningConfig"",""GetFunctionConcurrency"",""GetFunctionConfiguration"",""GetFunctionEventInvokeConfig"",""GetFunctionRecursionConfig"",""GetFunctionScalingConfig"",""GetFunctionUrlConfig"",""GetLayerVersion"",""GetLayerVersionPolicy"",""GetMicrovm"",""GetMicrovmImage"",""GetMicrovmImageBuild"",""GetMicrovmImageVersion"",""GetNetworkConnector"",""GetPolicy"",""GetProvisionedConcurrencyConfig"",""GetResourcePolicy"",""GetRuntimeManagementConfig"",""InvokeAsync"",""InvokeFunction"",""InvokeFunctionUrl"",""ListAliases"",""ListCapacityProviders"",""ListCodeSigningConfigs"",""ListDurableExecutionsByFunction"",""ListEventSourceMappings"",""ListFunctionEventInvokeConfigs"",""ListFunctionUrlConfigs"",""ListFunctionVersionsByCapacityProvider"",""ListFunctions"",""ListFunctionsByCodeSigningConfig"",""ListLayerVersions"",""ListLayers"",""ListManagedMicrovmImageVersions"",""ListManagedMicrovmImages"",""ListMicrovmImageBuilds"",""ListMicrovmImageVersions"",""ListMicrovmImages"",""ListMicrovms"",""ListNetworkConnectors"",""ListProvisionedConcurrencyConfigs"",""ListTags"",""ListVersionsByFunction"",""PassCapacityProvider"",""PassNetworkConnector"",""PublishLayerVersion"",""PublishVersion"",""PutFunctionCodeSigningConfig"",""PutFunctionConcurrency"",""PutFunctionEventInvokeConfig"",""PutFunctionRecursionConfig"",""PutFunctionScalingConfig"",""PutProvisionedConcurrencyConfig"",""PutResourcePolicy"",""PutRuntimeManagementConfig"",""RemoveLayerVersionPermission"",""RemovePermission"",""ResumeMicrovm"",""RunMicrovm"",""SendDurableExecutionCallbackFailure"",""SendDurableExecutionCallbackHeartbeat"",""SendDurableExecutionCallbackSuccess"",""StopDurableExecution"",""SuspendMicrovm"",""TagResource"",""TerminateMicrovm"",""UntagResource"",""UpdateAlias"",""UpdateCapacityProvider"",""UpdateCodeSigningConfig"",""UpdateEventSourceMapping"",""UpdateFunctionCode"",""UpdateFunctionCodeSigningConfig"",""UpdateFunctionConfiguration"",""UpdateFunctionEventInvokeConfig"",""UpdateFunctionUrlConfig"",""UpdateMicrovmImage"",""UpdateMicrovmImageVersion"",""UpdateNetworkConnector""]","arn:aws:lambda:${Region}:${Account}:${ResourceType}:${ResourceId}","^arn:aws:lambda:.+","[""aws:RequestTag/${TagKey}"",""aws:ResourceTag/${TagKey}"",""aws:TagKeys"",""lambda:CodeSigningConfigArn"",""lambda:EventSourceToken"",""lambda:FunctionArn"",""lambda:FunctionUrlAuthType"",""lambda:InvokedViaFunctionUrl"",""lambda:Layer"",""lambda:Principal"",""lambda:SecurityGroupIds"",""lambda:SourceFunctionArn"",""lambda:SubnetIds"",""lambda:VpcIds""]","True","https://docs.aws.amazon.com/service-authorization/latest/reference/list_lambda.html"
"launchwizard","AWS Launch Wizard","[""CreateAdditionalNode"",""CreateDeployment"",""CreateSettingsSet"",""DeleteAdditionalNode"",""DeleteApp"",""DeleteDeployment"",""DeleteSettingsSet"",""DescribeAdditionalNode"",""DescribeProvisionedApp"",""DescribeProvisioningEvents"",""DescribeSettingsSet"",""GetDeployment"",""GetDeploymentPatternVersion"",""GetInfrastructureSuggestion"",""GetIpAddress"",""GetResourceCostEstimate"",""GetResourceRecommendation"",""GetSettingsSet"",""GetWorkload"",""GetWorkloadAsset"",""GetWorkloadAssets"",""GetWorkloadDeploymentPattern"",""ListAdditionalNodes"",""ListAllowedResources"",""ListDeploymentEvents"",""ListDeploymentPatternVersions"",""ListDeployments"",""ListProvisionedApps"",""ListResourceCostEstimates"",""ListSettingsSets"",""ListTagsForResource"",""ListWorkloadDeploymentOptions"",""ListWorkloadDeploymentPatterns"",""ListWorkloads"",""PutSettingsSet"",""StartProvisioning"",""TagResource"",""UntagResource"",""UpdateDeployment"",""UpdateSettingsSet""]","arn:aws:launchwizard:${Region}:${Account}:${ResourceType}/${ResourcePath}","^arn:aws:launchwizard:.+:.+:.+","[""aws:RequestTag/${TagKey}"",""aws:ResourceTag/${TagKey}"",""aws:TagKeys""]","True","https://docs.aws.amazon.com/service-authorization/latest/reference/list_launch-wizard.html"
"license-manager","AWS License Manager","[""AcceptGrant"",""CheckInLicense"",""CheckoutBorrowLicense"",""CheckoutLicense"",""CreateGrant"",""CreateGrantVersion"",""CreateLicense"",""CreateLicenseAssetGroup"",""CreateLicenseAssetRuleset"",""CreateLicenseConfiguration"",""CreateLicenseConversionTaskForResource"",""CreateLicenseManagerReportGenerator"",""CreateLicenseVersion"",""CreateToken"",""DeleteGrant"",""DeleteLicense"",""DeleteLicenseAssetGroup"",""DeleteLicenseAssetRuleset"",""DeleteLicenseConfiguration"",""DeleteLicenseManagerReportGenerator"",""DeleteToken"",""ExtendLicenseConsumption"",""GetAccessToken"",""GetGrant"",""GetLicense"",""GetLicenseAssetGroup"",""GetLicenseAssetRuleset"",""GetLicenseConfiguration"",""GetLicenseConversionTask"",""GetLicenseManagerReportGenerator"",""GetLicenseUsage"",""GetServiceSettings"",""ListAssetsForLicenseAssetGroup"",""ListAssociationsForLicenseConfiguration"",""ListDistributedGrants"",""ListFailuresForLicenseConfigurationOperations"",""ListLicenseAssetGroups"",""ListLicenseAssetRulesets"",""ListLicenseConfigurations"",""ListLicenseConfigurationsForOrganization"",""ListLicenseConversionTasks"",""ListLicenseManagerReportGenerators"",""ListLicenseSpecificationsForResource"",""ListLicenseVersions"",""ListLicenses"",""ListReceivedGrants"",""ListReceivedGrantsForOrganization"",""ListReceivedLicenses"",""ListReceivedLicensesForOrganization"",""ListResourceInventory"",""ListTagsForResource"",""ListTokens"",""ListUsageForLicenseConfiguration"",""RejectGrant"",""TagResource"",""UntagResource"",""UpdateLicenseAssetGroup"",""UpdateLicenseAssetRuleset"",""UpdateLicenseConfiguration"",""UpdateLicenseManagerReportGenerator"",""UpdateLicenseSpecificationsForResource"",""UpdateServiceSettings""]","arn:aws:license-manager:${Region}:${Account}:${ResourceType}:${ResourceId}","^arn:aws:license-manager:.+:.+:.+","[""aws:RequestTag/${TagKey}"",""aws:ResourceTag/${TagKey}"",""aws:TagKeys"",""license-manager:ResourceTag/${TagKey}""]","True","https://docs.aws.amazon.com/service-authorization/latest/reference/list_license-manager.html"
"license-manager-linux-subscriptions","AWS License Manager Linux Subscriptions Manager","[""DeregisterSubscriptionProvider"",""GetRegisteredSubscriptionProvider"",""GetServiceSettings"",""ListLinuxSubscriptionInstances"",""ListLinuxSubscriptions"",""ListRegisteredSubscriptionProviders"",""ListTagsForResource"",""RegisterSubscriptionProvider"",""TagResource"",""UntagResource"",""UpdateServiceSettings""]","arn:aws:license-manager-linux-subscriptions:${Region}:${Account}:${ResourceType}/${ResourceId}","^arn:aws:license-manager-linux-subscriptions:.+:.+:.+","[""aws:RequestTag/${TagKey}"",""aws:ResourceTag/${TagKey}"",""aws:TagKeys""]","True","https://docs.aws.amazon.com/service-authorization/latest/reference/list_license-manager-linux-subscriptions.html"
"license-manager-user-subscriptions","AWS License Manager User Subscriptions","[""AssociateUser"",""CreateLicenseServerEndpoint"",""DeleteLicenseServerEndpoint"",""DeregisterIdentityProvider"",""DisassociateUser"",""ListIdentityProviders"",""ListInstances"",""ListLicenseServerEndpoints"",""ListProductSubscriptions"",""ListTagsForResource"",""ListUserAssociations"",""RegisterIdentityProvider"",""StartProductSubscription"",""StopProductSubscription"",""TagResource"",""UntagResource"",""UpdateIdentityProviderSettings""]","arn:aws:license-manager-user-subscriptions:${Region}:${Account}:${ResourceType}/${ResourceId}","^arn:aws:license-manager-user-subscriptions:.+:.+:.+","[""aws:RequestTag/${TagKey}"",""aws:ResourceTag/${TagKey}"",""aws:TagKeys""]","True","https://docs.aws.amazon.com/service-authorization/latest/reference/list_license-manager-user-subscriptions.html"
"apptest","AWS Mainframe Modernization Application Testing","[""CreateTestCase"",""CreateTestConfiguration"",""CreateTestSuite"",""DeleteTestCase"",""DeleteTestConfiguration"",""DeleteTestRun"",""DeleteTestSuite"",""GetTestCase"",""GetTestConfiguration"",""GetTestRunStep"",""GetTestSuite"",""ListTagsForResource"",""ListTestCases"",""ListTestConfigurations"",""ListTestRunSteps"",""ListTestRunTestCases"",""ListTestRuns"",""ListTestSuites"",""StartTestRun"",""TagResource"",""UntagResource"",""UpdateTestCase"",""UpdateTestConfiguration"",""UpdateTestSuite""]","arn:aws:apptest:${Region}:${Account}:${ResourceType}/${ResourceId}","^arn:aws:apptest:${Region}:${Account}:.+","[""aws:RequestTag/${TagKey}"",""aws:ResourceTag/${TagKey}"",""aws:TagKeys""]","True","https://docs.aws.amazon.com/service-authorization/latest/reference/list_apptest.html"
"m2","AWS Mainframe Modernization Service","[""CancelBatchJobExecution"",""CreateApplication"",""CreateDataSetExportTask"",""CreateDataSetImportTask"",""CreateDeployment"",""CreateEnvironment"",""DeleteApplication"",""DeleteApplicationFromEnvironment"",""DeleteEnvironment"",""GetApplication"",""GetApplicationVersion"",""GetBatchJobExecution"",""GetDataSetDetails"",""GetDataSetExportTask"",""GetDataSetImportTask"",""GetDeployment"",""GetEnvironment"",""GetSignedBluinsightsUrl"",""ListApplicationVersions"",""ListApplications"",""ListBatchJobDefinitions"",""ListBatchJobExecutions"",""ListBatchJobRestartPoints"",""ListDataSetExportHistory"",""ListDataSetImportHistory"",""ListDataSets"",""ListDeployments"",""ListEngineVersions"",""ListEnvironments"",""ListTagsForResource"",""StartApplication"",""StartBatchJob"",""StopApplication"",""TagResource"",""UntagResource"",""UpdateApplication"",""UpdateEnvironment""]","arn:aws:m2:${Region}:${Account}:${ResourceType}/${ResourceId}","^arn:aws:m2:${Region}:${Account}:.+","[""aws:RequestTag/${TagKey}"",""aws:ResourceTag/${TagKey}"",""aws:TagKeys""]","True","https://docs.aws.amazon.com/service-authorization/latest/reference/list_m2.html"
"aws-marketplace","AWS Marketplace","[""AcceptAgreementApprovalRequest"",""AcceptAgreementCancellationRequest"",""AcceptAgreementPaymentRequest"",""AcceptAgreementRequest"",""BatchCreateBillingAdjustmentRequest"",""CancelAgreement"",""CancelAgreementCancellationRequest"",""CancelAgreementPaymentRequest"",""CancelAgreementRequest"",""CreateAgreementRequest"",""DescribeAgreement"",""GetAgreementApprovalRequest"",""GetAgreementCancellationRequest"",""GetAgreementEntitlements"",""GetAgreementPaymentRequest"",""GetAgreementRequest"",""GetAgreementTerms"",""GetBillingAdjustmentRequest"",""ListAgreementApprovalRequests"",""ListAgreementCancellationRequests"",""ListAgreementCharges"",""ListAgreementInvoiceLineItems"",""ListAgreementPaymentRequests"",""ListAgreementRequests"",""ListBillingAdjustmentRequests"",""ListEntitlementDetails"",""RejectAgreementApprovalRequest"",""RejectAgreementCancellationRequest"",""RejectAgreementPaymentRequest"",""SearchAgreements"",""SendAgreementCancellationRequest"",""SendAgreementPaymentRequest"",""Subscribe"",""Unsubscribe"",""UpdateAgreementApprovalRequest"",""UpdatePurchaseOrders"",""ViewSubscriptions""]","","","[""aws-marketplace:AgreementType"",""aws-marketplace:PartyType"",""aws-marketplace:ProductId""]","False","https://docs.aws.amazon.com/service-authorization/latest/reference/list_marketplace-agreement.html"
"aws-marketplace","AWS Marketplace Catalog","[""CancelChangeSet"",""CreateVerificationEvidence"",""DeleteResourcePolicy"",""DescribeAssessment"",""DescribeChangeSet"",""DescribeEntity"",""GetInvoiceSubmissionTask"",""GetIssuedTaxInvoice"",""GetResourcePolicy"",""GetTaxComplianceProfile"",""GetVerification"",""GetVerificationEvidence"",""ListAssessments"",""ListChangeSets"",""ListEntities"",""ListInvoiceSubmissionTasks"",""ListIssuedTaxInvoices"",""ListPayables"",""ListTagsForResource"",""ListTaxComplianceProfileChangeTasks"",""ListTaxComplianceProfiles"",""ListVerificationEvidence"",""ListVerifications"",""PutResourcePolicy"",""StartChangeSet"",""StartInvoiceSubmissionTask"",""StartTaxComplianceProfileChangeTask"",""StartVerification"",""TagResource"",""UntagResource"",""UpdateVerificationEvidence""]","arn:aws:aws-marketplace:${Region}:${Account}:${Catalog}/${ResourceType}/${ResourceId}","^arn:aws:aws-marketplace:.+","[""aws-marketplace:Intent"",""aws-marketplace:VerificationType"",""aws:RequestTag/${TagKey}"",""aws:ResourceTag/${TagKey}"",""aws:TagKeys"",""catalog:ChangeType""]","True","https://docs.aws.amazon.com/service-authorization/latest/reference/list_marketplace-catalog.html"
"marketplacecommerceanalytics","AWS Marketplace Commerce Analytics Service","[""GenerateDataSet"",""StartSupportDataExport""]","","","null","False","https://docs.aws.amazon.com/service-authorization/latest/reference/list_marketplacecommerceanalytics.html"
"aws-marketplace","AWS Marketplace Deployment Service","[""ListTagsForResource"",""PutDeploymentParameter"",""TagResource"",""UntagResource""]","arn:aws:aws-marketplace:${Region}:${Account}:${ResourceType}:catalogs/${CatalogName}/products/${ProductId}/${ResourceId}","^arn:aws:aws-marketplace:${Region}:${Account}:${ResourceType}:.+","[""aws:RequestTag/${TagKey}"",""aws:ResourceTag/${TagKey}"",""aws:TagKeys""]","True","https://docs.aws.amazon.com/service-authorization/latest/reference/list_marketplace-deployment.html"
"aws-marketplace","AWS Marketplace Discovery","[""GetListing"",""GetOffer"",""GetOfferSet"",""GetOfferTerms"",""GetProduct"",""ListFulfillmentOptions"",""ListPrivateListings"",""ListPurchaseOptions"",""SearchFacets"",""SearchListings""]","arn:aws:aws-marketplace:::catalog/${CatalogName}/${ResourceType}/${ResourceId}","^arn:aws:aws-marketplace:.+","null","True","https://docs.aws.amazon.com/service-authorization/latest/reference/list_marketplace-discovery.html"
"aws-marketplace","AWS Marketplace Entitlement Service","""GetEntitlements""","","","null","False","https://docs.aws.amazon.com/service-authorization/latest/reference/list_marketplace-entitlement.html"
"aws-marketplace","AWS Marketplace Image Building Service","[""DescribeBuilds"",""ListBuilds"",""StartBuild""]","","","null","False","https://docs.aws.amazon.com/service-authorization/latest/reference/list_marketplace-image-build.html"
"aws-marketplace-management","AWS Marketplace Management Portal","[""GetAdditionalSellerNotificationRecipients"",""GetBankAccountVerificationDetails"",""GetSecondaryUserVerificationDetails"",""GetSellerVerificationDetails"",""PutAdditionalSellerNotificationRecipients"",""PutBankAccountVerificationDetails"",""PutSecondaryUserVerificationDetails"",""PutSellerVerificationDetails"",""uploadFiles"",""viewMarketing"",""viewReports"",""viewSettings"",""viewSupport""]","arn:${Partition}:Marketplace:${Region}:${Account}:${Resource}","^arn:${Partition}:Marketplace:.+","null","False","https://docs.aws.amazon.com/service-authorization/latest/reference/list_aws-marketplace-management.html"
"aws-marketplace","AWS Marketplace Metering Service","[""BatchMeterUsage"",""MeterUsage"",""RegisterUsage"",""ResolveCustomer""]","","","null","False","https://docs.aws.amazon.com/service-authorization/latest/reference/list_meteringmarketplace.html"
"aws-marketplace","AWS Marketplace Private Marketplace","[""AssociateProductsWithPrivateMarketplace"",""CreatePrivateMarketplaceRequests"",""DescribePrivateMarketplaceRequests"",""DisassociateProductsFromPrivateMarketplace"",""ListPrivateMarketplaceRequests""]","","","null","False","https://docs.aws.amazon.com/service-authorization/latest/reference/list_private-marketplace.html"
"aws-marketplace","AWS Marketplace Procurement Systems Integration","[""DescribeProcurementSystemConfiguration"",""PutProcurementSystemConfiguration""]","","","null","False","https://docs.aws.amazon.com/service-authorization/latest/reference/list_marketplace-procurement-integration.html"
"aws-marketplace","AWS Marketplace Reporting","""GetBuyerDashboard""","arn:aws:aws-marketplace::${Account}:${Catalog}/ReportingData/${FactTable}/${VizualizationType}/${DashboardName}","^arn:aws:aws-marketplace::.+","null","True","https://docs.aws.amazon.com/service-authorization/latest/reference/list_marketplace-reporting.html"
"aws-marketplace","AWS Marketplace Seller Reporting","""GetSellerDashboard""","arn:aws:aws-marketplace::${Account}:${Catalog}/${ResourceType}/${ResourcePath}","^arn:aws:aws-marketplace:.+","null","True","https://docs.aws.amazon.com/service-authorization/latest/reference/list_marketplace-seller-reporting.html"
"vendor-insights","AWS Marketplace Vendor Insights","[""ActivateSecurityProfile"",""AssociateDataSource"",""CreateDataSource"",""CreateSecurityProfile"",""DeactivateSecurityProfile"",""DeleteDataSource"",""DisassociateDataSource"",""GetDataSource"",""GetEntitledSecurityProfileSnapshot"",""GetProfileAccessTerms"",""GetSecurityProfile"",""GetSecurityProfileSnapshot"",""ListDataSources"",""ListEntitledSecurityProfileSnapshots"",""ListEntitledSecurityProfiles"",""ListSecurityProfileSnapshots"",""ListSecurityProfiles"",""ListTagsForResource"",""TagResource"",""UntagResource"",""UpdateDataSource"",""UpdateSecurityProfile"",""UpdateSecurityProfileSnapshotCreationConfiguration"",""UpdateSecurityProfileSnapshotReleaseConfiguration""]","arn:aws:vendor-insights:::${ResourceType}:${ResourceId}","^arn:aws:vendor-insights:.+","[""aws:RequestTag/${TagKey}"",""aws:ResourceTag/${TagKey}"",""aws:TagKeys""]","True","https://docs.aws.amazon.com/service-authorization/latest/reference/list_vendor-insights.html"
"serviceextract","AWS Microservice Extractor for .NET","""GetConfig""","arn:${Partition}:serviceextract:${Region}:${Account}:${ResourceType}/${ResourceName}","^arn:aws:serviceextract:.+:.+:.+","null","False","https://docs.aws.amazon.com/service-authorization/latest/reference/list_serviceextract.html"
"mapcredits","AWS Migration Acceleration Program Credits","[""ListAssociatedPrograms"",""ListQuarterCredits"",""ListQuarterSpend""]","arn:aws:mapcredits:::${ResourceType}/${ResourceId}","^arn:aws:mapcredits:::.+","null","True","https://docs.aws.amazon.com/service-authorization/latest/reference/list_mapcredits.html"
"mgh","AWS Migration Hub","[""AcceptConnection"",""AssociateAutomationUnitRole"",""AssociateCreatedArtifact"",""AssociateDiscoveredResource"",""AssociateSourceResource"",""BatchAssociateIamRoleWithConnection"",""BatchDisassociateIamRoleFromConnection"",""CreateAutomationRun"",""CreateAutomationUnit"",""CreateHomeRegionControl"",""CreateProgressUpdateStream"",""DeleteAutomationRun"",""DeleteAutomationUnit"",""DeleteConnection"",""DeleteHomeRegionControl"",""DeleteProgressUpdateStream"",""DescribeApplicationState"",""DescribeAutomationRun"",""DescribeAutomationUnit"",""DescribeHomeRegionControls"",""DescribeMigrationTask"",""DisassociateAutomationUnitRole"",""DisassociateCreatedArtifact"",""DisassociateDiscoveredResource"",""DisassociateSourceResource"",""GetConnection"",""GetHomeRegion"",""ImportMigrationTask"",""ListApplicationStates"",""ListAutomationRuns"",""ListAutomationUnits"",""ListConnectionRoles"",""ListConnections"",""ListCreatedArtifacts"",""ListDiscoveredResources"",""ListMigrationTaskUpdates"",""ListMigrationTasks"",""ListProgressUpdateStreams"",""ListSourceResources"",""ListTagsForResource"",""NotifyApplicationState"",""NotifyMigrationTaskState"",""PutResourceAttributes"",""RejectConnection"",""TagResource"",""UntagResource""]","arn:aws:mgh:${Region}:${Account}:${ResourceType}/${ResourceName}","^arn:aws:mgh:.+","[""aws:RequestTag/${TagKey}"",""aws:ResourceTag/${TagKey}"",""aws:TagKeys"",""mgh:AutomationRunResourceRunID"",""mgh:AutomationUnitResourceAutomationUnitArn"",""mgh:ConnectionResourceConnectionArn""]","True","https://docs.aws.amazon.com/service-authorization/latest/reference/list_migration-hub.html"
"migrationhub-orchestrator","AWS Migration Hub Orchestrator","[""CreateTemplate"",""CreateWorkflow"",""CreateWorkflowStep"",""CreateWorkflowStepGroup"",""DeleteTemplate"",""DeleteWorkflow"",""DeleteWorkflowStep"",""DeleteWorkflowStepGroup"",""GetMessage"",""GetTemplate"",""GetTemplateStep"",""GetTemplateStepGroup"",""GetWorkflow"",""GetWorkflowStep"",""GetWorkflowStepGroup"",""ListPlugins"",""ListTagsForResource"",""ListTemplateStepGroups"",""ListTemplateSteps"",""ListTemplates"",""ListWorkflowStepGroups"",""ListWorkflowSteps"",""ListWorkflows"",""RegisterPlugin"",""RetryWorkflowStep"",""SendMessage"",""StartWorkflow"",""StopWorkflow"",""TagResource"",""UntagResource"",""UpdateTemplate"",""UpdateWorkflow"",""UpdateWorkflowStep"",""UpdateWorkflowStepGroup""]","arn:aws:migrationhub-orchestrator:${Region}:${Account}:${ResourceType}/${ResourceName}","^arn:aws:migrationhub-orchestrator:.+:.+:.+","[""aws:RequestTag/${TagKey}"",""aws:ResourceTag/${TagKey}"",""aws:TagKeys""]","True","https://docs.aws.amazon.com/service-authorization/latest/reference/list_migrationhuborchestrator.html"
"refactor-spaces","AWS Migration Hub Refactor Spaces","[""CreateApplication"",""CreateEnvironment"",""CreateRoute"",""CreateService"",""DeleteApplication"",""DeleteEnvironment"",""DeleteResourcePolicy"",""DeleteRoute"",""DeleteService"",""GetApplication"",""GetEnvironment"",""GetResourcePolicy"",""GetRoute"",""GetService"",""ListApplications"",""ListEnvironmentVpcs"",""ListEnvironments"",""ListRoutes"",""ListServices"",""ListTagsForResource"",""PutResourcePolicy"",""TagResource"",""UntagResource"",""UpdateRoute""]","arn:aws:refactor-spaces:${Region}:${Account}:${ResourceType}/${RelativeId}","^arn:aws:refactor-spaces:.+","[""aws:RequestTag/${TagKey}"",""aws:ResourceTag/${TagKey}"",""aws:TagKeys"",""refactor-spaces:ApplicationCreatedByAccount"",""refactor-spaces:CreatedByAccountIds"",""refactor-spaces:RouteCreatedByAccount"",""refactor-spaces:ServiceCreatedByAccount"",""refactor-spaces:SourcePath""]","True","https://docs.aws.amazon.com/service-authorization/latest/reference/list_migration-hub-refactor-spaces.html"
"migrationhub-strategy","AWS Migration Hub Strategy Recommendations","[""GetAntiPattern"",""GetApplicationComponentDetails"",""GetApplicationComponentStrategies"",""GetAssessment"",""GetImportFileTask"",""GetLatestAssessmentId"",""GetMessage"",""GetPortfolioPreferences"",""GetPortfolioSummary"",""GetRecommendationReportDetails"",""GetServerDetails"",""GetServerStrategies"",""ListAnalyzableServers"",""ListAntiPatterns"",""ListApplicationComponents"",""ListCollectors"",""ListImportFileTask"",""ListJarArtifacts"",""ListServers"",""PutLogData"",""PutMetricData"",""PutPortfolioPreferences"",""RegisterCollector"",""SendMessage"",""StartAssessment"",""StartImportFileTask"",""StartRecommendationReportGeneration"",""StopAssessment"",""UpdateApplicationComponentConfig"",""UpdateCollectorConfiguration"",""UpdateServerConfig""]","arn:${Partition}:iam:${Region}:${Account}:${ResourceType}/${ResourceName}","^arn:${Partition}:${ServiceName}:.+:.+:.+","null","False","https://docs.aws.amazon.com/service-authorization/latest/reference/list_migrationhubstrategy.html"
"airflow-serverless","AWS MWAA Serverless","[""CreateWorkflow"",""DeleteWorkflow"",""GetTaskInstance"",""GetWorkflow"",""GetWorkflowRun"",""ListTagsForResource"",""ListTaskInstances"",""ListWorkflowRuns"",""ListWorkflowVersions"",""ListWorkflows"",""StartWorkflowRun"",""StopWorkflowRun"",""TagResource"",""UntagResource"",""UpdateWorkflow""]","arn:aws:airflow-serverless:${Region}:${Account}:${ResourceType}:${ResourcePath}","^arn:aws:airflow-serverless:.+:.+:.+","[""aws:RequestTag/${TagKey}"",""aws:ResourceTag/${TagKey}"",""aws:TagKeys""]","True","https://docs.aws.amazon.com/service-authorization/latest/reference/list_mwaa-serverless.html"
"network-firewall","AWS Network Firewall","[""AcceptNetworkFirewallTransitGatewayAttachment"",""AssociateAvailabilityZones"",""AssociateFirewallPolicy"",""AssociateSubnets"",""AttachRuleGroupsToProxyConfiguration"",""CreateContainerAssociation"",""CreateFirewall"",""CreateFirewallPolicy"",""CreateProxy"",""CreateProxyConfiguration"",""CreateProxyRuleGroup"",""CreateProxyRules"",""CreateRuleGroup"",""CreateTLSInspectionConfiguration"",""CreateVpcEndpointAssociation"",""DeleteContainerAssociation"",""DeleteFirewall"",""DeleteFirewallPolicy"",""DeleteNetworkFirewallTransitGatewayAttachment"",""DeleteProxy"",""DeleteProxyConfiguration"",""DeleteProxyRuleGroup"",""DeleteProxyRules"",""DeleteResourcePolicy"",""DeleteRuleGroup"",""DeleteTLSInspectionConfiguration"",""DeleteVpcEndpointAssociation"",""DescribeContainerAssociation"",""DescribeFirewall"",""DescribeFirewallMetadata"",""DescribeFirewallPolicy"",""DescribeFlowOperation"",""DescribeLoggingConfiguration"",""DescribeProxy"",""DescribeProxyConfiguration"",""DescribeProxyRule"",""DescribeProxyRuleGroup"",""DescribeResourcePolicy"",""DescribeRuleGroup"",""DescribeRuleGroupMetadata"",""DescribeRuleGroupSummary"",""DescribeTLSInspectionConfiguration"",""DescribeVpcEndpointAssociation"",""DetachRuleGroupsFromProxyConfiguration"",""DisassociateAvailabilityZones"",""DisassociateSubnets"",""GetAnalysisReportResults"",""ListAnalysisReports"",""ListContainerAssociations"",""ListFirewallPolicies"",""ListFirewalls"",""ListFlowOperationResults"",""ListFlowOperations"",""ListProxies"",""ListProxyConfigurations"",""ListProxyRuleGroups"",""ListRuleGroups"",""ListTLSInspectionConfigurations"",""ListTagsForResource"",""ListVpcEndpointAssociations"",""PutResourcePolicy"",""RejectNetworkFirewallTransitGatewayAttachment"",""StartAnalysisReport"",""StartFlowCapture"",""StartFlowFlush"",""TagResource"",""UntagResource"",""UpdateAvailabilityZoneChangeProtection"",""UpdateContainerAssociation"",""UpdateFirewallAnalysisSettings"",""UpdateFirewallDeleteProtection"",""UpdateFirewallDescription"",""UpdateFirewallEncryptionConfiguration"",""UpdateFirewallPolicy"",""UpdateFirewallPolicyChangeProtection"",""UpdateLoggingConfiguration"",""UpdateProxy"",""UpdateProxyConfiguration"",""UpdateProxyRule"",""UpdateProxyRuleGroupPriorities"",""UpdateProxyRulePriorities"",""UpdateRuleGroup"",""UpdateSubnetChangeProtection"",""UpdateTLSInspectionConfiguration""]","arn:aws:network-firewall:${Region}:${Account}:${ResourceType}/${ResourceName}","^arn:aws:network-firewall:.+:.+:.+","[""aws:RequestTag/${TagKey}"",""aws:ResourceTag/${TagKey}"",""aws:TagKeys""]","True","https://docs.aws.amazon.com/service-authorization/latest/reference/list_network-firewall.html"
"networkmanager","AWS Network Manager","[""AcceptAttachment"",""AssociateConnectPeer"",""AssociateCustomerGateway"",""AssociateLink"",""AssociateTransitGatewayConnectPeer"",""CreateConnectAttachment"",""CreateConnectPeer"",""CreateConnection"",""CreateCoreNetwork"",""CreateCoreNetworkPrefixListAssociation"",""CreateDevice"",""CreateDirectConnectGatewayAttachment"",""CreateGlobalNetwork"",""CreateLink"",""CreateSite"",""CreateSiteToSiteVpnAttachment"",""CreateTransitGatewayPeering"",""CreateTransitGatewayRouteTableAttachment"",""CreateVpcAttachment"",""DeleteAttachment"",""DeleteConnectPeer"",""DeleteConnection"",""DeleteCoreNetwork"",""DeleteCoreNetworkPolicyVersion"",""DeleteCoreNetworkPrefixListAssociation"",""DeleteDevice"",""DeleteGlobalNetwork"",""DeleteLink"",""DeletePeering"",""DeleteResourcePolicy"",""DeleteSite"",""DeregisterTransitGateway"",""DescribeGlobalNetworks"",""DisassociateConnectPeer"",""DisassociateCustomerGateway"",""DisassociateLink"",""DisassociateTransitGatewayConnectPeer"",""ExecuteCoreNetworkChangeSet"",""GetConnectAttachment"",""GetConnectPeer"",""GetConnectPeerAssociations"",""GetConnections"",""GetCoreNetwork"",""GetCoreNetworkChangeEvents"",""GetCoreNetworkChangeSet"",""GetCoreNetworkPolicy"",""GetCustomerGatewayAssociations"",""GetDevices"",""GetDirectConnectGatewayAttachment"",""GetLinkAssociations"",""GetLinks"",""GetNetworkResourceCounts"",""GetNetworkResourceRelationships"",""GetNetworkResources"",""GetNetworkRoutes"",""GetNetworkTelemetry"",""GetResourcePolicy"",""GetRouteAnalysis"",""GetSiteToSiteVpnAttachment"",""GetSites"",""GetTransitGatewayConnectPeerAssociations"",""GetTransitGatewayPeering"",""GetTransitGatewayRegistrations"",""GetTransitGatewayRouteTableAttachment"",""GetVpcAttachment"",""ListAttachmentRoutingPolicyAssociations"",""ListAttachments"",""ListConnectPeers"",""ListCoreNetworkPolicyVersions"",""ListCoreNetworkPrefixListAssociations"",""ListCoreNetworkRoutingInformation"",""ListCoreNetworks"",""ListOrganizationServiceAccessStatus"",""ListPeerings"",""ListTagsForResource"",""PutAttachmentRoutingPolicyLabel"",""PutCoreNetworkPolicy"",""PutResourcePolicy"",""RegisterTransitGateway"",""RejectAttachment"",""RemoveAttachmentRoutingPolicyLabel"",""RestoreCoreNetworkPolicyVersion"",""StartOrganizationServiceAccessUpdate"",""StartRouteAnalysis"",""TagResource"",""UntagResource"",""UpdateConnection"",""UpdateCoreNetwork"",""UpdateDevice"",""UpdateDirectConnectGatewayAttachment"",""UpdateGlobalNetwork"",""UpdateLink"",""UpdateNetworkResourceMetadata"",""UpdateSite"",""UpdateVpcAttachment""]","arn:aws:networkmanager::${Account}:${ResourceType}/${ResourceName}","^arn:aws:networkmanager::.+:.+","[""aws:RequestTag/${TagKey}"",""aws:ResourceTag/${TagKey}"",""aws:TagKeys"",""networkmanager:cgwArn"",""networkmanager:directConnectGatewayArn"",""networkmanager:edgeLocations"",""networkmanager:subnetArns"",""networkmanager:tgwArn"",""networkmanager:tgwConnectPeerArn"",""networkmanager:tgwRtbArn"",""networkmanager:vpcArn"",""networkmanager:vpnConnectionArn""]","True","https://docs.aws.amazon.com/service-authorization/latest/reference/list_networkmanager.html"
"networkmanager-chat","AWS Network Manager Chat","[""CancelMessageResponse"",""CreateConversation"",""DeleteConversation"",""ListConversationMessages"",""ListConversations"",""NotifyConversationIsActive"",""SendConversationMessage""]","arn:${Partition}:networkmanager-chat:${Region}:${Account}:${RelativeId}","^arn:aws:networkmanager-chat::.+","null","False","https://docs.aws.amazon.com/service-authorization/latest/reference/list_networkmanager-chat.html"
"network-security-manager","AWS Network Security Manager","[""CreateDeployment"",""CreateDeploymentSnapshot"",""CreatePolicy"",""CreatePolicySnapshot"",""CreateRule"",""CreateRuleSnapshot"",""CreateScope"",""CreateScopeSnapshot"",""CreateTemplate"",""CreateTemplateSnapshot"",""DeleteAdminAccount"",""DeleteDeployment"",""DeletePolicy"",""DeleteRule"",""DeleteScope"",""DeleteTemplate"",""GenerateRuleConfiguration"",""GetAdminAccount"",""GetDeployment"",""GetPolicy"",""GetRule"",""GetScope"",""GetTemplate"",""ListAdminAccounts"",""ListAggregateResourceSynchronizationStatuses"",""ListDeploymentSnapshots"",""ListDeployments"",""ListPolicies"",""ListPolicySnapshots"",""ListResourceAssociations"",""ListResourceSynchronizationStatuses"",""ListRuleSnapshots"",""ListRules"",""ListScopeSnapshots"",""ListScopes"",""ListTagsForResource"",""ListTemplateSnapshots"",""ListTemplates"",""PutAdminAccount"",""TagResource"",""UntagResource"",""UpdateDeployment"",""UpdatePolicy"",""UpdateRule"",""UpdateScope"",""UpdateTemplate""]","arn:aws:network-security-manager:${Region}:${Account}:${ResourceType}:${ResourceId}","^arn:aws:network-security-manager:.+","[""aws:RequestTag/${TagKey}"",""aws:ResourceTag/${TagKey}"",""aws:TagKeys""]","True","https://docs.aws.amazon.com/service-authorization/latest/reference/list_network-security-manager.html"
"opsworks","AWS OpsWorks","[""AssignInstance"",""AssignVolume"",""AssociateElasticIp"",""AttachElasticLoadBalancer"",""CloneStack"",""CreateApp"",""CreateDeployment"",""CreateInstance"",""CreateLayer"",""CreateStack"",""CreateUserProfile"",""DeleteApp"",""DeleteInstance"",""DeleteLayer"",""DeleteStack"",""DeleteUserProfile"",""DeregisterEcsCluster"",""DeregisterElasticIp"",""DeregisterInstance"",""DeregisterRdsDbInstance"",""DeregisterVolume"",""DescribeAgentVersions"",""DescribeApps"",""DescribeCommands"",""DescribeDeployments"",""DescribeEcsClusters"",""DescribeElasticIps"",""DescribeElasticLoadBalancers"",""DescribeInstances"",""DescribeLayers"",""DescribeLoadBasedAutoScaling"",""DescribeMyUserProfile"",""DescribeOperatingSystems"",""DescribePermissions"",""DescribeRaidArrays"",""DescribeRdsDbInstances"",""DescribeServiceErrors"",""DescribeStackProvisioningParameters"",""DescribeStackSummary"",""DescribeStacks"",""DescribeTimeBasedAutoScaling"",""DescribeUserProfiles"",""DescribeVolumes"",""DetachElasticLoadBalancer"",""DisassociateElasticIp"",""GetHostnameSuggestion"",""GrantAccess"",""ListTags"",""RebootInstance"",""RegisterEcsCluster"",""RegisterElasticIp"",""RegisterInstance"",""RegisterRdsDbInstance"",""RegisterVolume"",""SetLoadBasedAutoScaling"",""SetPermission"",""SetTimeBasedAutoScaling"",""StartInstance"",""StartStack"",""StopInstance"",""StopStack"",""TagResource"",""UnassignInstance"",""UnassignVolume"",""UntagResource"",""UpdateApp"",""UpdateElasticIp"",""UpdateInstance"",""UpdateLayer"",""UpdateMyUserProfile"",""UpdateRdsDbInstance"",""UpdateStack"",""UpdateUserProfile"",""UpdateVolume""]","arn:aws:${ServiceName}:${Region}:${Account}:${ResourceType}/${ResourceName}","^arn:aws:opsworks:.+","null","True","https://docs.aws.amazon.com/service-authorization/latest/reference/list_opsworks.html"
"opsworks-cm","AWS OpsWorks Configuration Management","[""AssociateNode"",""CreateBackup"",""CreateServer"",""DeleteBackup"",""DeleteServer"",""DescribeAccountAttributes"",""DescribeBackups"",""DescribeEvents"",""DescribeNodeAssociationStatus"",""DescribeServers"",""DisassociateNode"",""ExportServerEngineAttribute"",""ListTagsForResource"",""RestoreServer"",""StartMaintenance"",""TagResource"",""UntagResource"",""UpdateServer"",""UpdateServerEngineAttributes""]","arn:aws:opsworks-cm:<region>:<account>:<resourceType>/<id>","^arn:aws:opsworks-cm:.+:[0-9]+:.+","null","True","https://docs.aws.amazon.com/service-authorization/latest/reference/list_opsworks-cm.html"
"organizations","AWS Organizations","[""AcceptHandshake"",""AttachPolicy"",""CancelHandshake"",""CloseAccount"",""CreateAccount"",""CreateGovCloudAccount"",""CreateOrganization"",""CreateOrganizationalUnit"",""CreatePolicy"",""DeclineHandshake"",""DeleteOrganization"",""DeleteOrganizationalUnit"",""DeletePolicy"",""DeleteResourcePolicy"",""DeregisterDelegatedAdministrator"",""DescribeAccount"",""DescribeCreateAccountStatus"",""DescribeEffectivePolicy"",""DescribeHandshake"",""DescribeOrganization"",""DescribeOrganizationalUnit"",""DescribePolicy"",""DescribeResourcePolicy"",""DescribeResponsibilityTransfer"",""DetachPolicy"",""DisableAWSServiceAccess"",""DisablePolicyType"",""EnableAWSServiceAccess"",""EnableAllFeatures"",""EnablePolicyType"",""InviteAccountToOrganization"",""InviteOrganizationToTransferResponsibility"",""LeaveOrganization"",""ListAWSServiceAccessForOrganization"",""ListAccounts"",""ListAccountsForParent"",""ListAccountsWithInvalidEffectivePolicy"",""ListChildren"",""ListCreateAccountStatus"",""ListDelegatedAdministrators"",""ListDelegatedServicesForAccount"",""ListEffectivePolicyValidationErrors"",""ListHandshakesForAccount"",""ListHandshakesForOrganization"",""ListInboundResponsibilityTransfers"",""ListOrganizationalUnitsForParent"",""ListOutboundResponsibilityTransfers"",""ListParents"",""ListPolicies"",""ListPoliciesForTarget"",""ListRoots"",""ListTagsForResource"",""ListTargetsForPolicy"",""MoveAccount"",""PutResourcePolicy"",""RegisterDelegatedAdministrator"",""RemoveAccountFromOrganization"",""TagResource"",""TerminateResponsibilityTransfer"",""UntagResource"",""UpdateOrganizationalUnit"",""UpdatePolicy"",""UpdateResponsibilityTransfer""]","arn:aws:organizations::${Account}:${Resource}/o-${OrganizationId}(/${ResourceType}/${ResourceId})?","^arn:aws:organizations::.+:.+","[""aws:RequestTag/${TagKey}"",""aws:ResourceTag/${TagKey}"",""aws:TagKeys"",""organizations:PolicyType"",""organizations:ServicePrincipal"",""organizations:TransferDirection"",""organizations:TransferType""]","True","https://docs.aws.amazon.com/service-authorization/latest/reference/list_organizations.html"
"outposts","AWS Outposts","[""CancelCapacityTask"",""CancelOrder"",""CreateOrder"",""CreateOutpost"",""CreatePrivateConnectivityConfig"",""CreateQuote"",""CreateRenewal"",""CreateSite"",""DeleteOutpost"",""DeleteQuote"",""DeleteSite"",""GetCapacityTask"",""GetCatalogItem"",""GetConnection"",""GetOrder"",""GetOutpost"",""GetOutpostBillingInformation"",""GetOutpostInstanceTypes"",""GetOutpostSupportedInstanceTypes"",""GetPrivateConnectivityConfig"",""GetQuote"",""GetRenewalPricing"",""GetSite"",""GetSiteAddress"",""ListAssetInstances"",""ListAssets"",""ListBlockingInstancesForCapacityTask"",""ListCapacityTasks"",""ListCatalogItems"",""ListOrderableInstanceTypes"",""ListOrders"",""ListOutposts"",""ListQuotes"",""ListSites"",""ListTagsForResource"",""StartCapacityTask"",""StartConnection"",""TagResource"",""UntagResource"",""UpdateOutpost"",""UpdateQuote"",""UpdateSite"",""UpdateSiteAddress"",""UpdateSiteRackPhysicalProperties""]","arn:aws:outposts:${Region}:${Account}:${ResourceType}/${ResourceName}","^arn:aws:outposts:.+","[""aws:RequestTag/${TagKey}"",""aws:ResourceTag/${TagKey}"",""aws:TagKeys""]","True","https://docs.aws.amazon.com/service-authorization/latest/reference/list_outposts.html"
"panorama","AWS Panorama","[""CreateApplicationInstance"",""CreateJobForDevices"",""CreateNodeFromTemplateJob"",""CreatePackage"",""CreatePackageImportJob"",""DeleteDevice"",""DeletePackage"",""DeregisterPackageVersion"",""DescribeApplicationInstance"",""DescribeApplicationInstanceDetails"",""DescribeDevice"",""DescribeDeviceJob"",""DescribeNode"",""DescribeNodeFromTemplateJob"",""DescribePackage"",""DescribePackageImportJob"",""DescribePackageVersion"",""DescribeSoftware"",""GetWebSocketURL"",""ListApplicationInstanceDependencies"",""ListApplicationInstanceNodeInstances"",""ListApplicationInstances"",""ListDevices"",""ListDevicesJobs"",""ListNodeFromTemplateJobs"",""ListNodes"",""ListPackageImportJobs"",""ListPackages"",""ListTagsForResource"",""ProvisionDevice"",""RegisterPackageVersion"",""RemoveApplicationInstance"",""SignalApplicationInstanceNodeInstances"",""TagResource"",""UntagResource"",""UpdateDeviceMetadata""]","arn:aws:panorama:${Region}:${Account}:${ResourceType}/${ResourceName}","^arn:aws:panorama:.+:.+:.+","[""aws:RequestTag/${TagKey}"",""aws:ResourceTag/${TagKey}"",""aws:TagKeys""]","True","https://docs.aws.amazon.com/service-authorization/latest/reference/list_panorama.html"
"pcs","AWS Parallel Computing Service","[""AllowVendedLogDeliveryForResource"",""CreateCluster"",""CreateComputeNodeGroup"",""CreateQueue"",""DeleteCluster"",""DeleteComputeNodeGroup"",""DeleteQueue"",""GetCluster"",""GetComputeNodeGroup"",""GetQueue"",""ListClusters"",""ListComputeNodeGroups"",""ListQueues"",""ListTagsForResource"",""RegisterComputeNodeGroupInstance"",""TagResource"",""UntagResource"",""UpdateCluster"",""UpdateComputeNodeGroup"",""UpdateQueue""]","arn:aws:pcs:${Region}:${Account}:${ResourceType}/${ResourcePath}","^arn:aws:pcs:.+:.+:.+","[""aws:RequestTag/${TagKey}"",""aws:ResourceTag/${TagKey}"",""aws:TagKeys""]","True","https://docs.aws.amazon.com/service-authorization/latest/reference/list_pcs.html"
"partnercentral","AWS Partner Central","[""AcceptChannelHandshake"",""AcceptConnectionInvitation"",""AcceptEngagementInvitation"",""AmendBenefitApplication"",""AssignOpportunity"",""AssociateAwsTrainingCertificationEmailDomain"",""AssociateBenefitApplicationResource"",""AssociateOpportunity"",""CancelBenefitApplication"",""CancelChannelHandshake"",""CancelConnection"",""CancelConnectionInvitation"",""CancelProfileUpdateTask"",""CreateBenefitApplication"",""CreateBusinessPlan"",""CreateChannelHandshake"",""CreateCollaborationChannelMembers"",""CreateCollaborationChannelRequest"",""CreateConnectionInvitation"",""CreateEngagement"",""CreateEngagementContext"",""CreateEngagementInvitation"",""CreateMarketplaceRevenueShare"",""CreateMarketplaceRevenueShareAllocation"",""CreateOpportunity"",""CreatePartner"",""CreateProgramManagementAccount"",""CreateRelationship"",""CreateResourceSnapshot"",""CreateResourceSnapshotJob"",""CreateRevenueAttribution"",""DeleteProgramManagementAccount"",""DeleteRelationship"",""DeleteResourceSnapshotJob"",""DisassociateAwsTrainingCertificationEmailDomain"",""DisassociateBenefitApplicationResource"",""DisassociateOpportunity"",""EnrollInPartnerPath"",""GetAllianceLeadContact"",""GetAwsOpportunitySummary"",""GetBenefit"",""GetBenefitAllocation"",""GetBenefitApplication"",""GetBusinessPlan"",""GetCollaborationChannel"",""GetConnection"",""GetConnectionInvitation"",""GetConnectionPreferences"",""GetEngagement"",""GetEngagementInvitation"",""GetMarketplaceRevenueShare"",""GetMarketplaceRevenueShareAllocation"",""GetOpportunity"",""GetPartner"",""GetPartnerDashboard"",""GetPartnerProfile"",""GetProfileUpdateTask"",""GetProfileVisibility"",""GetProgramManagementAccount"",""GetProspectingFromEngagementTask"",""GetQualificationsAssociationDetails"",""GetQualificationsAssociationTask"",""GetQualificationsDisassociationTask"",""GetRelationship"",""GetResourceSnapshot"",""GetResourceSnapshotJob"",""GetRevenueAttribution"",""GetRevenueAttributionAllocation"",""GetRevenueAttributionAllocationsTask"",""GetSellingSystemSettings"",""GetVerification"",""ListBenefitAllocations"",""ListBenefitApplications"",""ListBenefits"",""ListBusinessPlans"",""ListChannelHandshakes"",""ListCollaborationChannels"",""ListConnectionInvitations"",""ListConnections"",""ListEngagementByAcceptingInvitationTasks"",""ListEngagementFromOpportunityTasks"",""ListEngagementInvitations"",""ListEngagementMembers"",""ListEngagementResourceAssociations"",""ListEngagements"",""ListMarketplaceRevenueShareAllocations"",""ListMarketplaceRevenueShares"",""ListOpportunities"",""ListOpportunityFromEngagementTasks"",""ListPartnerPaths"",""ListPartners"",""ListProgramManagementAccounts"",""ListProspectingFromEngagementTasks"",""ListRelationships"",""ListResourceSnapshotJobs"",""ListResourceSnapshots"",""ListRevenueAttributionAllocations"",""ListRevenueAttributions"",""ListSolutions"",""ListTagsForResource"",""PutAllianceLeadContact"",""PutBusinessPlan"",""PutProfileVisibility"",""PutSellingSystemSettings"",""RecallBenefitApplication"",""RejectChannelHandshake"",""RejectConnectionInvitation"",""RejectEngagementInvitation"",""SearchPartnerProfiles"",""SendEmailVerificationCode"",""StartEngagementByAcceptingInvitationTask"",""StartEngagementFromOpportunityTask"",""StartOpportunityFromEngagementTask"",""StartProfileUpdateTask"",""StartProspectingFromEngagementTask"",""StartQualificationsAssociationTask"",""StartQualificationsDisassociationTask"",""StartResourceSnapshotJob"",""StartRevenueAttributionAllocationsTask"",""StartVerification"",""StopResourceSnapshotJob"",""SubmitBenefitApplication"",""SubmitOpportunity"",""TagResource"",""UntagResource"",""UpdateBenefitApplication"",""UpdateConnectionPreferences"",""UpdateEngagementContext"",""UpdateMarketplaceRevenueShareAllocation"",""UpdateOpportunity"",""UpdateProgramManagementAccount"",""UpdateRelationship"",""UpdateRevenueAttribution"",""UseSession""]","arn:aws:partnercentral:${Region}:${Account}:catalog/${CatalogId}/${ResourceType}/${ResourceId}","^arn:aws:partnercentral:.+","[""aws:RequestTag/${TagKey}"",""aws:ResourceTag/${TagKey}"",""aws:TagKeys"",""partnercentral:Catalog"",""partnercentral:ChannelHandshakeType"",""partnercentral:FulfillmentTypes"",""partnercentral:Programs"",""partnercentral:RelatedEntityType"",""partnercentral:VerificationType""]","True","https://docs.aws.amazon.com/service-authorization/latest/reference/list_partner-central.html"
"partnercentral-account-management","AWS Partner central account management","[""AccessLegacyPartnerCentral"",""AccessMarketingCentral"",""AccessProServeTools"",""AssociatePartnerAccount"",""AssociatePartnerUser"",""DisassociatePartnerUser""]","","","[""partnercentral-account-management:LegacyPartnerCentralRole"",""partnercentral-account-management:MarketingCentralRole"",""partnercentral-account-management:ProServeRole""]","False","https://docs.aws.amazon.com/service-authorization/latest/reference/list_partnercentral-account-management.html"
"payment-cryptography","AWS Payment Cryptography","[""AddKeyReplicationRegions"",""AssociateMpaTeam"",""CreateAlias"",""CreateKey"",""DecryptData"",""DeleteAlias"",""DeleteKey"",""DeleteResourcePolicy"",""DisableDefaultKeyReplicationRegions"",""DisassociateMpaTeam"",""EnableDefaultKeyReplicationRegions"",""EncryptData"",""ExportKey"",""GenerateAs2805KekValidation"",""GenerateAuthRequestCryptogram"",""GenerateCardValidationData"",""GenerateMac"",""GenerateMacEmvPinChange"",""GeneratePinData"",""GetAlias"",""GetCertificateSigningRequest"",""GetDefaultKeyReplicationRegions"",""GetKey"",""GetMpaTeamAssociation"",""GetParametersForExport"",""GetParametersForImport"",""GetPublicKeyCertificate"",""GetResourcePolicy"",""ImportKey"",""ListAliases"",""ListKeys"",""ListTagsForResource"",""PutResourcePolicy"",""ReEncryptData"",""RemoveKeyReplicationRegions"",""RestoreKey"",""StartKeyUsage"",""StopKeyUsage"",""TagResource"",""TranslateKeyMaterial"",""TranslatePinData"",""UntagResource"",""UpdateAlias"",""VerifyAuthRequestCryptogram"",""VerifyCardValidationData"",""VerifyMac"",""VerifyPinData""]","arn:aws:payment-cryptography:${Region}:${Account}:${ResourceType}/${Id}","^arn:aws:payment-cryptography:.+","[""aws:RequestTag/${TagKey}"",""aws:ResourceTag/${TagKey}"",""aws:TagKeys"",""payment-cryptography:CertificateAuthorityPublicKeyIdentifier"",""payment-cryptography:DeriveKeyUsage"",""payment-cryptography:ExportDukptInitialKey"",""payment-cryptography:ExportKeyMaterial"",""payment-cryptography:ImportKeyMaterial"",""payment-cryptography:KeyAlgorithm"",""payment-cryptography:KeyClass"",""payment-cryptography:KeyUsage"",""payment-cryptography:PrivateKeyIdentifier"",""payment-cryptography:RequestAlias"",""payment-cryptography:ResourceAliases"",""payment-cryptography:SigningKeyIdentifier"",""payment-cryptography:WrappingKeyIdentifier""]","True","https://docs.aws.amazon.com/service-authorization/latest/reference/list_payment-cryptography.html"
"payments","AWS Payments","[""AcceptFinancingApplicationTerms"",""CreateFinancingApplication"",""CreatePaymentInstrument"",""DeletePaymentInstrument"",""GetFinancingApplication"",""GetFinancingLine"",""GetFinancingLineWithdrawal"",""GetFinancingOption"",""GetPaymentInstrument"",""GetPaymentStatus"",""ListFinancingApplications"",""ListFinancingLineWithdrawals"",""ListFinancingLines"",""ListPaymentInstruments"",""ListPaymentPreferences"",""ListPaymentProgramOptions"",""ListPaymentProgramStatus"",""ListTagsForResource"",""MakePayment"",""TagResource"",""UntagResource"",""UpdateFinancingApplication"",""UpdatePaymentInstrument"",""UpdatePaymentPreferences""]","arn:aws:payments::${Account}:${ResourceType}:${ResourceId}","^arn:aws:payments:::.+:.+","[""aws:RequestTag/${TagKey}"",""aws:ResourceTag/${TagKey}"",""aws:TagKeys""]","True","https://docs.aws.amazon.com/service-authorization/latest/reference/list_payments.html"
"pi","AWS Performance Insights","[""CreatePerformanceAnalysisReport"",""DeletePerformanceAnalysisReport"",""DescribeDimensionKeys"",""GetDimensionKeyDetails"",""GetPerformanceAnalysisReport"",""GetResourceMetadata"",""GetResourceMetrics"",""ListAvailableResourceDimensions"",""ListAvailableResourceMetrics"",""ListPerformanceAnalysisReportRecommendations"",""ListPerformanceAnalysisReports"",""ListTagsForResource"",""TagResource"",""UntagResource""]","arn:aws:pi:${Region}:${Account}:${ResourceType}/${RelativeId}","^arn:aws:pi:.+","[""aws:RequestTag/${TagKey}"",""aws:ResourceTag/${TagKey}"",""aws:TagKeys"",""pi:Dimensions""]","True","https://docs.aws.amazon.com/service-authorization/latest/reference/list_pi.html"
"pricing","AWS Price List","[""DescribeServices"",""GetAttributeValues"",""GetPriceListFileUrl"",""GetProducts"",""ListPriceLists""]","","","null","False","https://docs.aws.amazon.com/service-authorization/latest/reference/list_pricing.html"
"pricingplanmanager","AWS PricingPlanManager Service","[""ApprovePaidSubscription"",""AssociateResourcesToSubscription"",""CancelSubscription"",""CancelSubscriptionChange"",""CreateSubscription"",""DisassociateResourcesFromSubscription"",""GetSubscription"",""ListSubscriptions"",""UpdateSubscription""]","arn:aws:pricingplanmanager:${Region}:${Account}:${ResourceType}","^arn:aws:pricingplanmanager:.+:.+:.+","null","True","https://docs.aws.amazon.com/service-authorization/latest/reference/list_pricing-plan-manager.html"
"pca-connector-ad","AWS Private CA Connector for Active Directory","[""CreateConnector"",""CreateDirectoryRegistration"",""CreateServicePrincipalName"",""CreateTemplate"",""CreateTemplateGroupAccessControlEntry"",""DeleteConnector"",""DeleteDirectoryRegistration"",""DeleteServicePrincipalName"",""DeleteTemplate"",""DeleteTemplateGroupAccessControlEntry"",""GetConnector"",""GetDirectoryRegistration"",""GetServicePrincipalName"",""GetTemplate"",""GetTemplateGroupAccessControlEntry"",""ListConnectors"",""ListDirectoryRegistrations"",""ListServicePrincipalNames"",""ListTagsForResource"",""ListTemplateGroupAccessControlEntries"",""ListTemplates"",""TagResource"",""UntagResource"",""UpdateTemplate"",""UpdateTemplateGroupAccessControlEntry""]","arn:aws:pca-connector-ad:${Region}:${Account}:${ResourceType}","^arn:aws:pca-connector-ad:.+:.+:.+","[""aws:RequestTag/${TagKey}"",""aws:ResourceTag/${TagKey}"",""aws:TagKeys""]","True","https://docs.aws.amazon.com/service-authorization/latest/reference/list_pca-connector-ad.html"
"pca-connector-scep","AWS Private CA Connector for SCEP","[""CreateChallenge"",""CreateConnector"",""DeleteChallenge"",""DeleteConnector"",""GetChallengeMetadata"",""GetChallengePassword"",""GetConnector"",""ListChallengeMetadata"",""ListConnectors"",""ListTagsForResource"",""TagResource"",""UntagResource""]","arn:aws:pca-connector-scep:${Region}:${Account}:${ResourceType}","^arn:aws:pca-connector-scep:.+:.+:.+","[""aws:RequestTag/${TagKey}"",""aws:ResourceTag/${TagKey}"",""aws:TagKeys""]","True","https://docs.aws.amazon.com/service-authorization/latest/reference/list_pca-connector-scep.html"
"acm-pca","AWS Private Certificate Authority","[""CreateCertificateAuthority"",""CreateCertificateAuthorityAuditReport"",""CreatePermission"",""DeleteCertificateAuthority"",""DeletePermission"",""DeletePolicy"",""DescribeCertificateAuthority"",""DescribeCertificateAuthorityAuditReport"",""GetCertificate"",""GetCertificateAuthorityCertificate"",""GetCertificateAuthorityCsr"",""GetPolicy"",""ImportCertificateAuthorityCertificate"",""IssueCertificate"",""ListCertificateAuthorities"",""ListPermissions"",""ListTags"",""PutPolicy"",""RestoreCertificateAuthority"",""RevokeCertificate"",""TagCertificateAuthority"",""UntagCertificateAuthority"",""UpdateCertificateAuthority""]","arn:aws:acm-pca:${Region}:${Account}:${ARNType}/${ResourceId}","^arn:aws:acm-pca:.+:[0-9]+:.+","[""acm-pca:TemplateArn"",""aws:RequestTag/${TagKey}"",""aws:ResourceTag/${TagKey}"",""aws:TagKeys""]","True","https://docs.aws.amazon.com/service-authorization/latest/reference/list_acm-pca.html"
"vpce","AWS PrivateLink","""AllowMultiRegion""","arn:aws:ec2:${Region}:${Account}:${ResourceType}/${ResourcePath}","^arn:aws:ec2:.+","null","True","https://docs.aws.amazon.com/service-authorization/latest/reference/list_vpce.html"
"proton","AWS Proton","[""AcceptEnvironmentAccountConnection"",""CancelComponentDeployment"",""CancelEnvironmentDeployment"",""CancelServiceInstanceDeployment"",""CancelServicePipelineDeployment"",""CreateComponent"",""CreateEnvironment"",""CreateEnvironmentAccountConnection"",""CreateEnvironmentTemplate"",""CreateEnvironmentTemplateMajorVersion"",""CreateEnvironmentTemplateMinorVersion"",""CreateEnvironmentTemplateVersion"",""CreateRepository"",""CreateService"",""CreateServiceInstance"",""CreateServiceSyncConfig"",""CreateServiceTemplate"",""CreateServiceTemplateMajorVersion"",""CreateServiceTemplateMinorVersion"",""CreateServiceTemplateVersion"",""CreateTemplateSyncConfig"",""DeleteAccountRoles"",""DeleteComponent"",""DeleteDeployment"",""DeleteEnvironment"",""DeleteEnvironmentAccountConnection"",""DeleteEnvironmentTemplate"",""DeleteEnvironmentTemplateMajorVersion"",""DeleteEnvironmentTemplateMinorVersion"",""DeleteEnvironmentTemplateVersion"",""DeleteRepository"",""DeleteService"",""DeleteServiceSyncConfig"",""DeleteServiceTemplate"",""DeleteServiceTemplateMajorVersion"",""DeleteServiceTemplateMinorVersion"",""DeleteServiceTemplateVersion"",""DeleteTemplateSyncConfig"",""GetAccountRoles"",""GetAccountSettings"",""GetComponent"",""GetDeployment"",""GetEnvironment"",""GetEnvironmentAccountConnection"",""GetEnvironmentTemplate"",""GetEnvironmentTemplateMajorVersion"",""GetEnvironmentTemplateMinorVersion"",""GetEnvironmentTemplateVersion"",""GetRepository"",""GetRepositorySyncStatus"",""GetResourceTemplateVersionStatusCounts"",""GetResourcesSummary"",""GetService"",""GetServiceInstance"",""GetServiceInstanceSyncStatus"",""GetServiceSyncBlockerSummary"",""GetServiceSyncConfig"",""GetServiceTemplate"",""GetServiceTemplateMajorVersion"",""GetServiceTemplateMinorVersion"",""GetServiceTemplateVersion"",""GetTemplateSyncConfig"",""GetTemplateSyncStatus"",""ListComponentOutputs"",""ListComponentProvisionedResources"",""ListComponents"",""ListDeployments"",""ListEnvironmentAccountConnections"",""ListEnvironmentOutputs"",""ListEnvironmentProvisionedResources"",""ListEnvironmentTemplateMajorVersions"",""ListEnvironmentTemplateMinorVersions"",""ListEnvironmentTemplateVersions"",""ListEnvironmentTemplates"",""ListEnvironments"",""ListRepositories"",""ListRepositorySyncDefinitions"",""ListServiceInstanceOutputs"",""ListServiceInstanceProvisionedResources"",""ListServiceInstances"",""ListServicePipelineOutputs"",""ListServicePipelineProvisionedResources"",""ListServiceTemplateMajorVersions"",""ListServiceTemplateMinorVersions"",""ListServiceTemplateVersions"",""ListServiceTemplates"",""ListServices"",""ListTagsForResource"",""NotifyResourceDeploymentStatusChange"",""RejectEnvironmentAccountConnection"",""TagResource"",""UntagResource"",""UpdateAccountRoles"",""UpdateAccountSettings"",""UpdateComponent"",""UpdateEnvironment"",""UpdateEnvironmentAccountConnection"",""UpdateEnvironmentTemplate"",""UpdateEnvironmentTemplateMajorVersion"",""UpdateEnvironmentTemplateMinorVersion"",""UpdateEnvironmentTemplateVersion"",""UpdateService"",""UpdateServiceInstance"",""UpdateServicePipeline"",""UpdateServiceSyncBlocker"",""UpdateServiceSyncConfig"",""UpdateServiceTemplate"",""UpdateServiceTemplateMajorVersion"",""UpdateServiceTemplateMinorVersion"",""UpdateServiceTemplateVersion"",""UpdateTemplateSyncConfig""]","arn:aws:proton:${Region}:${Account}:${ResourceType}/${ResourceName}","^arn:aws:proton:.+:.+:.+","[""aws:RequestTag/${TagKey}"",""aws:ResourceTag/${TagKey}"",""aws:TagKeys"",""proton:EnvironmentTemplate"",""proton:ServiceTemplate""]","True","https://docs.aws.amazon.com/service-authorization/latest/reference/list_proton.html"
"purchase-orders","AWS Purchase Orders Console","[""AddPurchaseOrder"",""DeletePurchaseOrder"",""GetConsoleActionSetEnforced"",""GetPurchaseOrder"",""ListPurchaseOrderInvoices"",""ListPurchaseOrders"",""ListTagsForResource"",""ModifyPurchaseOrders"",""TagResource"",""UntagResource"",""UpdateConsoleActionSetEnforced"",""UpdatePurchaseOrder"",""UpdatePurchaseOrderStatus"",""ViewPurchaseOrders""]","arn:aws:purchase-orders::${Account}:${ResourceType}/${ResourceName}","^arn:aws:purchase-orders::.+:.+","[""aws:RequestTag/${TagKey}"",""aws:ResourceTag/${TagKey}"",""aws:TagKeys""]","True","https://docs.aws.amazon.com/service-authorization/latest/reference/list_purchase-orders.html"
"rbin","AWS Recycle Bin","[""CreateRule"",""DeleteRule"",""GetRule"",""ListRules"",""ListTagsForResource"",""LockRule"",""TagResource"",""UnlockRule"",""UntagResource"",""UpdateRule""]","arn:aws:rbin:${Region}:${Account}:rule/${ResourceName}","^arn:aws:rbin:.+:.+:.+","[""aws:RequestTag/${TagKey}"",""aws:ResourceTag/${TagKey}"",""aws:TagKeys"",""rbin:Attribute/ResourceType"",""rbin:Request/ResourceType""]","True","https://docs.aws.amazon.com/service-authorization/latest/reference/list_rbin.html"
"eventsbilltoaws","AWS reInvent event pass amount charge to customer AWS account","[""approve"",""info""]","arn:aws:eventsbilltoaws:${Region}:${Account}:${RelativeId}","^arn:aws:eventsbilltoaws:.+","[""aws:RequestTag/${TagKey}"",""aws:ResourceTag/${TagKey}"",""aws:TagKeys""]","True","https://docs.aws.amazon.com/service-authorization/latest/reference/list_eventsbilltoaws.html"
"repostspace","AWS rePost Private","[""BatchAddChannelRoleToAccessors"",""BatchAddRole"",""BatchRemoveChannelRoleFromAccessors"",""BatchRemoveRole"",""CreateChannel"",""CreateSpace"",""DeleteSpace"",""DeregisterAdmin"",""GetChannel"",""GetSpace"",""ListChannels"",""ListSpaces"",""ListTagsForResource"",""RegisterAdmin"",""SendInvites"",""TagResource"",""UntagResource"",""UpdateChannel"",""UpdateSpace""]","arn:aws:repostspace:${Region}:${Account}:${ResourceType}/${ResourceName}","^arn:aws:repostspace:.+:.+:.+","[""aws:RequestTag/${TagKey}"",""aws:ResourceTag/${TagKey}"",""aws:TagKeys""]","True","https://docs.aws.amazon.com/service-authorization/latest/reference/list_repostspace.html"
"resiliencehub","AWS Resilience Hub","[""AcceptResourceGroupingRecommendations"",""AddDraftAppVersionResourceMappings"",""BatchUpdateRecommendationStatus"",""CreateApp"",""CreateAppVersionAppComponent"",""CreateAppVersionResource"",""CreateAssertion"",""CreateInputSource"",""CreatePolicy"",""CreateRecommendationTemplate"",""CreateReport"",""CreateResiliencyPolicy"",""CreateService"",""CreateServiceFunction"",""CreateServiceFunctionResources"",""CreateSystem"",""CreateTest"",""CreateUserJourney"",""DeleteApp"",""DeleteAppAssessment"",""DeleteAppInputSource"",""DeleteAppVersionAppComponent"",""DeleteAppVersionResource"",""DeleteAssertion"",""DeleteInputSource"",""DeletePolicy"",""DeleteRecommendationTemplate"",""DeleteResiliencyPolicy"",""DeleteService"",""DeleteServiceFunction"",""DeleteServiceFunctionResources"",""DeleteSystem"",""DeleteTest"",""DeleteTestSources"",""DeleteUserJourney"",""DescribeApp"",""DescribeAppAssessment"",""DescribeAppVersion"",""DescribeAppVersionAppComponent"",""DescribeAppVersionResource"",""DescribeAppVersionResourcesResolutionStatus"",""DescribeAppVersionTemplate"",""DescribeDraftAppVersionResourcesImportStatus"",""DescribeMetricsExport"",""DescribeResiliencyPolicy"",""DescribeResourceGroupingRecommendationTask"",""GetFailureModeFinding"",""GetPolicy"",""GetService"",""GetSystem"",""GetTest"",""GetTestRun"",""GetTestTemplate"",""GetUserJourney"",""ImportApp"",""ImportPolicy"",""ImportResourcesToDraftAppVersion"",""ListAlarmRecommendations"",""ListAppAssessmentComplianceDrifts"",""ListAppAssessmentResourceDrifts"",""ListAppAssessments"",""ListAppComponentCompliances"",""ListAppComponentRecommendations"",""ListAppInputSources"",""ListAppVersionAppComponents"",""ListAppVersionResourceMappings"",""ListAppVersionResources"",""ListAppVersions"",""ListApps"",""ListAssertions"",""ListDependencies"",""ListFailureModeAssessments"",""ListFailureModeFindings"",""ListInputSources"",""ListMetrics"",""ListPolicies"",""ListRecommendationTemplates"",""ListReports"",""ListResiliencyPolicies"",""ListResolvedTestRunTargetResources"",""ListResourceGroupingRecommendations"",""ListResources"",""ListServiceEvents"",""ListServiceFunctions"",""ListServiceTopologyEdges"",""ListServices"",""ListSopRecommendations"",""ListSuggestedResiliencyPolicies"",""ListSystemEvents"",""ListSystems"",""ListTagsForResource"",""ListTestRecommendations"",""ListTestRunDependencies"",""ListTestRunEvents"",""ListTestRunSourceEvents"",""ListTestRunSources"",""ListTestRuns"",""ListTestSources"",""ListTestTemplates"",""ListTests"",""ListUnsupportedAppVersionResources"",""ListUserJourneys"",""PublishAppVersion"",""PutDraftAppVersionTemplate"",""PutTestSources"",""RejectResourceGroupingRecommendations"",""RemoveDraftAppVersionResourceMappings"",""ResolveAppVersionResources"",""StartAppAssessment"",""StartFailureModeAssessment"",""StartMetricsExport"",""StartResourceGroupingRecommendationTask"",""StartTestRun"",""StopTestRun"",""TagResource"",""UntagResource"",""UpdateApp"",""UpdateAppVersion"",""UpdateAppVersionAppComponent"",""UpdateAppVersionResource"",""UpdateAssertion"",""UpdateDependency"",""UpdateFailureModeFinding"",""UpdatePolicy"",""UpdateResiliencyPolicy"",""UpdateService"",""UpdateServiceFunction"",""UpdateSystem"",""UpdateTest"",""UpdateUserJourney""]","arn:aws:resiliencehub:${Region}:${Account}:${ResourceType}/${ResourceId}","^arn:aws:resiliencehub:.+","[""aws:RequestTag/${TagKey}"",""aws:ResourceTag/${TagKey}"",""aws:TagKeys""]","True","https://docs.aws.amazon.com/service-authorization/latest/reference/list_resilience-hub.html"
"ram","AWS Resource Access Manager (RAM)","[""AcceptResourceShareInvitation"",""AssociateResourceShare"",""AssociateResourceSharePermission"",""CreatePermission"",""CreatePermissionVersion"",""CreateResourceShare"",""DeletePermission"",""DeletePermissionVersion"",""DeleteResourceShare"",""DisassociateResourceShare"",""DisassociateResourceSharePermission"",""EnableSharingWithAwsOrganization"",""GetPermission"",""GetResourcePolicies"",""GetResourceShareAssociations"",""GetResourceShareInvitations"",""GetResourceShares"",""ListPendingInvitationResources"",""ListPermissionAssociations"",""ListPermissionVersions"",""ListPermissions"",""ListPrincipals"",""ListReplacePermissionAssociationsWork"",""ListResourceSharePermissions"",""ListResourceTypes"",""ListResources"",""ListSourceAssociations"",""PromotePermissionCreatedFromPolicy"",""PromoteResourceShareCreatedFromPolicy"",""RejectResourceShareInvitation"",""ReplacePermissionAssociations"",""SetDefaultPermissionVersion"",""TagResource"",""UntagResource"",""UpdateResourceShare""]","arn:aws:ram:${Region}:${Account}:resource-share/${ResourceUUID}","^arn:aws:ram:.+:.+:.+","[""aws:RequestTag/${TagKey}"",""aws:ResourceTag/${TagKey}"",""aws:TagKeys"",""ram:AllowsExternalPrincipals"",""ram:PermissionArn"",""ram:PermissionResourceType"",""ram:Principal"",""ram:RequestedAllowsExternalPrincipals"",""ram:RequestedResourceType"",""ram:ResourceArn"",""ram:ResourceShareName"",""ram:ResourceTag/${TagKey}"",""ram:RetainSharingOnAccountLeaveOrganization"",""ram:ShareOwnerAccountId""]","True","https://docs.aws.amazon.com/service-authorization/latest/reference/list_ram.html"
"resource-explorer-2","AWS Resource Explorer","[""AssociateDefaultView"",""BatchGetView"",""CreateIndex"",""CreateManagedView"",""CreateResourceExplorerSetup"",""CreateStreamingAccessForService"",""CreateView"",""DeleteIndex"",""DeleteResourceExplorerSetup"",""DeleteResourcePolicy"",""DeleteStreamingAccessForService"",""DeleteView"",""DisassociateDefaultView"",""GetAccountLevelServiceConfiguration"",""GetDefaultView"",""GetIndex"",""GetManagedView"",""GetResourceExplorerSetup"",""GetResourcePolicy"",""GetServiceIndex"",""GetServiceView"",""GetView"",""ListIndexes"",""ListIndexesForMembers"",""ListManagedViews"",""ListServiceIndexes"",""ListServiceViews"",""ListStreamingAccessForServices"",""ListSupportedResourceTypes"",""ListTagsForResource"",""ListViews"",""PutResourcePolicy"",""Search"",""TagResource"",""UntagResource"",""UpdateIndexType"",""UpdateView""]","arn:aws:resource-explorer-2:${Region}:${Account}:${ResourceType}/${ResourceIdentifier}","^arn:aws:resource-explorer-2:.+:.+:.+","[""aws:RequestTag/${TagKey}"",""aws:ResourceTag/${TagKey}"",""aws:TagKeys"",""resource-explorer-2:Operation""]","True","https://docs.aws.amazon.com/service-authorization/latest/reference/list_resource-explorer-2.html"
"resource-groups","AWS Resource Groups","[""AssociateResource"",""CancelTagSyncTask"",""CreateGroup"",""DeleteGroup"",""DeleteGroupPolicy"",""DisassociateResource"",""GetAccountSettings"",""GetGroup"",""GetGroupConfiguration"",""GetGroupPolicy"",""GetGroupQuery"",""GetTagSyncTask"",""GetTags"",""GroupResources"",""ListGroupResources"",""ListGroupingStatuses"",""ListGroups"",""ListResourceTypes"",""ListTagSyncTasks"",""PutGroupConfiguration"",""PutGroupPolicy"",""SearchResources"",""StartTagSyncTask"",""Tag"",""UngroupResources"",""Untag"",""UpdateAccountSettings"",""UpdateGroup"",""UpdateGroupQuery""]","arn:aws:resource-groups:${Region}:${Account}:${ResourceType}/${ResourceName}","^arn:aws:resource-groups:.+","[""aws:RequestTag/${TagKey}"",""aws:ResourceTag/${TagKey}"",""aws:TagKeys""]","True","https://docs.aws.amazon.com/service-authorization/latest/reference/list_resource-groups.html"
"robomaker","AWS RoboMaker","[""BatchDeleteWorlds"",""BatchDescribeSimulationJob"",""CancelDeploymentJob"",""CancelSimulationJob"",""CancelSimulationJobBatch"",""CancelWorldExportJob"",""CancelWorldGenerationJob"",""CreateDeploymentJob"",""CreateFleet"",""CreateRobot"",""CreateRobotApplication"",""CreateRobotApplicationVersion"",""CreateSimulationApplication"",""CreateSimulationApplicationVersion"",""CreateSimulationJob"",""CreateWorldExportJob"",""CreateWorldGenerationJob"",""CreateWorldTemplate"",""DeleteFleet"",""DeleteRobot"",""DeleteRobotApplication"",""DeleteSimulationApplication"",""DeleteWorldTemplate"",""DeregisterRobot"",""DescribeDeploymentJob"",""DescribeFleet"",""DescribeRobot"",""DescribeRobotApplication"",""DescribeSimulationApplication"",""DescribeSimulationJob"",""DescribeSimulationJobBatch"",""DescribeWorld"",""DescribeWorldExportJob"",""DescribeWorldGenerationJob"",""DescribeWorldTemplate"",""GetWorldTemplateBody"",""ListDeploymentJobs"",""ListFleets"",""ListRobotApplications"",""ListRobots"",""ListSimulationApplications"",""ListSimulationJobBatches"",""ListSimulationJobs"",""ListSupportedAvailabilityZones"",""ListTagsForResource"",""ListWorldExportJobs"",""ListWorldGenerationJobs"",""ListWorldTemplates"",""ListWorlds"",""RegisterRobot"",""RestartSimulationJob"",""StartSimulationJobBatch"",""SyncDeploymentJob"",""TagResource"",""UntagResource"",""UpdateRobotApplication"",""UpdateRobotDeployment"",""UpdateSimulationApplication"",""UpdateWorldTemplate""]","arn:aws:robomaker:${Region}:${AccountId}:${ResourceType}/${ResourceName}","^arn:aws:robomaker:.+:.+:.+","[""aws:RequestTag/${TagKey}"",""aws:ResourceTag/${TagKey}"",""aws:TagKeys""]","True","https://docs.aws.amazon.com/service-authorization/latest/reference/list_robomaker.html"
"route53globalresolver","AWS Route53 Global Resolver","[""AllowVendedLogDeliveryForResource"",""AssociateHostedZone"",""BatchCreateFirewallRule"",""BatchDeleteFirewallRule"",""BatchUpdateFirewallRule"",""CreateAccessSource"",""CreateAccessToken"",""CreateDNSView"",""CreateFirewallDomainList"",""CreateFirewallRule"",""CreateGlobalResolver"",""DeleteAccessSource"",""DeleteAccessToken"",""DeleteDNSView"",""DeleteFirewallDomainList"",""DeleteFirewallRule"",""DeleteGlobalResolver"",""DisableDNSView"",""DisassociateHostedZone"",""EnableDNSView"",""GetAccessSource"",""GetAccessToken"",""GetDNSView"",""GetFirewallDomainList"",""GetFirewallRule"",""GetGlobalResolver"",""GetHostedZoneAssociation"",""GetManagedFirewallDomainList"",""ImportFirewallDomains"",""ListAccessSources"",""ListAccessTokens"",""ListDNSViews"",""ListFirewallDomainLists"",""ListFirewallDomains"",""ListFirewallRules"",""ListGlobalResolvers"",""ListHostedZoneAssociations"",""ListManagedFirewallDomainLists"",""ListTagsForResource"",""TagResource"",""UntagResource"",""UpdateAccessSource"",""UpdateAccessToken"",""UpdateDNSView"",""UpdateFirewallDomains"",""UpdateFirewallRule"",""UpdateGlobalResolver"",""UpdateHostedZoneAssociation""]","arn:aws:route53globalresolver::${Account}:${ResourceType}/${ResourceId}","^arn:aws:route53globalresolver::.+:.+","[""aws:RequestTag/${TagKey}"",""aws:ResourceTag/${TagKey}"",""aws:TagKeys""]","True","https://docs.aws.amazon.com/service-authorization/latest/reference/list_route53globalresolver.html"
"rtbfabric","AWS RTB Fabric","[""AcceptLink"",""AssociateCertificate"",""CreateInboundExternalLink"",""CreateLink"",""CreateLinkRoutingRule"",""CreateOutboundExternalLink"",""CreateRequesterGateway"",""CreateResponderGateway"",""DeleteInboundExternalLink"",""DeleteLink"",""DeleteLinkRoutingRule"",""DeleteOutboundExternalLink"",""DeleteRequesterGateway"",""DeleteResponderGateway"",""DisassociateCertificate"",""GetCertificateAssociation"",""GetInboundExternalLink"",""GetLink"",""GetLinkRoutingRule"",""GetOutboundExternalLink"",""GetRequesterGateway"",""GetResponderGateway"",""ListCertificateAssociations"",""ListLinkRoutingRules"",""ListLinks"",""ListRequesterGateways"",""ListResponderGateways"",""ListTagsForResource"",""RejectLink"",""TagResource"",""UntagResource"",""UpdateLink"",""UpdateLinkModuleFlow"",""UpdateLinkRoutingRule"",""UpdateRequesterGateway"",""UpdateResponderGateway""]","arn:aws:rtbfabric:${Region}:${Account}:${ResourceType}/${ResourcePath}","^arn:aws:rtbfabric:.+","[""aws:RequestTag/${TagKey}"",""aws:ResourceTag/${TagKey}"",""aws:TagKeys"",""rtbfabric:InboundExternalLinkGatewayId"",""rtbfabric:InboundExternalLinkLinkId"",""rtbfabric:LinkLinkId"",""rtbfabric:LinkRoutingRuleRuleId"",""rtbfabric:OutboundExternalLinkLinkId"",""rtbfabric:RequesterGatewayGatewayId"",""rtbfabric:ResponderGatewayGatewayId""]","True","https://docs.aws.amazon.com/service-authorization/latest/reference/list_rtbfabric.html"
"savingsplans","AWS Savings Plans","[""CreateSavingsPlan"",""DeleteQueuedSavingsPlan"",""DescribeSavingsPlanRates"",""DescribeSavingsPlans"",""DescribeSavingsPlansOfferingRates"",""DescribeSavingsPlansOfferings"",""ListTagsForResource"",""ReturnSavingsPlan"",""TagResource"",""UntagResource""]","arn:aws:savingsplans::${Account}:${ResourceType}/${ResourcePath}","^arn:aws:savingsplans:.+","[""aws:RequestTag/${TagKey}"",""aws:ResourceTag/${TagKey}"",""aws:TagKeys""]","True","https://docs.aws.amazon.com/service-authorization/latest/reference/list_savingsplans.html"
"secretsmanager","AWS Secrets Manager","[""BatchGetSecretValue"",""CancelRotateSecret"",""CreateSecret"",""DeleteResourcePolicy"",""DeleteSecret"",""DescribeSecret"",""GetRandomPassword"",""GetResourcePolicy"",""GetSecretValue"",""ListSecretVersionIds"",""ListSecrets"",""PutResourcePolicy"",""PutSecretValue"",""RemoveRegionsFromReplication"",""ReplicateSecretToRegions"",""RestoreSecret"",""RotateSecret"",""StopReplicationToReplica"",""TagResource"",""UntagResource"",""UpdateSecret"",""UpdateSecretVersionStage"",""ValidateResourcePolicy""]","arn:aws:secretsmanager:${Region}:${Account}:secret:${SecretId}","^arn:aws:secretsmanager:.+","[""aws:RequestTag/${TagKey}"",""aws:ResourceTag/${TagKey}"",""aws:TagKeys"",""secretsmanager:AddReplicaRegions"",""secretsmanager:BlockPublicPolicy"",""secretsmanager:Description"",""secretsmanager:ExternalSecretRotationRoleArn"",""secretsmanager:ForceDeleteWithoutRecovery"",""secretsmanager:ForceOverwriteReplicaSecret"",""secretsmanager:KmsKeyArn"",""secretsmanager:KmsKeyId"",""secretsmanager:ModifyRotationRules"",""secretsmanager:Name"",""secretsmanager:RecoveryWindowInDays"",""secretsmanager:ResourceTag/tag-key"",""secretsmanager:RotateImmediately"",""secretsmanager:RotationLambdaARN"",""secretsmanager:SecretId"",""secretsmanager:SecretPrimaryRegion"",""secretsmanager:Type"",""secretsmanager:VersionId"",""secretsmanager:VersionStage"",""secretsmanager:resource/AllowRotationLambdaArn"",""secretsmanager:resource/Type""]","True","https://docs.aws.amazon.com/service-authorization/latest/reference/list_secretsmanager.html"
"securityagent","AWS Security Agent","[""AddArtifact"",""BatchCreateSecurityRequirements"",""BatchDeleteCodeReviews"",""BatchDeletePentests"",""BatchDeleteSecurityRequirements"",""BatchDeleteThreatModels"",""BatchDeleteThreats"",""BatchGetAgentSpaces"",""BatchGetArtifactMetadata"",""BatchGetCodeReviewJobTasks"",""BatchGetCodeReviewJobs"",""BatchGetCodeReviews"",""BatchGetFindings"",""BatchGetPentestJobContentMetadata"",""BatchGetPentestJobTasks"",""BatchGetPentestJobs"",""BatchGetPentests"",""BatchGetSecurityRequirements"",""BatchGetTargetDomains"",""BatchGetThreatModelJobTasks"",""BatchGetThreatModelJobs"",""BatchGetThreatModels"",""BatchGetThreats"",""BatchGetValidationRuns"",""BatchUpdateSecurityRequirements"",""CreateAgentSpace"",""CreateApplication"",""CreateCodeReview"",""CreateDesignReview"",""CreateIntegration"",""CreateMembership"",""CreateOneTimeLoginSession"",""CreatePentest"",""CreatePrivateConnection"",""CreateSecurityRequirement"",""CreateSecurityRequirementPack"",""CreateTargetDomain"",""CreateThreat"",""CreateThreatModel"",""DeleteAgentSpace"",""DeleteApplication"",""DeleteArtifact"",""DeleteDesignReview"",""DeleteIntegration"",""DeleteMembership"",""DeletePrivateConnection"",""DeleteSecurityRequirement"",""DeleteSecurityRequirementPack"",""DeleteTargetDomain"",""DescribePrivateConnection"",""GetApplication"",""GetArtifact"",""GetDesignReview"",""GetDesignReviewArtifact"",""GetDesignReviewFeedback"",""GetIntegration"",""GetProviderRegistrationManifest"",""GetSecurityRequirement"",""GetSecurityRequirementPack"",""HandleProviderCallback"",""HandleProviderRegistrationCallback"",""ImportSecurityRequirements"",""InitiateProviderRegistration"",""ListActorMessages"",""ListAgentSpaces"",""ListApplications"",""ListArtifacts"",""ListCodeReviewJobTasks"",""ListCodeReviewJobsForCodeReview"",""ListCodeReviews"",""ListDesignReviewComments"",""ListDesignReviews"",""ListDiscoveredDomains"",""ListDiscoveredEndpoints"",""ListFindings"",""ListIntegratedResources"",""ListIntegrations"",""ListMemberships"",""ListPentestJobTasks"",""ListPentestJobsForPentest"",""ListPentests"",""ListPrivateConnections"",""ListResourcesFromIntegration"",""ListSecurityRequirementPacks"",""ListSecurityRequirements"",""ListTagsForResource"",""ListTargetDomains"",""ListThreatModelJobTasks"",""ListThreatModelJobs"",""ListThreatModels"",""ListThreats"",""PutDesignReviewFeedback"",""StartCodeRemediation"",""StartCodeReviewJob"",""StartPentestJob"",""StartThreatModelJob"",""StartValidationRun"",""StopCodeReviewJob"",""StopPentestJob"",""StopThreatModelJob"",""TagResource"",""ToggleManagedSecurityRequirement"",""UntagResource"",""UpdateAgentSpace"",""UpdateApplication"",""UpdateCodeReview"",""UpdateDiscoveredDomains"",""UpdateFinding"",""UpdateIntegratedResources"",""UpdateIntegration"",""UpdatePentest"",""UpdatePrivateConnectionCertificate"",""UpdateSecurityRequirement"",""UpdateSecurityRequirementPack"",""UpdateTargetDomain"",""UpdateThreat"",""UpdateThreatModel"",""VerifyTargetDomain""]","arn:aws:securityagent:${Region}:${Account}:${ResourceType}","^arn:aws:securityagent:.+:.+:.+","[""aws:RequestTag/${TagKey}"",""aws:ResourceTag/${TagKey}"",""aws:TagKeys""]","True","https://docs.aws.amazon.com/service-authorization/latest/reference/list_securityagent.html"
"securityhub","AWS Security Hub","[""AcceptAdministratorInvitation"",""AcceptInvitation"",""AllowVendedLogDeliveryForResource"",""BatchDeleteAutomationRules"",""BatchDisableStandards"",""BatchEnableStandards"",""BatchGetAutomationRules"",""BatchGetConfigurationPolicyAssociations"",""BatchGetControlEvaluations"",""BatchGetEnabledRegionsV2"",""BatchGetSecurityControls"",""BatchGetStandardsControlAssociations"",""BatchImportFindings"",""BatchUpdateAutomationRules"",""BatchUpdateFindings"",""BatchUpdateStandardsControlAssociations"",""ConnectorRegistrationsV2"",""CreateActionTarget"",""CreateAggregatorV2"",""CreateAutomationRule"",""CreateAutomationRuleV2"",""CreateConfigurationPolicy"",""CreateConnector"",""CreateConnectorV2"",""CreateFindingAggregator"",""CreateInsight"",""CreateMembers"",""CreateTicketV2"",""DeclineInvitations"",""DeleteActionTarget"",""DeleteAggregatorV2"",""DeleteAutomationRuleV2"",""DeleteConfigurationPolicy"",""DeleteConnector"",""DeleteConnectorV2"",""DeleteFindingAggregator"",""DeleteInsight"",""DeleteInvitations"",""DeleteMembers"",""DescribeActionTargets"",""DescribeHub"",""DescribeOrganizationConfiguration"",""DescribeProducts"",""DescribeProductsV2"",""DescribeSecurityHubV2"",""DescribeStandards"",""DescribeStandardsControls"",""DisableImportFindingsForProduct"",""DisableOrganizationAdminAccount"",""DisableSecurityHub"",""DisableSecurityHubFeatureV2"",""DisableSecurityHubV2"",""DisassociateFromAdministratorAccount"",""DisassociateFromMasterAccount"",""DisassociateMembers"",""EnableImportFindingsForProduct"",""EnableOrganizationAdminAccount"",""EnableSecurityHub"",""EnableSecurityHubFeatureV2"",""EnableSecurityHubV2"",""GenerateRecommendedPolicyV2"",""GetAdhocInsightResults"",""GetAdministratorAccount"",""GetAggregatorV2"",""GetAutomationRuleV2"",""GetConfigurationPolicy"",""GetConfigurationPolicyAssociation"",""GetConnector"",""GetConnectorV2"",""GetControlFindingSummary"",""GetCoverageStatisticsV2"",""GetEnabledStandards"",""GetFindingAggregator"",""GetFindingHistory"",""GetFindings"",""GetFindingsTrendsV2"",""GetFreeTrialEndDate"",""GetFreeTrialUsage"",""GetInsightFindingTrend"",""GetInsightResults"",""GetInsights"",""GetInvitationsCount"",""GetMasterAccount"",""GetMembers"",""GetRecommendedPolicyV2"",""GetRemediationsV2"",""GetResourcesStatisticsV2"",""GetResourcesTrendsV2"",""GetResourcesV2"",""GetSecurityControlDefinition"",""GetUsage"",""GetUsageV2"",""InviteMembers"",""ListAccountUsageV2"",""ListAggregatorsV2"",""ListAutomationRules"",""ListAutomationRulesV2"",""ListConfigurationPolicies"",""ListConfigurationPolicyAssociations"",""ListConnectors"",""ListConnectorsV2"",""ListControlEvaluationSummaries"",""ListEnabledProductsForImport"",""ListExposuresByRemediationV2"",""ListFindingAggregators"",""ListFreeTrialStatusesV2"",""ListInvitations"",""ListMembers"",""ListOrganizationAdminAccounts"",""ListSecurityControlDefinitions"",""ListStandardsControlAssociations"",""ListTagsForResource"",""SendFindingEvents"",""SendInsightEvents"",""StartConfigurationPolicyAssociation"",""StartConfigurationPolicyDisassociation"",""TagResource"",""UntagResource"",""UpdateActionTarget"",""UpdateAggregatorV2"",""UpdateAutomationRuleV2"",""UpdateConfigurationPolicy"",""UpdateConnector"",""UpdateConnectorV2"",""UpdateFindingAggregator"",""UpdateFindings"",""UpdateInsight"",""UpdateOrganizationConfiguration"",""UpdateSecurityControl"",""UpdateSecurityHubConfiguration"",""UpdateStandardsControl""]","arn:aws:securityhub:${Region}:${Account}:.+","^arn:aws:securityhub:.+","[""aws:RequestTag/${TagKey}"",""aws:ResourceTag/${TagKey}"",""aws:TagKeys"",""securityhub:ASFFSyntaxPath/${ASFFSyntaxPath}"",""securityhub:OCSFSyntaxPath/${OCSFSyntaxPath}"",""securityhub:TargetAccount""]","True","https://docs.aws.amazon.com/service-authorization/latest/reference/list_securityhub.html"
"security-ir","AWS Security Incident Response","[""BatchGetMemberAccountDetails"",""CancelMembership"",""CloseCase"",""CreateCase"",""CreateCaseComment"",""CreateMembership"",""GetCase"",""GetCaseAttachmentDownloadUrl"",""GetCaseAttachmentUploadUrl"",""GetMembership"",""ListCaseEdits"",""ListCases"",""ListComments"",""ListInvestigations"",""ListMemberships"",""ListTagsForResource"",""SendFeedback"",""TagResource"",""UntagResource"",""UpdateCase"",""UpdateCaseComment"",""UpdateCaseStatus"",""UpdateMembership"",""UpdateResolverType""]","arn:aws:security-ir:${Region}:${Account}:${ResourceType}/${ResourcePath}","^arn:aws:security-ir:.+:.+:.+","[""aws:RequestTag/${TagKey}"",""aws:ResourceTag/${TagKey}"",""aws:TagKeys""]","True","https://docs.aws.amazon.com/service-authorization/latest/reference/list_security-ir.html"
"sts","AWS Security Token Service","[""AssumeRole"",""AssumeRoleWithSAML"",""AssumeRoleWithWebIdentity"",""AssumeRoot"",""DecodeAuthorizationMessage"",""GetAccessKeyInfo"",""GetCallerIdentity"",""GetDelegatedAccessToken"",""GetFederationToken"",""GetServiceBearerToken"",""GetSessionToken"",""GetWebIdentityToken"",""SetContext"",""SetSourceIdentity"",""TagGetWebIdentityToken"",""TagSession""]","arn:aws:iam::${Account}:${RelativeId}","^arn:aws:iam::.+","[""accounts.google.com:aud"",""accounts.google.com:google/organization_number"",""accounts.google.com:oaud"",""accounts.google.com:sub"",""agent.${Domain}.buildkite.dev:build_branch"",""agent.${Domain}.buildkite.dev:cluster_id"",""agent.${Domain}.buildkite.dev:cluster_name"",""agent.${Domain}.buildkite.dev:organization_id"",""agent.${Domain}.buildkite.dev:organization_slug"",""agent.${Domain}.buildkite.dev:pipeline_id"",""agent.${Domain}.buildkite.dev:pipeline_slug"",""agent.${Domain}.buildkite.site:build_branch"",""agent.${Domain}.buildkite.site:cluster_id"",""agent.${Domain}.buildkite.site:cluster_name"",""agent.${Domain}.buildkite.site:organization_id"",""agent.${Domain}.buildkite.site:organization_slug"",""agent.${Domain}.buildkite.site:pipeline_id"",""agent.${Domain}.buildkite.site:pipeline_slug"",""agent.buildkite.com:build_branch"",""agent.buildkite.com:cluster_id"",""agent.buildkite.com:cluster_name"",""agent.buildkite.com:organization_id"",""agent.buildkite.com:organization_slug"",""agent.buildkite.com:pipeline_id"",""agent.buildkite.com:pipeline_slug"",""aws:RequestTag/${TagKey}"",""aws:ResourceTag/${TagKey}"",""aws:TagKeys"",""cognito-identity.amazonaws.com:amr"",""cognito-identity.amazonaws.com:aud"",""cognito-identity.amazonaws.com:sub"",""github.com/enterprises/${EnterpriseName}:actor"",""github.com/enterprises/${EnterpriseName}:actor_id"",""github.com/enterprises/${EnterpriseName}:enterprise_id"",""github.com/enterprises/${EnterpriseName}:environment"",""github.com/enterprises/${EnterpriseName}:job_workflow_ref"",""github.com/enterprises/${EnterpriseName}:ref"",""github.com/enterprises/${EnterpriseName}:repository"",""github.com/enterprises/${EnterpriseName}:repository_id"",""github.com/enterprises/${EnterpriseName}:repository_owner_id"",""github.com/enterprises/${EnterpriseName}:workflow"",""gitlab.com:namespace_id"",""gitlab.com:pipeline_source"",""gitlab.com:project_id"",""gitlab.com:ref_protected"",""gitlab.com:runner_environment"",""gitlab.com:user_access_level"",""gitlab.com:user_email"",""gitlab.com:user_id"",""gitlab.com:user_login"",""graph.facebook.com:app_id"",""graph.facebook.com:id"",""iam:ResourceTag/${TagKey}"",""idcs-${OciUniqueIdentifier}.identity.oraclecloud.com:rpst_id"",""oidc.circleci.com/org/${OrgId}:oidc.circleci.com/project-id"",""saml:aud"",""saml:cn"",""saml:commonName"",""saml:doc"",""saml:eduorghomepageuri"",""saml:eduorgidentityauthnpolicyuri"",""saml:eduorglegalname"",""saml:eduorgsuperioruri"",""saml:eduorgwhitepagesuri"",""saml:edupersonaffiliation"",""saml:edupersonassurance"",""saml:edupersonentitlement"",""saml:edupersonnickname"",""saml:edupersonorgdn"",""saml:edupersonorgunitdn"",""saml:edupersonprimaryaffiliation"",""saml:edupersonprimaryorgunitdn"",""saml:edupersonprincipalname"",""saml:edupersonscopedaffiliation"",""saml:edupersontargetedid"",""saml:givenName"",""saml:iss"",""saml:mail"",""saml:name"",""saml:namequalifier"",""saml:organizationStatus"",""saml:primaryGroupSID"",""saml:sub"",""saml:sub_type"",""saml:surname"",""saml:uid"",""saml:x500UniqueIdentifier"",""sts:AWSServiceName"",""sts:DurationSeconds"",""sts:ExternalId"",""sts:IdentityTokenAudience"",""sts:RequestContext/${ContextKey}"",""sts:RequestContextProviders"",""sts:RoleAuthorizedByIdp"",""sts:RoleSessionName"",""sts:SigningAlgorithm"",""sts:SourceIdentity"",""sts:TaskPolicyArn"",""sts:TransitiveTagKeys"",""token.actions.${Domain}.ghe.com:actor"",""token.actions.${Domain}.ghe.com:actor_id"",""token.actions.${Domain}.ghe.com:enterprise_id"",""token.actions.${Domain}.ghe.com:environment"",""token.actions.${Domain}.ghe.com:job_workflow_ref"",""token.actions.${Domain}.ghe.com:ref"",""token.actions.${Domain}.ghe.com:repository"",""token.actions.${Domain}.ghe.com:repository_id"",""token.actions.${Domain}.ghe.com:repository_owner_id"",""token.actions.${Domain}.ghe.com:workflow"",""token.actions.githubusercontent.com/${SubPath}:actor"",""token.actions.githubusercontent.com/${SubPath}:actor_id"",""token.actions.githubusercontent.com/${SubPath}:enterprise_id"",""token.actions.githubusercontent.com/${SubPath}:environment"",""token.actions.githubusercontent.com/${SubPath}:job_workflow_ref"",""token.actions.githubusercontent.com/${SubPath}:ref"",""token.actions.githubusercontent.com/${SubPath}:repository"",""token.actions.githubusercontent.com/${SubPath}:repository_id"",""token.actions.githubusercontent.com/${SubPath}:repository_owner_id"",""token.actions.githubusercontent.com/${SubPath}:workflow"",""token.actions.githubusercontent.com:actor"",""token.actions.githubusercontent.com:actor_id"",""token.actions.githubusercontent.com:enterprise_id"",""token.actions.githubusercontent.com:environment"",""token.actions.githubusercontent.com:job_workflow_ref"",""token.actions.githubusercontent.com:ref"",""token.actions.githubusercontent.com:repository"",""token.actions.githubusercontent.com:repository_id"",""token.actions.githubusercontent.com:repository_owner_id"",""token.actions.githubusercontent.com:workflow"",""www.amazon.com:app_id"",""www.amazon.com:user_id""]","True","https://docs.aws.amazon.com/service-authorization/latest/reference/list_sts.html"
"sms","AWS Server Migration Service","[""CreateApp"",""CreateReplicationJob"",""DeleteApp"",""DeleteAppLaunchConfiguration"",""DeleteAppReplicationConfiguration"",""DeleteAppValidationConfiguration"",""DeleteReplicationJob"",""DeleteServerCatalog"",""DisassociateConnector"",""GenerateChangeSet"",""GenerateTemplate"",""GetApp"",""GetAppLaunchConfiguration"",""GetAppReplicationConfiguration"",""GetAppValidationConfiguration"",""GetAppValidationOutput"",""GetConnectors"",""GetMessages"",""GetReplicationJobs"",""GetReplicationRuns"",""GetServers"",""ImportAppCatalog"",""ImportServerCatalog"",""LaunchApp"",""ListApps"",""NotifyAppValidationOutput"",""PutAppLaunchConfiguration"",""PutAppReplicationConfiguration"",""PutAppValidationConfiguration"",""SendMessage"",""StartAppReplication"",""StartOnDemandAppReplication"",""StartOnDemandReplicationRun"",""StopAppReplication"",""TerminateApp"",""UpdateApp"",""UpdateReplicationJob""]","arn:aws:<serviceName>:<region>:<account-id>:<resource-type>/<resource_name>","^arn:aws:<serviceName>:.+:.+:.+","null","False","https://docs.aws.amazon.com/service-authorization/latest/reference/list_sms.html"
"serverlessrepo","AWS Serverless Application Repository","[""CreateApplication"",""CreateApplicationVersion"",""CreateCloudFormationChangeSet"",""CreateCloudFormationTemplate"",""DeleteApplication"",""GetApplication"",""GetApplicationPolicy"",""GetCloudFormationTemplate"",""ListApplicationDependencies"",""ListApplicationVersions"",""ListApplications"",""PutApplicationPolicy"",""SearchApplications"",""UnshareApplication"",""UpdateApplication""]","arn:aws:serverlessrepo:${Region}:${Account}:${ResourceType}/${ResourceId}","^arn:aws:serverlessrepo:.+:.+:.+","""serverlessrepo:applicationType""","True","https://docs.aws.amazon.com/service-authorization/latest/reference/list_serverlessrepo.html"
"odb","AWS Service - Oracle Database@AWS","[""AcceptMarketplaceRegistration"",""AssociateIamRoleToResource"",""AssociateVirtualMachinesToExadbVmCluster"",""CreateAutonomousDatabase"",""CreateAutonomousDatabaseBackup"",""CreateAutonomousDatabaseWallet"",""CreateCloudAutonomousVmCluster"",""CreateCloudExadataInfrastructure"",""CreateCloudVmCluster"",""CreateDbNode"",""CreateExadbVmCluster"",""CreateExascaleDbStorageVault"",""CreateGrantShare"",""CreateOdbNetwork"",""CreateOdbPeeringConnection"",""CreateOutboundIntegration"",""DeleteAutonomousDatabase"",""DeleteAutonomousDatabaseBackup"",""DeleteCloudAutonomousVmCluster"",""DeleteCloudExadataInfrastructure"",""DeleteCloudVmCluster"",""DeleteDbNode"",""DeleteExadbVmCluster"",""DeleteExascaleDbStorageVault"",""DeleteGrantShare"",""DeleteOdbNetwork"",""DeleteOdbPeeringConnection"",""DeleteResourcePolicy"",""DisassociateIamRoleFromResource"",""DisassociateVirtualMachinesFromExadbVmCluster"",""FailoverAutonomousDatabase"",""GetAutonomousDatabase"",""GetAutonomousDatabaseBackup"",""GetAutonomousDatabaseWalletDetails"",""GetCloudAutonomousVmCluster"",""GetCloudExadataInfrastructure"",""GetCloudExadataInfrastructureUnallocatedResources"",""GetCloudVmCluster"",""GetDbNode"",""GetDbServer"",""GetExadbVmCluster"",""GetExascaleDbStorageVault"",""GetOciOnboardingStatus"",""GetOdbNetwork"",""GetOdbPeeringConnection"",""GetResourcePolicy"",""InitializeService"",""ListAutonomousDatabaseBackups"",""ListAutonomousDatabaseCharacterSets"",""ListAutonomousDatabaseClones"",""ListAutonomousDatabasePeers"",""ListAutonomousDatabaseVersions"",""ListAutonomousDatabases"",""ListAutonomousVirtualMachines"",""ListCloudAutonomousVmClusters"",""ListCloudExadataInfrastructures"",""ListCloudVmClusters"",""ListDbNodes"",""ListDbServers"",""ListDbSystemShapes"",""ListExadbVmClusters"",""ListExascaleDbStorageVaults"",""ListFlexComponents"",""ListGiMinorVersions"",""ListGiVersions"",""ListOdbNetworks"",""ListOdbPeeringConnections"",""ListSystemVersions"",""ListTagsForResource"",""PutResourcePolicy"",""RebootAutonomousDatabase"",""RebootDbNode"",""RestoreAutonomousDatabase"",""ShrinkAutonomousDatabase"",""StartAutonomousDatabase"",""StartDbNode"",""StopAutonomousDatabase"",""StopDbNode"",""SwitchoverAutonomousDatabase"",""TagResource"",""UntagResource"",""UpdateAutonomousDatabase"",""UpdateAutonomousDatabaseBackup"",""UpdateCloudExadataInfrastructure"",""UpdateExadbVmCluster"",""UpdateExascaleDbStorageVault"",""UpdateGrantShare"",""UpdateOdbNetwork"",""UpdateOdbPeeringConnection"",""UpdateOutboundIntegration""]","arn:aws:odb:${Region}:${Account}:${ResourceType}","^arn:aws:odb:.+:.+:.+","[""aws:RequestTag/${TagKey}"",""aws:ResourceTag/${TagKey}"",""aws:TagKeys""]","True","https://docs.aws.amazon.com/service-authorization/latest/reference/list_odb.html"
"servicecatalog","AWS Service Catalog","[""AcceptPortfolioShare"",""AssociateAttributeGroup"",""AssociateBudgetWithResource"",""AssociatePrincipalWithPortfolio"",""AssociateProductWithPortfolio"",""AssociateResource"",""AssociateServiceActionWithProvisioningArtifact"",""AssociateTagOptionWithResource"",""BatchAssociateServiceActionWithProvisioningArtifact"",""BatchDisassociateServiceActionFromProvisioningArtifact"",""CopyProduct"",""CreateApplication"",""CreateAttributeGroup"",""CreateConstraint"",""CreatePortfolio"",""CreatePortfolioShare"",""CreateProduct"",""CreateProvisionedProductPlan"",""CreateProvisioningArtifact"",""CreateServiceAction"",""CreateTagOption"",""DeleteApplication"",""DeleteAttributeGroup"",""DeleteConstraint"",""DeletePortfolio"",""DeletePortfolioShare"",""DeleteProduct"",""DeleteProvisionedProductPlan"",""DeleteProvisioningArtifact"",""DeleteResourcePolicy"",""DeleteServiceAction"",""DeleteTagOption"",""DescribeConstraint"",""DescribeCopyProductStatus"",""DescribePortfolio"",""DescribePortfolioShareStatus"",""DescribePortfolioShares"",""DescribeProduct"",""DescribeProductAsAdmin"",""DescribeProductView"",""DescribeProvisionedProduct"",""DescribeProvisionedProductPlan"",""DescribeProvisioningArtifact"",""DescribeProvisioningParameters"",""DescribeRecord"",""DescribeServiceAction"",""DescribeServiceActionExecutionParameters"",""DescribeTagOption"",""DisableAWSOrganizationsAccess"",""DisassociateAttributeGroup"",""DisassociateBudgetFromResource"",""DisassociatePrincipalFromPortfolio"",""DisassociateProductFromPortfolio"",""DisassociateResource"",""DisassociateServiceActionFromProvisioningArtifact"",""DisassociateTagOptionFromResource"",""EnableAWSOrganizationsAccess"",""ExecuteProvisionedProductPlan"",""ExecuteProvisionedProductServiceAction"",""GetAWSOrganizationsAccessStatus"",""GetApplication"",""GetAssociatedResource"",""GetAttributeGroup"",""GetConfiguration"",""GetProvisionedProductOutputs"",""GetResourcePolicy"",""ImportAsProvisionedProduct"",""ListAcceptedPortfolioShares"",""ListApplications"",""ListAssociatedAttributeGroups"",""ListAssociatedResources"",""ListAttributeGroups"",""ListAttributeGroupsForApplication"",""ListBudgetsForResource"",""ListConstraintsForPortfolio"",""ListLaunchPaths"",""ListOrganizationPortfolioAccess"",""ListPortfolioAccess"",""ListPortfolios"",""ListPortfoliosForProduct"",""ListPrincipalsForPortfolio"",""ListProvisionedProductPlans"",""ListProvisioningArtifacts"",""ListProvisioningArtifactsForServiceAction"",""ListRecordHistory"",""ListResourcesForTagOption"",""ListServiceActions"",""ListServiceActionsForProvisioningArtifact"",""ListStackInstancesForProvisionedProduct"",""ListTagOptions"",""ListTagsForResource"",""NotifyProvisionProductEngineWorkflowResult"",""NotifyTerminateProvisionedProductEngineWorkflowResult"",""NotifyUpdateProvisionedProductEngineWorkflowResult"",""ProvisionProduct"",""PutConfiguration"",""PutResourcePolicy"",""RejectPortfolioShare"",""ScanProvisionedProducts"",""SearchProducts"",""SearchProductsAsAdmin"",""SearchProvisionedProducts"",""SyncResource"",""TagResource"",""TerminateProvisionedProduct"",""UntagResource"",""UpdateApplication"",""UpdateAttributeGroup"",""UpdateConstraint"",""UpdatePortfolio"",""UpdatePortfolioShare"",""UpdateProduct"",""UpdateProvisionedProduct"",""UpdateProvisionedProductProperties"",""UpdateProvisioningArtifact"",""UpdateServiceAction"",""UpdateTagOption""]","arn:aws:(catalog|servicecatalog):${Region}:${Account}:${ResourceType}/${Id}","^arn:aws:(catalog|servicecatalog):.+","[""aws:RequestTag/${TagKey}"",""aws:ResourceTag/${TagKey}"",""aws:TagKeys"",""servicecatalog:Resource"",""servicecatalog:ResourceType"",""servicecatalog:accountLevel"",""servicecatalog:roleLevel"",""servicecatalog:userLevel""]","True","https://docs.aws.amazon.com/service-authorization/latest/reference/list_service-catalog.html"
"private-networks","AWS service providing managed private networks","[""AcknowledgeOrderReceipt"",""ActivateDeviceIdentifier"",""ActivateNetworkSite"",""ConfigureAccessPoint"",""CreateNetwork"",""CreateNetworkSite"",""DeactivateDeviceIdentifier"",""DeleteNetwork"",""DeleteNetworkSite"",""GetDeviceIdentifier"",""GetNetwork"",""GetNetworkResource"",""GetNetworkSite"",""GetOrder"",""ListDeviceIdentifiers"",""ListNetworkResources"",""ListNetworkSites"",""ListNetworks"",""ListOrders"",""ListTagsForResource"",""Ping"",""StartNetworkResourceUpdate"",""TagResource"",""UntagResource"",""UpdateNetworkSite"",""UpdateNetworkSitePlan""]","arn:aws:private-networks:${Region}:${Account}:${RelativeId}","^arn:aws:private-networks:.+","[""aws:RequestTag/${TagKey}"",""aws:ResourceTag/${TagKey}"",""aws:TagKeys""]","True","https://docs.aws.amazon.com/service-authorization/latest/reference/list_private-networks.html"
"shield","AWS Shield","[""AssociateDRTLogBucket"",""AssociateDRTRole"",""AssociateHealthCheck"",""AssociateProactiveEngagementDetails"",""CreateProtection"",""CreateProtectionGroup"",""CreateSubscription"",""DeleteProtection"",""DeleteProtectionGroup"",""DeleteSubscription"",""DescribeAttack"",""DescribeAttackContributors"",""DescribeAttackStatistics"",""DescribeDRTAccess"",""DescribeEmergencyContactSettings"",""DescribeProtection"",""DescribeProtectionGroup"",""DescribeSubscription"",""DisableApplicationLayerAutomaticResponse"",""DisableProactiveEngagement"",""DisassociateDRTLogBucket"",""DisassociateDRTRole"",""DisassociateHealthCheck"",""EnableApplicationLayerAutomaticResponse"",""EnableProactiveEngagement"",""GetGlobalThreatData"",""GetSubscriptionState"",""ListAttacks"",""ListMitigations"",""ListProtectionGroups"",""ListProtections"",""ListResourcesInProtectionGroup"",""ListTagsForResource"",""TagResource"",""UntagResource"",""UpdateApplicationLayerAutomaticResponse"",""UpdateEmergencyContactSettings"",""UpdateProtectionGroup"",""UpdateSubscription""]","arn:aws:shield:${Region}:${Account}:${Resource}/${ResourceId}","^arn:aws:shield:${Region}:[0-9]+:.+/.+","[""aws:RequestTag/${TagKey}"",""aws:ResourceTag/${TagKey}"",""aws:TagKeys""]","True","https://docs.aws.amazon.com/service-authorization/latest/reference/list_shield.html"
"network-security-director","AWS Shield network security director","[""GetFinding"",""GetResource"",""ListAccountSummaries"",""ListFindings"",""ListInsights"",""ListRemediations"",""ListResources"",""UpdateFinding""]","arn:${Partition}:network-security-director:${Region}:${Account}:${ResourceType}","^arn:${Partition}:network-security-director:.+:.+:.+","null","False","https://docs.aws.amazon.com/service-authorization/latest/reference/list_network-security-director.html"
"signer","AWS Signer","[""AddProfilePermission"",""CancelSigningProfile"",""DescribeSigningJob"",""GetRevocationStatus"",""GetSigningPlatform"",""GetSigningProfile"",""ListProfilePermissions"",""ListSigningJobs"",""ListSigningPlatforms"",""ListSigningProfiles"",""ListTagsForResource"",""PutSigningProfile"",""RemoveProfilePermission"",""RevokeSignature"",""RevokeSigningProfile"",""SignPayload"",""StartSigningJob"",""TagResource"",""UntagResource""]","arn:aws:signer:${Region}:${Account}:/${ResourceType}/${ResourceIdentifier}","^arn:aws:signer:.+","[""aws:RequestTag/${TagKey}"",""aws:ResourceTag/${TagKey}"",""aws:TagKeys"",""signer:ProfileVersion""]","True","https://docs.aws.amazon.com/service-authorization/latest/reference/list_signer.html"
"signin","AWS Signin","[""Authenticate"",""AuthorizeOAuth2Access"",""CreateAccount"",""CreateOAuth2PublicClient"",""CreateOAuth2Token"",""CreateTrustedIdentityPropagationApplicationForConsole"",""DeleteConsoleAuthorizationConfiguration"",""DeleteResourcePermissionStatement"",""GetConsoleAuthorizationConfiguration"",""GetResourcePolicy"",""IntrospectOAuth2Token"",""ListResourcePermissionStatements"",""ListTrustedIdentityPropagationApplicationsForConsole"",""PutConsoleAuthorizationConfiguration"",""PutResourcePermissionStatement"",""RevokeOAuth2Token""]","arn:aws:signin:${Region}:${Account}:${ResourceType}/${ResourceId}","^arn:aws:signin:.+","[""signin:OAuthClientAuthentication"",""signin:OAuthClientId"",""signin:OAuthGrantType"",""signin:OAuthRedirectUri"",""signin:OAuthTokenType"",""signin:PrincipalArn""]","True","https://docs.aws.amazon.com/service-authorization/latest/reference/list_signin.html"
"simspaceweaver","AWS SimSpace Weaver","[""CreateSnapshot"",""DeleteApp"",""DeleteSimulation"",""DescribeApp"",""DescribeSimulation"",""ListApps"",""ListSimulations"",""ListTagsForResource"",""StartApp"",""StartClock"",""StartSimulation"",""StopApp"",""StopClock"",""StopSimulation"",""TagResource"",""UntagResource""]","arn:aws:simspaceweaver:${Region}:${Account}:${ResourceType}/${ResourceId}","^arn:aws:simspaceweaver:.+:.+:.+","[""aws:RequestTag/${TagKey}"",""aws:ResourceTag/${TagKey}"",""aws:TagKeys""]","True","https://docs.aws.amazon.com/service-authorization/latest/reference/list_simspaceweaver.html"
"snow-device-management","AWS Snow Device Management","[""CancelTask"",""CreateTask"",""DescribeDevice"",""DescribeDeviceEc2Instances"",""DescribeExecution"",""DescribeTask"",""ListDeviceResources"",""ListDevices"",""ListExecutions"",""ListTagsForResource"",""ListTasks"",""TagResource"",""UntagResource""]","arn:aws:snow-device-management:${Region}:${Account}:${ResourceType}/${ResourceName}","^arn:aws:snow-device-management:.+:.+:.+/.+","[""aws:RequestTag/${TagKey}"",""aws:ResourceTag/${TagKey}"",""aws:TagKeys""]","True","https://docs.aws.amazon.com/service-authorization/latest/reference/list_snow-device-management.html"
"snowball","AWS Snowball","[""CancelCluster"",""CancelJob"",""CreateAddress"",""CreateCluster"",""CreateJob"",""CreateLongTermPricing"",""CreateReturnShippingLabel"",""DescribeAddress"",""DescribeAddresses"",""DescribeCluster"",""DescribeJob"",""DescribeReturnShippingLabel"",""GetJobManifest"",""GetJobUnlockCode"",""GetSnowballUsage"",""GetSoftwareUpdates"",""ListClusterJobs"",""ListClusters"",""ListCompatibleImages"",""ListJobs"",""ListLongTermPricing"",""ListPickupLocations"",""ListServiceVersions"",""UpdateCluster"",""UpdateJob"",""UpdateJobShipmentState"",""UpdateLongTermPricing""]","","","null","False","https://docs.aws.amazon.com/service-authorization/latest/reference/list_snowball.html"
"sqlworkbench","AWS SQL Workbench","[""AssociateConnectionWithChart"",""AssociateConnectionWithTab"",""AssociateNotebookWithTab"",""AssociateQueryWithTab"",""BatchDeleteFolder"",""BatchGetNotebookCell"",""CreateAccount"",""CreateChart"",""CreateConnection"",""CreateFolder"",""CreateNotebook"",""CreateNotebookCell"",""CreateNotebookFromVersion"",""CreateNotebookVersion"",""CreateSavedQuery"",""DeleteChart"",""DeleteConnection"",""DeleteNotebook"",""DeleteNotebookCell"",""DeleteNotebookVersion"",""DeleteQCustomContext"",""DeleteSavedQuery"",""DeleteSqlGenerationContext"",""DeleteTab"",""DriverExecute"",""DuplicateNotebook"",""ExportNotebook"",""GenerateSession"",""GetAccountInfo"",""GetAccountSettings"",""GetAutocompletionMetadata"",""GetAutocompletionResource"",""GetChart"",""GetConnection"",""GetNotebook"",""GetNotebookVersion"",""GetQCustomContext"",""GetQSqlPromptQuotas"",""GetQSqlRecommendations"",""GetQueryExecutionHistory"",""GetSavedQuery"",""GetSchemaInference"",""GetSqlGenerationContext"",""GetSqlRecommendations"",""GetUserInfo"",""GetUserWorkspaceSettings"",""ImportNotebook"",""ListConnections"",""ListDatabases"",""ListFiles"",""ListNotebookVersions"",""ListNotebooks"",""ListQueryExecutionHistory"",""ListRedshiftClusters"",""ListSampleDatabases"",""ListSavedQueryVersions"",""ListTabs"",""ListTaggedResources"",""ListTagsForResource"",""PassAccountSettings"",""PutQCustomContext"",""PutSqlGenerationContext"",""PutTab"",""PutUserWorkspaceSettings"",""RestoreNotebookVersion"",""TagResource"",""UntagResource"",""UpdateAccountConnectionSettings"",""UpdateAccountExportSettings"",""UpdateAccountGeneralSettings"",""UpdateAccountQSqlSettings"",""UpdateChart"",""UpdateConnection"",""UpdateFileFolder"",""UpdateFolder"",""UpdateNotebook"",""UpdateNotebookCellContent"",""UpdateNotebookCellLayout"",""UpdateSavedQuery""]","arn:aws:sqlworkbench:${Region}:${Account}:${ResourceType}/${ResourceName}","^arn:aws:sqlworkbench:.+:.+:.+","[""aws:RequestTag/${TagKey}"",""aws:ResourceTag/${TagKey}"",""aws:TagKeys""]","True","https://docs.aws.amazon.com/service-authorization/latest/reference/list_sqlworkbench.html"
"startups","AWS Startups","""GetSpendSummary""","arn:${Partition}:startups:${Region}:${Account}:${ResourceType}","^arn:${Partition}:startups:.+:.+:.+","null","False","https://docs.aws.amazon.com/service-authorization/latest/reference/list_startups.html"
"states","AWS Step Functions","[""CreateActivity"",""CreateStateMachine"",""CreateStateMachineAlias"",""DeleteActivity"",""DeleteStateMachine"",""DeleteStateMachineAlias"",""DeleteStateMachineVersion"",""DescribeActivity"",""DescribeExecution"",""DescribeMapRun"",""DescribeStateMachine"",""DescribeStateMachineAlias"",""DescribeStateMachineForExecution"",""GetActivityTask"",""GetExecutionHistory"",""InvokeHTTPEndpoint"",""ListActivities"",""ListExecutions"",""ListMapRuns"",""ListStateMachineAliases"",""ListStateMachineVersions"",""ListStateMachines"",""ListTagsForResource"",""PublishStateMachineVersion"",""RedriveExecution"",""RevealSecrets"",""SendTaskFailure"",""SendTaskHeartbeat"",""SendTaskSuccess"",""StartExecution"",""StartSyncExecution"",""StopExecution"",""TagResource"",""TestState"",""UntagResource"",""UpdateMapRun"",""UpdateStateMachine"",""UpdateStateMachineAlias"",""ValidateStateMachineDefinition""]","arn:aws:states:${Region}:${Account}:${ResourceType}:${ResourceName}","^arn:aws:states:.+","[""aws:RequestTag/${TagKey}"",""aws:ResourceTag/${TagKey}"",""aws:TagKeys"",""states:HTTPEndpoint"",""states:HTTPMethod"",""states:StateMachineQualifier""]","True","https://docs.aws.amazon.com/service-authorization/latest/reference/list_stepfunctions.html"
"storagegateway","AWS Storage Gateway","[""ActivateGateway"",""AddCache"",""AddTagsToResource"",""AddUploadBuffer"",""AddWorkingStorage"",""AssignTapePool"",""AssociateFileSystem"",""AttachVolume"",""BypassGovernanceRetention"",""CancelArchival"",""CancelCacheReport"",""CancelRetrieval"",""CreateCachediSCSIVolume"",""CreateNFSFileShare"",""CreateSMBFileShare"",""CreateSnapshot"",""CreateSnapshotFromVolumeRecoveryPoint"",""CreateStorediSCSIVolume"",""CreateTapePool"",""CreateTapeWithBarcode"",""CreateTapes"",""DeleteAutomaticTapeCreationPolicy"",""DeleteBandwidthRateLimit"",""DeleteCacheReport"",""DeleteChapCredentials"",""DeleteFileShare"",""DeleteGateway"",""DeleteSnapshotSchedule"",""DeleteTape"",""DeleteTapeArchive"",""DeleteTapePool"",""DeleteVolume"",""DescribeAvailabilityMonitorTest"",""DescribeBandwidthRateLimit"",""DescribeBandwidthRateLimitSchedule"",""DescribeCache"",""DescribeCacheReport"",""DescribeCachediSCSIVolumes"",""DescribeChapCredentials"",""DescribeFileSystemAssociations"",""DescribeGatewayInformation"",""DescribeMaintenanceStartTime"",""DescribeNFSFileShares"",""DescribeSMBFileShares"",""DescribeSMBSettings"",""DescribeSnapshotSchedule"",""DescribeStorediSCSIVolumes"",""DescribeTapeArchives"",""DescribeTapeRecoveryPoints"",""DescribeTapes"",""DescribeUploadBuffer"",""DescribeVTLDevices"",""DescribeWorkingStorage"",""DetachVolume"",""DisableGateway"",""DisassociateFileSystem"",""EvictFilesFailingUpload"",""JoinDomain"",""ListAutomaticTapeCreationPolicies"",""ListCacheReports"",""ListFileShares"",""ListFileSystemAssociations"",""ListGateways"",""ListLocalDisks"",""ListTagsForResource"",""ListTapePools"",""ListTapes"",""ListVolumeInitiators"",""ListVolumeRecoveryPoints"",""ListVolumes"",""NotifyWhenUploaded"",""RefreshCache"",""RemoveTagsFromResource"",""ResetCache"",""RetrieveTapeArchive"",""RetrieveTapeRecoveryPoint"",""SetLocalConsolePassword"",""SetSMBGuestPassword"",""ShutdownGateway"",""StartAvailabilityMonitorTest"",""StartCacheReport"",""StartGateway"",""UpdateAutomaticTapeCreationPolicy"",""UpdateBandwidthRateLimit"",""UpdateBandwidthRateLimitSchedule"",""UpdateChapCredentials"",""UpdateFileSystemAssociation"",""UpdateGatewayInformation"",""UpdateGatewaySoftwareNow"",""UpdateMaintenanceStartTime"",""UpdateNFSFileShare"",""UpdateSMBFileShare"",""UpdateSMBFileShareVisibility"",""UpdateSMBLocalGroups"",""UpdateSMBSecurityStrategy"",""UpdateSnapshotSchedule"",""UpdateVTLDeviceType""]","arn:aws:storagegateway:${Region}:${Account}:${ResourceType}/${ResourceName}","^arn:aws:storagegateway:.+","[""aws:RequestTag/${TagKey}"",""aws:ResourceTag/${TagKey}"",""aws:TagKeys""]","True","https://docs.aws.amazon.com/service-authorization/latest/reference/list_storagegateway.html"
"scn","AWS Supply Chain","[""AssignAdminPermissionsToUser"",""CreateBillOfMaterialsImportJob"",""CreateDataIntegrationFlow"",""CreateDataLakeDataset"",""CreateDataLakeNamespace"",""CreateInstance"",""CreateSSOApplication"",""DeleteDataIntegrationFlow"",""DeleteDataLakeDataset"",""DeleteDataLakeNamespace"",""DeleteInstance"",""DeleteSSOApplication"",""DescribeInstance"",""GetBillOfMaterialsImportJob"",""GetDataIntegrationEvent"",""GetDataIntegrationFlow"",""GetDataIntegrationFlowExecution"",""GetDataLakeDataset"",""GetDataLakeNamespace"",""GetInstance"",""ListAdminUsers"",""ListDataIntegrationEvents"",""ListDataIntegrationFlowExecutions"",""ListDataIntegrationFlows"",""ListDataLakeDatasets"",""ListDataLakeNamespaces"",""ListInstances"",""ListTagsForResource"",""RemoveAdminPermissionsForUser"",""SendDataIntegrationEvent"",""TagResource"",""UntagResource"",""UpdateDataIntegrationFlow"",""UpdateDataLakeDataset"",""UpdateDataLakeNamespace"",""UpdateInstance""]","arn:aws:scn:${Region}:${Account}:instance/","^arn:aws:scn:.+","[""aws:RequestTag/${TagKey}"",""aws:ResourceTag/${TagKey}"",""aws:TagKeys""]","True","https://docs.aws.amazon.com/service-authorization/latest/reference/list_supplychain.html"
"support","AWS Support","[""AddAttachmentsToSet"",""AddCommunicationToCase"",""AddRelatedItemToCase"",""CreateCase"",""DescribeAttachment"",""DescribeCaseAttributes"",""DescribeCaseOptions"",""DescribeCases"",""DescribeCommunication"",""DescribeCommunications"",""DescribeCreateCaseOptions"",""DescribeIssueTypes"",""DescribeRelatedItems"",""DescribeServices"",""DescribeSeverityLevels"",""DescribeSupportLevel"",""DescribeSupportedLanguages"",""DescribeTrustedAdvisorCheckRefreshStatuses"",""DescribeTrustedAdvisorCheckResult"",""DescribeTrustedAdvisorCheckSummaries"",""DescribeTrustedAdvisorChecks"",""DisconnectLiveContactForCase"",""DownloadAttachment"",""GetInteraction"",""InitiateCallForCase"",""InitiateChatForCase"",""InitiateLiveContactForCase"",""ListInteractionEntries"",""ListInteractions"",""PutCaseAttributes"",""RateCaseCommunication"",""RefreshTrustedAdvisorCheck"",""ResolveCase"",""ResolveInteraction"",""SearchForCases"",""StartInteraction"",""UpdateCaseSeverity"",""UpdateInteraction"",""UploadAttachment""]","","","null","False","https://docs.aws.amazon.com/service-authorization/latest/reference/list_support.html"
"supportapp","AWS Support App in Slack","[""CreateSlackChannelConfiguration"",""DeleteAccountAlias"",""DeleteSlackChannelConfiguration"",""DeleteSlackWorkspaceConfiguration"",""DescribeSlackChannels"",""GetAccountAlias"",""GetSlackOauthParameters"",""ListSlackChannelConfigurations"",""ListSlackWorkspaceConfigurations"",""PutAccountAlias"",""RedeemSlackOauthCode"",""RegisterSlackWorkspaceForOrganization"",""UpdateSlackChannelConfiguration""]","","","null","False","https://docs.aws.amazon.com/service-authorization/latest/reference/list_support-app.html"
"supportauthz","AWS Support Authorization","[""CreateSupportPermit"",""DeleteSupportPermit"",""GetAction"",""GetSupportPermit"",""ListActions"",""ListSupportPermitRequests"",""ListSupportPermits"",""ListTagsForResource"",""RegisterKey"",""RejectSupportPermitRequest"",""TagResource"",""UntagResource""]","arn:aws:supportauthz:${Region}:${Account}:${ResourceType}/${ResourceId}","^arn:aws:supportauthz:.+:.+:.+","[""aws:RequestTag/${TagKey}"",""aws:ResourceTag/${TagKey}"",""aws:TagKeys""]","True","https://docs.aws.amazon.com/service-authorization/latest/reference/list_supportauthz.html"
"support-console","AWS Support Console","[""CheckSubscription"",""CreateCaseDraft"",""CreateContact"",""DeleteCaseDraft"",""DescribeDynamicHelp"",""GetAccountGovCloudEnabled"",""GetAccountState"",""GetBanner"",""GetCaseDraft"",""GetIssueClassificationPredictions"",""GetIssueTextSummary"",""GetQuestionnaire"",""SaveFeedback""]","arn:${Partition}:support-console:${Region}:${Account}:${ResourceType}","^arn:${Partition}:support-console:.+:.+:.+","null","False","https://docs.aws.amazon.com/service-authorization/latest/reference/list_support-console.html"
"supportplans","AWS Support Plans","[""AcceptSupportAgreement"",""CancelSupportAgreement"",""CreateSupportAgreement"",""CreateSupportPlanSchedule"",""GetSupportAgreement"",""GetSupportPlan"",""GetSupportPlanUpdateStatus"",""ListSupportAgreementRevisions"",""ListSupportAgreements"",""ListSupportPlanModifiers"",""RejectSupportAgreement"",""StartSupportPlanUpdate"",""UpdateSupportAgreement""]","^arn:${Partition}:supportplans::${Account}:${ResourceType}/${ResourcePath}","^arn:${Partition}:supportplans::.+:.+","null","False","https://docs.aws.amazon.com/service-authorization/latest/reference/list_supportplans.html"
"sustainability","AWS Sustainability","[""GetCarbonFootprintSummary"",""GetEstimatedCarbonEmissions"",""GetEstimatedCarbonEmissionsDimensionValues"",""GetEstimatedWaterAllocation"",""GetEstimatedWaterAllocationDimensionValues""]","arn:${Partition}:sustainability:${Region}:${Account}:${ResourceType}/${ResourceName}","^arn:${Partition}:sustainability:.+:.+:.+","null","False","https://docs.aws.amazon.com/service-authorization/latest/reference/list_sustainability.html"
"ssm","AWS Systems Manager","[""AddTagsToResource"",""AssociateOpsItemRelatedItem"",""CancelCommand"",""CancelMaintenanceWindowExecution"",""CreateActivation"",""CreateAssociation"",""CreateAssociationBatch"",""CreateCloudConnector"",""CreateDocument"",""CreateMaintenanceWindow"",""CreateOpsItem"",""CreateOpsMetadata"",""CreatePatchBaseline"",""CreateResourceDataSync"",""DeleteActivation"",""DeleteAssociation"",""DeleteCloudConnector"",""DeleteDocument"",""DeleteInventory"",""DeleteMaintenanceWindow"",""DeleteOpsItem"",""DeleteOpsMetadata"",""DeleteParameter"",""DeleteParameters"",""DeletePatchBaseline"",""DeleteResourceDataSync"",""DeleteResourcePolicy"",""DeregisterManagedInstance"",""DeregisterPatchBaselineForPatchGroup"",""DeregisterTargetFromMaintenanceWindow"",""DeregisterTaskFromMaintenanceWindow"",""DescribeActivations"",""DescribeAssociation"",""DescribeAssociationExecutionTargets"",""DescribeAssociationExecutions"",""DescribeAutomationExecutions"",""DescribeAutomationStepExecutions"",""DescribeAvailablePatches"",""DescribeDocument"",""DescribeDocumentParameters"",""DescribeDocumentPermission"",""DescribeEffectiveInstanceAssociations"",""DescribeEffectivePatchesForPatchBaseline"",""DescribeInstanceAssociationsStatus"",""DescribeInstanceInformation"",""DescribeInstancePatchStates"",""DescribeInstancePatchStatesForPatchGroup"",""DescribeInstancePatches"",""DescribeInstanceProperties"",""DescribeInventoryDeletions"",""DescribeMaintenanceWindowExecutionTaskInvocations"",""DescribeMaintenanceWindowExecutionTasks"",""DescribeMaintenanceWindowExecutions"",""DescribeMaintenanceWindowSchedule"",""DescribeMaintenanceWindowTargets"",""DescribeMaintenanceWindowTasks"",""DescribeMaintenanceWindows"",""DescribeMaintenanceWindowsForTarget"",""DescribeOpsItems"",""DescribeParameters"",""DescribePatchBaselines"",""DescribePatchGroupState"",""DescribePatchGroups"",""DescribePatchProperties"",""DescribeSessions"",""DisassociateOpsItemRelatedItem"",""ExecuteAPI"",""GetAccessToken"",""GetAutomationExecution"",""GetCalendar"",""GetCalendarState"",""GetCloudConnector"",""GetCommandInvocation"",""GetConnectionStatus"",""GetDefaultPatchBaseline"",""GetDeployablePatchSnapshotForInstance"",""GetDocument"",""GetExecutionPreview"",""GetInventory"",""GetInventorySchema"",""GetMaintenanceWindow"",""GetMaintenanceWindowExecution"",""GetMaintenanceWindowExecutionTask"",""GetMaintenanceWindowExecutionTaskInvocation"",""GetMaintenanceWindowTask"",""GetManifest"",""GetOpsItem"",""GetOpsMetadata"",""GetOpsSummary"",""GetParameter"",""GetParameterHistory"",""GetParameters"",""GetParametersByPath"",""GetPatchBaseline"",""GetPatchBaselineForPatchGroup"",""GetResourcePolicies"",""GetServiceSetting"",""LabelParameterVersion"",""ListAssociationVersions"",""ListAssociations"",""ListCloudConnectors"",""ListCommandInvocations"",""ListCommands"",""ListComplianceItems"",""ListComplianceSummaries"",""ListDocumentMetadataHistory"",""ListDocumentVersions"",""ListDocuments"",""ListInstanceAssociations"",""ListInventoryEntries"",""ListNodes"",""ListNodesSummary"",""ListOpsItemEvents"",""ListOpsItemRelatedItems"",""ListOpsMetadata"",""ListResourceComplianceSummaries"",""ListResourceDataSync"",""ListTagsForResource"",""ModifyDocumentPermission"",""PutCalendar"",""PutComplianceItems"",""PutConfigurePackageResult"",""PutInventory"",""PutParameter"",""PutResourcePolicy"",""RegisterDefaultPatchBaseline"",""RegisterManagedInstance"",""RegisterPatchBaselineForPatchGroup"",""RegisterTargetWithMaintenanceWindow"",""RegisterTaskWithMaintenanceWindow"",""RemoveTagsFromResource"",""RequestManagedInstanceRoleToken"",""ResetServiceSetting"",""ResumeSession"",""SendAutomationSignal"",""SendCommand"",""StartAccessRequest"",""StartAssociationsOnce"",""StartAutomationExecution"",""StartChangeRequestExecution"",""StartExecutionPreview"",""StartSession"",""StopAutomationExecution"",""TerminateSession"",""UnlabelParameterVersion"",""UpdateAssociation"",""UpdateAssociationStatus"",""UpdateCloudConnector"",""UpdateDocument"",""UpdateDocumentDefaultVersion"",""UpdateDocumentMetadata"",""UpdateInstanceAssociationStatus"",""UpdateInstanceInformation"",""UpdateMaintenanceWindow"",""UpdateMaintenanceWindowTarget"",""UpdateMaintenanceWindowTask"",""UpdateManagedInstancePublicKey"",""UpdateManagedInstanceRole"",""UpdateOpsItem"",""UpdateOpsMetadata"",""UpdatePatchBaseline"",""UpdateResourceDataSync"",""UpdateServiceSetting"",""ValidateCloudConnector""]","arn:aws:ssm:${Region}:${Account}:${RelativeId}","^arn:aws:(ssm|ec2):.+","[""aws:RequestTag/${TagKey}"",""aws:ResourceTag/${TagKey}"",""aws:TagKeys"",""ec2:SourceInstanceARN"",""ssm:AccessRequestId"",""ssm:AutoApprove"",""ssm:DocumentCategories"",""ssm:DocumentType"",""ssm:DocumentVersion"",""ssm:InventoryTypeName"",""ssm:NodeAccountId"",""ssm:NodeOrgId"",""ssm:Overwrite"",""ssm:Policies"",""ssm:Recursive"",""ssm:SessionDocumentAccessCheck"",""ssm:SourceInstanceARN"",""ssm:SyncType"",""ssm:resourceTag/${TagKey}"",""ssm:resourceTag/aws:ssmmessages:session-id"",""ssm:resourceTag/aws:ssmmessages:target-id"",""ssm:resourceTag/tag-key""]","True","https://docs.aws.amazon.com/service-authorization/latest/reference/list_ssm.html"
"ssm-sap","AWS Systems Manager for SAP","[""BackupDatabase"",""DeleteResourcePermission"",""DeregisterApplication"",""GetApplication"",""GetComponent"",""GetConfigurationCheckOperation"",""GetDatabase"",""GetOperation"",""GetResourcePermission"",""ListApplications"",""ListComponents"",""ListConfigurationCheckDefinitions"",""ListConfigurationCheckOperations"",""ListDatabases"",""ListOperationEvents"",""ListOperations"",""ListSubCheckResults"",""ListSubCheckRuleResults"",""ListTagsForResource"",""PutResourcePermission"",""RegisterApplication"",""RestoreDatabase"",""StartApplication"",""StartApplicationRefresh"",""StartConfigurationChecks"",""StopApplication"",""TagResource"",""UntagResource"",""UpdateApplicationSettings"",""UpdateHANABackupSettings""]","arn:aws:ssm-sap:${Region}:${Account}:${ApplicationType}/${ApplicationId}","^arn:aws:ssm-sap:.+","[""aws:RequestTag/${TagKey}"",""aws:ResourceTag/${TagKey}"",""aws:TagKeys""]","True","https://docs.aws.amazon.com/service-authorization/latest/reference/list_ssm-sap.html"
"ssm-guiconnect","AWS Systems Manager GUI Connect","[""CancelConnection"",""DeleteConnectionRecordingPreferences"",""GetConnection"",""GetConnectionRecordingPreferences"",""ListConnections"",""StartConnection"",""UpdateConnectionRecordingPreferences""]","","","null","False","https://docs.aws.amazon.com/service-authorization/latest/reference/list_ssm-guiconnect.html"
"ssm-incidents","AWS Systems Manager Incident Manager","[""BatchGetIncidentFindings"",""CreateReplicationSet"",""CreateResponsePlan"",""CreateTimelineEvent"",""DeleteIncidentRecord"",""DeleteReplicationSet"",""DeleteResourcePolicy"",""DeleteResponsePlan"",""DeleteTimelineEvent"",""GetIncidentRecord"",""GetReplicationSet"",""GetResourcePolicies"",""GetResponsePlan"",""GetTimelineEvent"",""ListIncidentFindings"",""ListIncidentRecords"",""ListRelatedItems"",""ListReplicationSets"",""ListResponsePlans"",""ListTagsForResource"",""ListTimelineEvents"",""PutResourcePolicy"",""StartIncident"",""TagResource"",""UntagResource"",""UpdateDeletionProtection"",""UpdateIncidentRecord"",""UpdateRelatedItems"",""UpdateReplicationSet"",""UpdateResponsePlan"",""UpdateTimelineEvent""]","arn:aws:ssm-incidents::${Account}:${ResourceType}/${ResourceId}","^arn:aws:ssm-incidents::.+:.+","[""aws:RequestTag/${TagKey}"",""aws:ResourceTag/${TagKey}"",""aws:TagKeys""]","True","https://docs.aws.amazon.com/service-authorization/latest/reference/list_ssm-incidents.html"
"ssm-contacts","AWS Systems Manager Incident Manager Contacts","[""AcceptPage"",""ActivateContactChannel"",""AssociateContact"",""CreateContact"",""CreateContactChannel"",""CreateRotation"",""CreateRotationOverride"",""DeactivateContactChannel"",""DeleteContact"",""DeleteContactChannel"",""DeleteRotation"",""DeleteRotationOverride"",""DescribeEngagement"",""DescribePage"",""GetContact"",""GetContactChannel"",""GetContactPolicy"",""GetRotation"",""GetRotationOverride"",""ListContactChannels"",""ListContacts"",""ListEngagements"",""ListPageReceipts"",""ListPageResolutions"",""ListPagesByContact"",""ListPagesByEngagement"",""ListPreviewRotationShifts"",""ListRotationOverrides"",""ListRotationShifts"",""ListRotations"",""ListTagsForResource"",""PutContactPolicy"",""SendActivationCode"",""StartEngagement"",""StopEngagement"",""TagResource"",""UntagResource"",""UpdateContact"",""UpdateContactChannel"",""UpdateRotation""]","arn:aws:ssm-contacts:${Region}:${Account}:${ResourceType}/${ResourceId}","^arn:aws:ssm-contacts:.+","[""aws:RequestTag/${TagKey}"",""aws:ResourceTag/${TagKey}"",""aws:TagKeys""]","True","https://docs.aws.amazon.com/service-authorization/latest/reference/list_ssm-contacts.html"
"ssm-quicksetup","AWS Systems Manager Quick Setup","[""CreateConfigurationManager"",""DeleteConfigurationManager"",""GetConfiguration"",""GetConfigurationManager"",""GetServiceSettings"",""ListConfigurationManagers"",""ListConfigurations"",""ListQuickSetupTypes"",""ListTagsForResource"",""TagResource"",""UntagResource"",""UpdateConfigurationDefinition"",""UpdateConfigurationManager"",""UpdateServiceSettings""]","arn:aws:ssm-quicksetup:${Region}:${Account}:${ResourceType}/${ResourceId}","^arn:aws:ssm-quicksetup:.+","[""aws:RequestTag/${TagKey}"",""aws:ResourceTag/${TagKey}"",""aws:TagKeys""]","True","https://docs.aws.amazon.com/service-authorization/latest/reference/list_ssm-quicksetup.html"
"tax","AWS Tax Settings","[""BatchDeleteTaxRegistration"",""BatchPutTaxRegistration"",""CancelDocument"",""CreateDocument"",""DeleteSupplementalTaxRegistration"",""DeleteTaxRegistration"",""GetDocument"",""GetDocumentUploadUrl"",""GetExemptions"",""GetTaxInfoReportingDocument"",""GetTaxInheritance"",""GetTaxInterview"",""GetTaxRegistration"",""GetTaxRegistrationDocument"",""ListDocuments"",""ListSupplementalTaxRegistrations"",""ListTaxRegistrations"",""ListWithholdingEligibleInvoices"",""PutSupplementalTaxRegistration"",""PutTaxInheritance"",""PutTaxInterview"",""PutTaxRegistration"",""UpdateExemptions""]","","","null","False","https://docs.aws.amazon.com/service-authorization/latest/reference/list_taxsettings.html"
"tnb","AWS Telco Network Builder","[""CancelSolNetworkOperation"",""CreateSolFunctionPackage"",""CreateSolNetworkInstance"",""CreateSolNetworkPackage"",""DeleteSolFunctionPackage"",""DeleteSolNetworkInstance"",""DeleteSolNetworkPackage"",""GetSolFunctionInstance"",""GetSolFunctionPackage"",""GetSolFunctionPackageContent"",""GetSolFunctionPackageDescriptor"",""GetSolNetworkInstance"",""GetSolNetworkOperation"",""GetSolNetworkPackage"",""GetSolNetworkPackageContent"",""GetSolNetworkPackageDescriptor"",""InstantiateSolNetworkInstance"",""ListSolFunctionInstances"",""ListSolFunctionPackages"",""ListSolNetworkInstances"",""ListSolNetworkOperations"",""ListSolNetworkPackages"",""ListTagsForResource"",""PutSolFunctionPackageContent"",""PutSolNetworkPackageContent"",""TagResource"",""TerminateSolNetworkInstance"",""UntagResource"",""UpdateSolFunctionPackage"",""UpdateSolNetworkInstance"",""UpdateSolNetworkPackage"",""ValidateSolFunctionPackageContent"",""ValidateSolNetworkPackageContent""]","arn:aws:tnb:${Region}:${Account}:${RelativeId}","^arn:aws:tnb:.+","[""aws:RequestTag/${TagKey}"",""aws:ResourceTag/${TagKey}"",""aws:TagKeys""]","True","https://docs.aws.amazon.com/service-authorization/latest/reference/list_tnb.html"
"tiros","AWS Tiros","[""CreateQuery"",""ExtendQuery"",""GetQueryAnswer"",""GetQueryExplanation"",""GetQueryExtensionAccounts""]","arn:${Partition}:tiros:${Region}:${Account}:${RelativeId}","^arn:aws:tiros::.+","null","False","https://docs.aws.amazon.com/service-authorization/latest/reference/list_tiros.html"
"transfer","AWS Transfer Family","[""CreateAccess"",""CreateAgreement"",""CreateConnector"",""CreateProfile"",""CreateServer"",""CreateUser"",""CreateWebApp"",""CreateWorkflow"",""DeleteAccess"",""DeleteAgreement"",""DeleteCertificate"",""DeleteConnector"",""DeleteHostKey"",""DeleteProfile"",""DeleteServer"",""DeleteSshPublicKey"",""DeleteUser"",""DeleteWebApp"",""DeleteWebAppCustomization"",""DeleteWorkflow"",""DescribeAccess"",""DescribeAgreement"",""DescribeCertificate"",""DescribeConnector"",""DescribeExecution"",""DescribeHostKey"",""DescribeProfile"",""DescribeSecurityPolicy"",""DescribeServer"",""DescribeUser"",""DescribeWebApp"",""DescribeWebAppCustomization"",""DescribeWorkflow"",""ImportCertificate"",""ImportHostKey"",""ImportSshPublicKey"",""ListAccesses"",""ListAgreements"",""ListCertificates"",""ListConnectors"",""ListExecutions"",""ListFileTransferResults"",""ListHostKeys"",""ListProfiles"",""ListSecurityPolicies"",""ListServers"",""ListTagsForResource"",""ListUsers"",""ListWebApps"",""ListWorkflows"",""SendWorkflowStepState"",""StartDirectoryListing"",""StartFileTransfer"",""StartRemoteDelete"",""StartRemoteMove"",""StartServer"",""StopServer"",""TagResource"",""TestConnection"",""TestIdentityProvider"",""UntagResource"",""UpdateAccess"",""UpdateAgreement"",""UpdateCertificate"",""UpdateConnector"",""UpdateHostKey"",""UpdateProfile"",""UpdateServer"",""UpdateUser"",""UpdateWebApp"",""UpdateWebAppCustomization""]","arn:aws:transfer:${Region}:${Account}:${ResourceType}/${ResourceName}","^arn:aws:transfer:.+:.+:.+","[""aws:RequestTag/${TagKey}"",""aws:ResourceTag/${TagKey}"",""aws:TagKeys"",""transfer:RequestConnectorProtocol"",""transfer:RequestSecurityPolicyName"",""transfer:RequestServerDomain"",""transfer:RequestServerEndpointType"",""transfer:RequestServerProtocols""]","True","https://docs.aws.amazon.com/service-authorization/latest/reference/list_transfer.html"
"transform","AWS Transform","[""AccessTransformProfile"",""AssociateConnectorResource"",""CreateProfile"",""DeleteAgentRuntimeConfiguration"",""DeleteConnector"",""DeleteProfile"",""GetAccountSettings"",""GetAgent"",""GetAgentRuntimeConfiguration"",""GetConnector"",""GetWebAppUrl"",""ListAgents"",""ListConnectors"",""ListProfiles"",""ListTagsForResource"",""PutAgentRuntimeConfiguration"",""RejectConnector"",""TagResource"",""UntagResource"",""UpdateAccountSettings"",""UpdateAgentAccess"",""UpdateProfile""]","arn:aws:transform:${Region}:${Account}:${ResourceType}/${ResourceId}","^arn:aws:transform:.+:.+:.+","[""aws:RequestTag/${TagKey}"",""aws:ResourceTag/${TagKey}"",""aws:TagKeys""]","True","https://docs.aws.amazon.com/service-authorization/latest/reference/list_transform.html"
"transform-custom","AWS Transform custom","[""BatchCreateFindings"",""BatchUpdateFindings"",""CompleteTransformationPackageUpload"",""ConverseStream"",""CreateAnalysis"",""CreateCampaign"",""CreateRemediation"",""CreateRepository"",""CreateSource"",""CreateTransformationPackageUrl"",""DeleteAnalysis"",""DeleteCampaign"",""DeleteFinding"",""DeleteKnowledgeItem"",""DeleteRemediation"",""DeleteRepository"",""DeleteSource"",""DeleteTransformationPackage"",""ExecuteTransformation"",""GetAnalysis"",""GetAnalysisArtifactDownloadUrl"",""GetCampaign"",""GetFinding"",""GetFindingGroups"",""GetKnowledgeItem"",""GetRemediation"",""GetRepository"",""GetSource"",""GetTransformationPackageUrl"",""ListAnalyses"",""ListAnalysisArtifacts"",""ListCampaignRepositories"",""ListCampaigns"",""ListFindings"",""ListKnowledgeItems"",""ListRemediations"",""ListRepositories"",""ListSources"",""ListTagsForResource"",""ListTransformationPackageMetadata"",""ListTransformationPackageShares"",""SendTelemetryEvent"",""ShareTransformationPackage"",""TagResource"",""UnshareTransformationPackage"",""UntagResource"",""UpdateAnalysis"",""UpdateCampaign"",""UpdateCampaignRepositoryStatus"",""UpdateKnowledgeItemConfiguration"",""UpdateKnowledgeItemStatus"",""UpdateRemediation"",""UpdateRepository"",""UpdateSource""]","arn:aws:transform-custom:${Region}:${Account}:${ResourceType}/${ResourceId}","^arn:aws:transform-custom:.+:.+:.+","[""aws:RequestTag/${TagKey}"",""aws:ResourceTag/${TagKey}"",""aws:TagKeys""]","True","https://docs.aws.amazon.com/service-authorization/latest/reference/list_transform-custom.html"
"trustedadvisor","AWS Trusted Advisor","[""BatchUpdateRecommendationResourceExclusion"",""DeleteNotificationConfigurationForDelegatedAdmin"",""DescribeAccount"",""DescribeAccountAccess"",""DescribeCheckItems"",""DescribeCheckRefreshStatuses"",""DescribeCheckStatusHistoryChanges"",""DescribeCheckSummaries"",""DescribeChecks"",""DescribeNotificationConfigurations"",""DescribeNotificationPreferences"",""DescribeOrganization"",""DescribeOrganizationAccounts"",""DescribeReports"",""DescribeRisk"",""DescribeRiskResources"",""DescribeRisks"",""DescribeServiceMetadata"",""DownloadRisk"",""ExcludeCheckItems"",""GenerateReport"",""GetOrganizationRecommendation"",""GetRecommendation"",""IncludeCheckItems"",""ListAccountsForParent"",""ListChecks"",""ListOrganizationRecommendationAccounts"",""ListOrganizationRecommendationResources"",""ListOrganizationRecommendations"",""ListOrganizationalUnitsForParent"",""ListRecommendationResources"",""ListRecommendations"",""ListRecommendationsForResource"",""ListRoots"",""RefreshCheck"",""SetAccountAccess"",""SetOrganizationAccess"",""UpdateNotificationConfigurations"",""UpdateNotificationPreferences"",""UpdateOrganizationRecommendationLifecycle"",""UpdateRecommendationLifecycle"",""UpdateRiskStatus""]","arn:aws:trustedadvisor:${Region}:${Account}:checks/${Category}/${CheckId}","^arn:aws:trustedadvisor:.*","null","True","https://docs.aws.amazon.com/service-authorization/latest/reference/list_trustedadvisor.html"
"uxc","AWS User Experience Customization","[""DeleteAccountColor"",""GetAccountColor"",""GetAccountCustomizations"",""ListServices"",""PutAccountColor"",""UpdateAccountCustomizations""]","arn:${Partition}:uxc:${Region}:${Account}:${ResourceType}","^arn:${Partition}:uxc:.+:.+:.+","null","False","https://docs.aws.amazon.com/service-authorization/latest/reference/list_uxc.html"
"notifications","AWS User Notifications","[""AccessSensitiveEvents"",""AssociateChannel"",""AssociateManagedNotificationAccountContact"",""AssociateManagedNotificationAdditionalChannel"",""AssociateOrganizationalUnit"",""CreateEventRule"",""CreateNotificationConfiguration"",""DeleteEventRule"",""DeleteNotificationConfiguration"",""DeregisterNotificationHub"",""DisableNotificationsAccessForOrganization"",""DisassociateChannel"",""DisassociateManagedNotificationAccountContact"",""DisassociateManagedNotificationAdditionalChannel"",""DisassociateOrganizationalUnit"",""EnableNotificationsAccessForOrganization"",""GetEventRule"",""GetFeatureOptInStatus"",""GetManagedNotificationChildEvent"",""GetManagedNotificationConfiguration"",""GetManagedNotificationEvent"",""GetNotificationConfiguration"",""GetNotificationEvent"",""GetNotificationsAccessForOrganization"",""ListChannels"",""ListEventRules"",""ListManagedNotificationChannelAssociations"",""ListManagedNotificationChildEvents"",""ListManagedNotificationConfigurations"",""ListManagedNotificationEvents"",""ListMemberAccounts"",""ListNotificationConfigurations"",""ListNotificationEvents"",""ListNotificationHubs"",""ListOrganizationalUnits"",""ListTagsForResource"",""PutFeatureOptInStatus"",""RegisterNotificationHub"",""SubscribeSensitiveEvents"",""TagResource"",""UntagResource"",""UpdateEventRule"",""UpdateManagedNotificationChannelAssociation"",""UpdateNotificationConfiguration""]","arn:aws:notifications::${Account}:${ResourceType}/${ResourceId}","^arn:aws:notifications:.*:.+:.+","[""aws:RequestTag/${TagKey}"",""aws:ResourceTag/${TagKey}"",""aws:TagKeys""]","True","https://docs.aws.amazon.com/service-authorization/latest/reference/list_notifications.html"
"notifications-contacts","AWS User Notifications Contacts","[""ActivateEmailContact"",""CreateEmailContact"",""DeleteEmailContact"",""GetEmailContact"",""ListEmailContacts"",""ListTagsForResource"",""SendActivationCode"",""TagResource"",""UntagResource""]","arn:aws:notifications-contacts::${Account}:${ResourceType}/${ResourceId}","^arn:aws:notifications-contacts::.+:.+","[""aws:RequestTag/${TagKey}"",""aws:ResourceTag/${TagKey}"",""aws:TagKeys""]","True","https://docs.aws.amazon.com/service-authorization/latest/reference/list_notificationscontacts.html"
"user-subscriptions","AWS User Subscriptions","[""CancelPurchaseSession"",""ConfirmPurchaseSession"",""CreateClaim"",""CreateClaimAddOn"",""CreatePurchaseSession"",""CreateUpdatePlanPreview"",""DeleteAutoTopUpRule"",""DeleteClaim"",""GetAutoTopUpRule"",""GetCurrentPlanDetails"",""GetEffectiveUsageLimit"",""GetPurchaseSession"",""GetUsageLimitHistory"",""ListApplicationClaims"",""ListClaimAddOns"",""ListClaims"",""ListEntitlements"",""ListUsageLimits"",""ListUserSubscriptions"",""SetAutoTopUpRule"",""SetOverageConfig"",""SetUsageLimit"",""UpdateClaim""]","","","""user-subscriptions:CreateForSelf""","False","https://docs.aws.amazon.com/service-authorization/latest/reference/list_user-subscriptions.html"
"verified-access","AWS Verified Access","""AllowVerifiedAccess""","","","null","False","https://docs.aws.amazon.com/service-authorization/latest/reference/list_verified-access.html"
"waf","AWS WAF","[""CreateByteMatchSet"",""CreateGeoMatchSet"",""CreateIPSet"",""CreateRateBasedRule"",""CreateRegexMatchSet"",""CreateRegexPatternSet"",""CreateRule"",""CreateRuleGroup"",""CreateSizeConstraintSet"",""CreateSqlInjectionMatchSet"",""CreateWebACL"",""CreateWebACLMigrationStack"",""CreateXssMatchSet"",""DeleteByteMatchSet"",""DeleteGeoMatchSet"",""DeleteIPSet"",""DeleteLoggingConfiguration"",""DeletePermissionPolicy"",""DeleteRateBasedRule"",""DeleteRegexMatchSet"",""DeleteRegexPatternSet"",""DeleteRule"",""DeleteRuleGroup"",""DeleteSizeConstraintSet"",""DeleteSqlInjectionMatchSet"",""DeleteWebACL"",""DeleteXssMatchSet"",""GetByteMatchSet"",""GetChangeToken"",""GetChangeTokenStatus"",""GetGeoMatchSet"",""GetIPSet"",""GetLoggingConfiguration"",""GetPermissionPolicy"",""GetRateBasedRule"",""GetRateBasedRuleManagedKeys"",""GetRegexMatchSet"",""GetRegexPatternSet"",""GetRule"",""GetRuleGroup"",""GetSampledRequests"",""GetSizeConstraintSet"",""GetSqlInjectionMatchSet"",""GetWebACL"",""GetXssMatchSet"",""ListActivatedRulesInRuleGroup"",""ListByteMatchSets"",""ListGeoMatchSets"",""ListIPSets"",""ListLoggingConfigurations"",""ListRateBasedRules"",""ListRegexMatchSets"",""ListRegexPatternSets"",""ListRuleGroups"",""ListRules"",""ListSizeConstraintSets"",""ListSqlInjectionMatchSets"",""ListSubscribedRuleGroups"",""ListTagsForResource"",""ListWebACLs"",""ListXssMatchSets"",""PutLoggingConfiguration"",""PutPermissionPolicy"",""TagResource"",""UntagResource"",""UpdateByteMatchSet"",""UpdateGeoMatchSet"",""UpdateIPSet"",""UpdateRateBasedRule"",""UpdateRegexMatchSet"",""UpdateRegexPatternSet"",""UpdateRule"",""UpdateRuleGroup"",""UpdateSizeConstraintSet"",""UpdateSqlInjectionMatchSet"",""UpdateWebACL"",""UpdateXssMatchSet""]","arn:aws:waf::${Account}:${ResourceId}/${Id}","^arn:aws:waf::[0-9]+:.+/.+","[""aws:RequestTag/${TagKey}"",""aws:ResourceTag/${TagKey}"",""aws:TagKeys""]","True","https://docs.aws.amazon.com/service-authorization/latest/reference/list_waf.html"
"waf-regional","AWS WAF Regional","[""AssociateWebACL"",""CreateByteMatchSet"",""CreateGeoMatchSet"",""CreateIPSet"",""CreateRateBasedRule"",""CreateRegexMatchSet"",""CreateRegexPatternSet"",""CreateRule"",""CreateRuleGroup"",""CreateSizeConstraintSet"",""CreateSqlInjectionMatchSet"",""CreateWebACL"",""CreateWebACLMigrationStack"",""CreateXssMatchSet"",""DeleteByteMatchSet"",""DeleteGeoMatchSet"",""DeleteIPSet"",""DeleteLoggingConfiguration"",""DeletePermissionPolicy"",""DeleteRateBasedRule"",""DeleteRegexMatchSet"",""DeleteRegexPatternSet"",""DeleteRule"",""DeleteRuleGroup"",""DeleteSizeConstraintSet"",""DeleteSqlInjectionMatchSet"",""DeleteWebACL"",""DeleteXssMatchSet"",""DisassociateWebACL"",""GetByteMatchSet"",""GetChangeToken"",""GetChangeTokenStatus"",""GetGeoMatchSet"",""GetIPSet"",""GetLoggingConfiguration"",""GetPermissionPolicy"",""GetRateBasedRule"",""GetRateBasedRuleManagedKeys"",""GetRegexMatchSet"",""GetRegexPatternSet"",""GetRule"",""GetRuleGroup"",""GetSampledRequests"",""GetSizeConstraintSet"",""GetSqlInjectionMatchSet"",""GetWebACL"",""GetWebACLForResource"",""GetXssMatchSet"",""ListActivatedRulesInRuleGroup"",""ListByteMatchSets"",""ListGeoMatchSets"",""ListIPSets"",""ListLoggingConfigurations"",""ListRateBasedRules"",""ListRegexMatchSets"",""ListRegexPatternSets"",""ListResourcesForWebACL"",""ListRuleGroups"",""ListRules"",""ListSizeConstraintSets"",""ListSqlInjectionMatchSets"",""ListSubscribedRuleGroups"",""ListTagsForResource"",""ListWebACLs"",""ListXssMatchSets"",""PutLoggingConfiguration"",""PutPermissionPolicy"",""TagResource"",""UntagResource"",""UpdateByteMatchSet"",""UpdateGeoMatchSet"",""UpdateIPSet"",""UpdateRateBasedRule"",""UpdateRegexMatchSet"",""UpdateRegexPatternSet"",""UpdateRule"",""UpdateRuleGroup"",""UpdateSizeConstraintSet"",""UpdateSqlInjectionMatchSet"",""UpdateWebACL"",""UpdateXssMatchSet""]","arn:aws:waf-regional:${Region}:${Account}:${ResourceId}/${Id}","^arn:aws:waf-regional:.+:[0-9]+:.+/.+","[""aws:RequestTag/${TagKey}"",""aws:ResourceTag/${TagKey}"",""aws:TagKeys""]","True","https://docs.aws.amazon.com/service-authorization/latest/reference/list_waf-regional.html"
"wafv2","AWS WAF V2","[""AssociateWebACL"",""CheckCapacity"",""CreateAPIKey"",""CreateIPSet"",""CreateRegexPatternSet"",""CreateRuleGroup"",""CreateWebACL"",""DeleteAPIKey"",""DeleteFirewallManagerRuleGroups"",""DeleteIPSet"",""DeleteLoggingConfiguration"",""DeletePermissionPolicy"",""DeleteRegexPatternSet"",""DeleteRuleGroup"",""DeleteWebACL"",""DescribeAllManagedProducts"",""DescribeManagedProductsByVendor"",""DescribeManagedRuleGroup"",""DisassociateFirewallManager"",""DisassociateWebACL"",""GenerateMobileSdkReleaseUrl"",""GetDecryptedAPIKey"",""GetIPSet"",""GetLoggingConfiguration"",""GetManagedRuleSet"",""GetMobileSdkRelease"",""GetPermissionPolicy"",""GetRateBasedStatementManagedKeys"",""GetRegexPatternSet"",""GetRevenueStatistics"",""GetRevenueStatisticsSummary"",""GetRevenueStatisticsTimeSeries"",""GetRuleGroup"",""GetSampledRequests"",""GetTopPathStatisticsByTraffic"",""GetWebACL"",""GetWebACLForResource"",""ListAPIKeys"",""ListAvailableManagedRuleGroupVersions"",""ListAvailableManagedRuleGroups"",""ListIPSets"",""ListLoggingConfigurations"",""ListManagedRuleSets"",""ListMobileSdkReleases"",""ListRegexPatternSets"",""ListResourcesForWebACL"",""ListRuleGroups"",""ListSettlementRecords"",""ListTagsForResource"",""ListWebACLs"",""PutFirewallManagerRuleGroups"",""PutLoggingConfiguration"",""PutManagedRuleSetVersions"",""PutPermissionPolicy"",""TagResource"",""UntagResource"",""UpdateIPSet"",""UpdateManagedRuleSetVersionExpiryDate"",""UpdateRegexPatternSet"",""UpdateRuleGroup"",""UpdateWebACL"",""ValidateNetworkSecurityManagerRuleConfiguration"",""ValidateNetworkSecurityManagerWebACLConfiguration""]","arn:aws:wafv2:${Region}:${Account}:${Scope}/${ResourceType}/${ResourceName}/${ResourceId}","^arn:aws:wafv2:.+:.+:.+/.+/.+/.+","[""aws:RequestTag/${TagKey}"",""aws:ResourceTag/${TagKey}"",""aws:TagKeys"",""wafv2:LogDestinationResource"",""wafv2:LogScope""]","True","https://docs.aws.amazon.com/service-authorization/latest/reference/list_wafv2.html"
"wellarchitected","AWS Well-Architected Tool","[""AssociateLenses"",""AssociateProfiles"",""ConfigureIntegration"",""CreateAgentContext"",""CreateAgentGoal"",""CreateAgentProfile"",""CreateLensShare"",""CreateLensVersion"",""CreateMilestone"",""CreateProfile"",""CreateProfileShare"",""CreateReviewTemplate"",""CreateTemplateShare"",""CreateWorkload"",""CreateWorkloadShare"",""DeleteAgentContext"",""DeleteAgentGoal"",""DeleteAgentProfile"",""DeleteLens"",""DeleteLensShare"",""DeleteProfile"",""DeleteProfileShare"",""DeleteReviewTemplate"",""DeleteTemplateShare"",""DeleteWorkload"",""DeleteWorkloadShare"",""DisassociateLenses"",""DisassociateProfiles"",""ExportLens"",""GetAgentContext"",""GetAgentGoal"",""GetAgentProfile"",""GetAgentRecommendation"",""GetAgentRecommendationGeneration"",""GetAnswer"",""GetConsolidatedReport"",""GetGlobalSettings"",""GetLens"",""GetLensReview"",""GetLensReviewReport"",""GetLensVersionDifference"",""GetMilestone"",""GetProfile"",""GetProfileTemplate"",""GetReviewTemplate"",""GetReviewTemplateAnswer"",""GetReviewTemplateLensReview"",""GetWorkload"",""ImportLens"",""ListAgentContexts"",""ListAgentGoals"",""ListAgentProfiles"",""ListAgentRecommendationGenerations"",""ListAgentRecommendationItems"",""ListAgentRecommendations"",""ListAnswers"",""ListCheckDetails"",""ListCheckSummaries"",""ListLensReviewImprovements"",""ListLensReviews"",""ListLensShares"",""ListLenses"",""ListMilestones"",""ListNotifications"",""ListProfileNotifications"",""ListProfileShares"",""ListProfiles"",""ListReviewTemplateAnswers"",""ListReviewTemplates"",""ListShareInvitations"",""ListTagsForResource"",""ListTemplateShares"",""ListWorkloadShares"",""ListWorkloads"",""PutAgentRecommendationFeedback"",""StartAgentRecommendationGeneration"",""TagResource"",""UntagResource"",""UpdateAgentContext"",""UpdateAgentGoal"",""UpdateAgentProfile"",""UpdateAgentRecommendationStatus"",""UpdateAnswer"",""UpdateGlobalSettings"",""UpdateIntegration"",""UpdateLensReview"",""UpdateProfile"",""UpdateReviewTemplate"",""UpdateReviewTemplateAnswer"",""UpdateReviewTemplateLensReview"",""UpdateShareInvitation"",""UpdateWorkload"",""UpdateWorkloadShare"",""UpgradeLensReview"",""UpgradeProfileVersion"",""UpgradeReviewTemplateLensReview""]","arn:aws:wellarchitected:${Region}:${Account}:${ResourceName}/${ResourceId}","^arn:aws:wellarchitected:.+","[""aws:RequestTag/${TagKey}"",""aws:ResourceTag/${TagKey}"",""aws:TagKeys"",""wellarchitected:JiraProjectKey""]","True","https://docs.aws.amazon.com/service-authorization/latest/reference/list_wellarchitected.html"
"wickr","AWS Wickr","[""BatchCreateUser"",""BatchDeleteUser"",""BatchLookupUserUname"",""BatchReinviteUser"",""BatchResetDevicesForUser"",""BatchToggleUserSuspendStatus"",""CreateAdminSession"",""CreateBot"",""CreateDataRetentionBot"",""CreateDataRetentionBotChallenge"",""CreateNetwork"",""CreateSecurityGroup"",""DeleteBot"",""DeleteDataRetentionBot"",""DeleteNetwork"",""DeleteSecurityGroup"",""GetBot"",""GetBotsCount"",""GetDataRetentionBot"",""GetGuestUserHistoryCount"",""GetNetwork"",""GetNetworkSettings"",""GetOidcInfo"",""GetOpentdfConfig"",""GetSecurityGroup"",""GetUser"",""GetUsersCount"",""ListBlockedGuestUsers"",""ListBots"",""ListDevicesForUser"",""ListGuestUsers"",""ListNetworks"",""ListSecurityGroupUsers"",""ListSecurityGroups"",""ListTagsForResource"",""ListUsers"",""RegisterOidcConfig"",""RegisterOidcConfigTest"",""RegisterOpentdfConfig"",""TagResource"",""UntagResource"",""UpdateBot"",""UpdateDataRetention"",""UpdateGuestUser"",""UpdateNetworkDetails"",""UpdateNetworkSettings"",""UpdateSecurityGroup"",""UpdateUser""]","arn:aws:wickr:${Region}:${Account}:${ResourceType}/${ResourceId}","^arn:aws:wickr:.+:.+:.+","[""aws:RequestTag/${TagKey}"",""aws:ResourceTag/${TagKey}"",""aws:TagKeys""]","True","https://docs.aws.amazon.com/service-authorization/latest/reference/list_wickr.html"
"workspaces-instances","AWS WorkSpaces Managed Instances","[""AssociateVolume"",""CreateVolume"",""CreateWorkspaceInstance"",""DeleteVolume"",""DeleteWorkspaceInstance"",""DisassociateVolume"",""GetWorkspaceInstance"",""ListInstanceTypes"",""ListRegions"",""ListTagsForResource"",""ListWorkspaceInstances"",""TagResource"",""UntagResource""]","arn:aws:workspaces-instances:${Region}:${Account}:${ResourceType}","^arn:aws:workspaces-instances:.+:.+:.+","[""aws:RequestTag/${TagKey}"",""aws:ResourceTag/${TagKey}"",""aws:TagKeys""]","True","https://docs.aws.amazon.com/service-authorization/latest/reference/list_workspaces-instances.html"
"xray","AWS X-Ray","[""BatchGetTraceSummaryById"",""BatchGetTraces"",""CancelTraceRetrieval"",""CreateGroup"",""CreateSamplingRule"",""DeleteGroup"",""DeleteResourcePolicy"",""DeleteSamplingRule"",""GetDistinctTraceGraphs"",""GetEncryptionConfig"",""GetGroup"",""GetGroups"",""GetIndexingRules"",""GetInsight"",""GetInsightEvents"",""GetInsightImpactGraph"",""GetInsightSummaries"",""GetRetrievedTracesGraph"",""GetSamplingRules"",""GetSamplingStatisticSummaries"",""GetSamplingTargets"",""GetServiceGraph"",""GetTimeSeriesServiceStatistics"",""GetTraceGraph"",""GetTraceSegmentDestination"",""GetTraceSummaries"",""Link"",""ListResourcePolicies"",""ListRetrievedTraces"",""ListTagsForResource"",""PutEncryptionConfig"",""PutResourcePolicy"",""PutSpans"",""PutSpansForIndexing"",""PutTelemetryRecords"",""PutTraceSegments"",""StartTraceRetrieval"",""TagResource"",""UntagResource"",""UpdateGroup"",""UpdateIndexingRule"",""UpdateSamplingRule"",""UpdateTraceSegmentDestination""]","arn:aws:xray:${Region}:${Account}:${ResourceType}/${ResourceId}","^arn:aws:xray:.+","[""aws:RequestTag/${TagKey}"",""aws:ResourceTag/${TagKey}"",""aws:TagKeys"",""logs:LogGeneratingResourceArns"",""xray:ResourcePolicyName"",""xray:TraceSegmentDestination""]","True","https://docs.aws.amazon.com/service-authorization/latest/reference/list_xray.html"
"aws-external-anthropic","Claude Platform on AWS","[""ArchiveAgent"",""ArchiveEnvironment"",""ArchiveMemoryStore"",""ArchiveSession"",""ArchiveVault"",""ArchiveWorkspace"",""AssumeConsole"",""CallWithBearerToken"",""CancelBatchInference"",""CountTokens"",""CreateAgent"",""CreateBatchInference"",""CreateEnvironment"",""CreateFile"",""CreateInference"",""CreateMemoryStore"",""CreateSession"",""CreateSkill"",""CreateUserProfile"",""CreateUserProfileEnrollmentUrl"",""CreateVault"",""CreateWebhook"",""CreateWorkspace"",""DeleteBatchInference"",""DeleteEnvironment"",""DeleteFile"",""DeleteMemoryStore"",""DeleteSession"",""DeleteSkill"",""DeleteVault"",""DeleteWebhook"",""DisableKey"",""GetAccountStatus"",""GetAgent"",""GetBatchInference"",""GetEnvironment"",""GetFile"",""GetKey"",""GetMemoryStore"",""GetModel"",""GetSession"",""GetSkill"",""GetUserProfile"",""GetVault"",""GetWebhook"",""GetWorkspace"",""ListAgents"",""ListBatchInferences"",""ListEnvironments"",""ListFiles"",""ListKeys"",""ListMemoryStores"",""ListModels"",""ListSessions"",""ListSkills"",""ListTagsForResource"",""ListUserProfiles"",""ListVaults"",""ListWebhooks"",""ListWorkspaces"",""ProcessEnvironmentWork"",""RegisterKey"",""RotateWebhookSecret"",""TagResource"",""UntagResource"",""UpdateAgent"",""UpdateEnvironment"",""UpdateKey"",""UpdateMemoryStore"",""UpdateSession"",""UpdateSkill"",""UpdateUserProfile"",""UpdateVault"",""UpdateWebhook"",""UpdateWorkspace""]","arn:aws:aws-external-anthropic:${Region}:${Account}:${ResourceType}/${ResourceName}","^arn:aws:aws-external-anthropic:.+","[""aws-external-anthropic:BearerTokenType"",""aws-external-anthropic:CalledViaConsole"",""aws-external-anthropic:Capability"",""aws-external-anthropic:KeyArn"",""aws:RequestTag/${TagKey}"",""aws:ResourceTag/${TagKey}"",""aws:TagKeys""]","True","https://docs.aws.amazon.com/service-authorization/latest/reference/list_aws-external-anthropic.html"
"dbqms","Database Query Metadata Service","[""CreateFavoriteQuery"",""CreateQueryHistory"",""CreateTab"",""DeleteFavoriteQueries"",""DeleteQueryHistory"",""DeleteTab"",""DescribeFavoriteQueries"",""DescribeQueryHistory"",""DescribeTabs"",""GetQueryString"",""UpdateFavoriteQuery"",""UpdateQueryHistory"",""UpdateTab""]","arn:${Partition}:dbqms::","^arn:${Partition}:dbqms::.+","null","False","https://docs.aws.amazon.com/service-authorization/latest/reference/list_dbqms.html"
"mpa","Multi-party approval","[""CancelSession"",""CreateApprovalTeam"",""CreateIdentitySource"",""DeleteIdentitySource"",""DeleteInactiveApprovalTeamVersion"",""DeleteResourcePolicy"",""GetApprovalTeam"",""GetIdentitySource"",""GetPolicyVersion"",""GetResourcePolicy"",""GetSession"",""ListApprovalTeams"",""ListIdentitySources"",""ListPolicies"",""ListPolicyVersions"",""ListResourcePolicies"",""ListSessions"",""ListTagsForResource"",""PutResourcePolicy"",""StartActiveApprovalTeamDeletion"",""StartApprovalTeamBaseline"",""StartSession"",""TagResource"",""UntagResource"",""UpdateApprovalTeam""]","arn:aws:mpa:${Region}:${Account}:${ResourceType}/${ResourcePath}","^arn:aws:mpa:.+:.+:.+","[""aws:RequestTag/${TagKey}"",""aws:ResourceTag/${TagKey}"",""aws:TagKeys"",""mpa:ProtectedResourceAccount"",""mpa:RequestedOperation""]","True","https://docs.aws.amazon.com/service-authorization/latest/reference/list_mpa.html"
"networkflowmonitor","Network Flow Monitor","[""CreateMonitor"",""CreateScope"",""DeleteMonitor"",""DeleteScope"",""GetMonitor"",""GetQueryResultsMonitorTopContributors"",""GetQueryResultsWorkloadInsightsTopContributors"",""GetQueryResultsWorkloadInsightsTopContributorsData"",""GetQueryStatusMonitorTopContributors"",""GetQueryStatusWorkloadInsightsTopContributors"",""GetQueryStatusWorkloadInsightsTopContributorsData"",""GetScope"",""ListMonitors"",""ListScopes"",""ListTagsForResource"",""Publish"",""StartQueryMonitorTopContributors"",""StartQueryWorkloadInsightsTopContributors"",""StartQueryWorkloadInsightsTopContributorsData"",""StopQueryMonitorTopContributors"",""StopQueryWorkloadInsightsTopContributors"",""StopQueryWorkloadInsightsTopContributorsData"",""TagResource"",""UntagResource"",""UpdateMonitor"",""UpdateScope""]","arn:aws:networkflowmonitor:${Region}:${Account}:${ResourceType}/${ResourcePath}","^arn:aws:networkflowmonitor:.+:.+:.+","[""aws:RequestTag/${TagKey}"",""aws:ResourceTag/${TagKey}"",""aws:TagKeys""]","True","https://docs.aws.amazon.com/service-authorization/latest/reference/list_networkflowmonitor.html"
"servicequotas","Service Quotas","[""AssociateServiceQuotaTemplate"",""CreateSupportCase"",""DeleteServiceQuotaIncreaseRequestFromTemplate"",""DisassociateServiceQuotaTemplate"",""GetAWSDefaultServiceQuota"",""GetAssociationForServiceQuotaTemplate"",""GetAutoManagementConfiguration"",""GetQuotaUtilizationReport"",""GetRequestedServiceQuotaChange"",""GetServiceQuota"",""GetServiceQuotaIncreaseRequestFromTemplate"",""ListAWSDefaultServiceQuotas"",""ListRequestedServiceQuotaChangeHistory"",""ListRequestedServiceQuotaChangeHistoryByQuota"",""ListServiceQuotaIncreaseRequestsInTemplate"",""ListServiceQuotas"",""ListServices"",""ListTagsForResource"",""PutServiceQuotaIncreaseRequestIntoTemplate"",""RequestServiceQuotaIncrease"",""StartAutoManagement"",""StartQuotaUtilizationReport"",""StopAutoManagement"",""TagResource"",""UntagResource"",""UpdateAutoManagement""]","arn:aws:servicequotas:${Region}:${Account}:${ResourceType}/${ResourceName}","^arn:aws:servicequotas:.+","[""aws:RequestTag/${TagKey}"",""aws:ResourceTag/${TagKey}"",""aws:TagKeys"",""servicequotas:service""]","True","https://docs.aws.amazon.com/service-authorization/latest/reference/list_service-quotas.html"
"resource-explorer","Tag Editor","[""ListResourceTypes"",""ListResources"",""ListTags""]","arn:${Partition}:resource-explorer:${Region}:${Account}:${ResourceType}/${ResourceName}","^arn:aws:resource-explorer:.+","null","False","https://docs.aws.amazon.com/service-authorization/latest/reference/list_resource-explorer.html"
